"candidate_id","canonical_name","latitude","longitude","district","categories","source_name","source_record_id","source_url","source_license","duplicate_cluster_id","duplicate_candidate_ids","initial_review_status","final_decision","corrected_name","standardized_categories","second_source_url","verified_by","verified_at","review_notes"
"osm-node-10218042738-ampara","Neelagirihela Ancient Temple","6.8424214","81.7010616","Ampara","historic=ruins","OpenStreetMap","node/10218042738","https://www.openstreetmap.org/node/10218042738","ODbL 1.0","","","unreviewed","","","","","","",""
"osm-node-10811136105-anuradhapura","Isurumuniya Museum","8.3343329","80.3903972","Anuradhapura","tourism=museum","OpenStreetMap","node/10811136105","https://www.openstreetmap.org/node/10811136105","ODbL 1.0","","","unreviewed","","","","","","",""
"osm-node-10705151378-badulla","Glenanore View Point","6.7756248","80.9327181","Badulla","tourism=viewpoint","OpenStreetMap","node/10705151378","https://www.openstreetmap.org/node/10705151378","ODbL 1.0","","","unreviewed","","","","","","",""
"osm-node-11537838643-batticaloa","Thoppigala Heritage Centre","7.8213039","81.3995706","Batticaloa","tourism=museum","OpenStreetMap","node/11537838643","https://www.openstreetmap.org/node/11537838643","ODbL 1.0","","","unreviewed","","","","","","",""
"osm-node-10107520123-colombo","Viharamahadevi Park Aquarium","6.9148992","79.8613636","Colombo","tourism=aquarium","OpenStreetMap","node/10107520123","https://www.openstreetmap.org/node/10107520123","ODbL 1.0","","","unreviewed","","","","","","",""
"wikidata-Q11285386-galle","Ambalangoda Mask Museum","6.24125","80.05075","Galle","museum","Wikidata","Q11285386","https://www.wikidata.org/wiki/Q11285386","CC0 1.0","","","unreviewed","","","","","","",""
"osm-node-1733767869-gampaha","Bothale Walawwa","7.2480909","80.1646273","Gampaha","historic=castle","OpenStreetMap","node/1733767869","https://www.openstreetmap.org/node/1733767869","ODbL 1.0","","","unreviewed","","","","","","",""
"osm-node-12293524549-hambantota","Akasachaithya Ancient Monastery","6.3624298","81.4773567","Hambantota","historic=ruins","OpenStreetMap","node/12293524549","https://www.openstreetmap.org/node/12293524549","ODbL 1.0","","","unreviewed","","","","","","",""
"osm-node-13505046725-jaffna","Giants Footprint","9.5180455","79.6581539","Jaffna","tourism=attraction","OpenStreetMap","node/13505046725","https://www.openstreetmap.org/node/13505046725","ODbL 1.0","","","unreviewed","","","","","","",""
"wikidata-Q19701957-kalutara","Kande Vihara","6.4491111","80.0002778","Kalutara","Buddhist temple","Wikidata","Q19701957","https://www.wikidata.org/wiki/Q19701957","CC0 1.0","","","unreviewed","","","","","","",""
"wikidata-Q20010653-kandy","National Railway Museum, Kadugannawa","7.25761","80.5209","Kandy","railway museum","Wikidata","Q20010653","https://www.wikidata.org/wiki/Q20010653","CC0 1.0","","","unreviewed","","","","","","",""
"wikidata-Q18708387-kegalle","Menikkadawara fort","7.18799","80.251145","Kegalle","military base","Wikidata","Q18708387","https://www.wikidata.org/wiki/Q18708387","CC0 1.0","","","unreviewed","preliminary_keep","","","","IT22224866","2026-08-20T14:28:00+05:30","Recognizable tourism, heritage, religious, or natural POI. Retain as a candidate pending full source-field verification."
"wikidata-Q12986531-kilinochchi","Pooneryn Fort","9.50337","80.212141","Kilinochchi","fort","Wikidata","Q12986531","https://www.wikidata.org/wiki/Q12986531","CC0 1.0","","","unreviewed","","","","","","",""
"wikidata-Q18708347-kurunegala","Arandora fort","7.4697","80.4669","Kurunegala","military base","Wikidata","Q18708347","https://www.wikidata.org/wiki/Q18708347","CC0 1.0","","","unreviewed","preliminary_keep","","","","IT22224866","2026-08-20T14:28:00+05:30","Recognizable tourism, heritage, religious, or natural POI. Retain as a candidate pending full source-field verification."
"wikidata-Q16314732-mannar","Mannar Fort","8.975864","79.917013","Mannar","fort","Wikidata","Q16314732","https://www.wikidata.org/wiki/Q16314732","CC0 1.0","","","unreviewed","","","","","","",""
"wikidata-Q16308678-matale","Matale Muthumariyamman Temple","7.4773","80.6239","Matale","Hindu temple","Wikidata","Q16308678","https://www.wikidata.org/wiki/Q16308678","CC0 1.0","","","unreviewed","","","","","","",""
"wikidata-Q7504067-matara","Shrine of Our Lady of Matara","5.9430625","80.5519375","Matara","shrine","Wikidata","Q7504067","https://www.wikidata.org/wiki/Q7504067","CC0 1.0","","","unreviewed","","","","","","",""
"wikidata-Q16973445-monaragala","Dematamal viharaya","6.7563889","81.2879167","Monaragala","Buddhist temple","Wikidata","Q16973445","https://www.wikidata.org/wiki/Q16973445","CC0 1.0","","","unreviewed","","","","","","",""
"wikidata-Q1146327-nuwara-eliya","Pidurutalagala","7.0008333","80.7738889","Nuwara Eliya","mountain|ultra-prominent peak","Wikidata","Q1146327","https://www.wikidata.org/wiki/Q1146327","CC0 1.0","","","unreviewed","","","","","","",""
"wikidata-Q110300593-polonnaruwa","Unagalawehera Rajamaha Viharaya, Hingurakgoda","8.0136667","80.98975","Polonnaruwa","religious building","Wikidata","Q110300593","https://www.wikidata.org/wiki/Q110300593","CC0 1.0","","","unreviewed","","","","","","",""
"wikidata-Q137177255-puttalam","Anawilundawa Sanctuary","7.7","79.8166667","Puttalam","Ramsar site|bird sanctuary|wildlife refuge","Wikidata","Q137177255","https://www.wikidata.org/wiki/Q137177255","CC0 1.0","","","unreviewed","","","","","","",""
"wikidata-Q18708394-ratnapura","Ratnapura Portuguese fort","6.690866","80.379547","Ratnapura","military base","Wikidata","Q18708394","https://www.wikidata.org/wiki/Q18708394","CC0 1.0","","","unreviewed","preliminary_keep","","","","IT22224866","2026-08-20T14:28:00+05:30","Recognizable tourism, heritage, religious, or natural POI. Retain as a candidate pending full source-field verification."
"wikidata-Q10666450-trincomalee","Seruvila Mangala Raja Maha Viharaya","8.3708333","81.3193889","Trincomalee","Buddhist temple","Wikidata","Q10666450","https://www.wikidata.org/wiki/Q10666450","CC0 1.0","","","unreviewed","","","","","","",""
"wikidata-Q20706644-vavuniya","Archaeological Museum, Vavuniya","8.7585556","80.5000556","Vavuniya","museum","Wikidata","Q20706644","https://www.wikidata.org/wiki/Q20706644","CC0 1.0","","","unreviewed","","","","","","",""
"wikidata-Q12984075-ampara","Thirukkovil Temple","7.13333","81.85","Ampara","Hindu temple","Wikidata","Q12984075","https://www.wikidata.org/wiki/Q12984075","CC0 1.0","","","unreviewed","","","","","","",""
"wikidata-Q126650014-anuradhapura","Ritigala Ancient Buddhist Monastery","8.11834","80.66461","Anuradhapura","archaeological site","Wikidata","Q126650014","https://www.wikidata.org/wiki/Q126650014","CC0 1.0","dup-dc4b67ac07db","osm-node-3723220027-anuradhapura","duplicate_review","duplicate_source","","","","IT22224866","2026-08-20T14:20:15+05:30","Same itinerary POI as osm-node-3723220027-anuradhapura; retained as supporting source evidence."
"wikidata-Q126478517-badulla","Lipton's seat","6.78068","81.0155","Badulla","scenic viewpoint","Wikidata","Q126478517","https://www.wikidata.org/wiki/Q126478517","CC0 1.0","","","unreviewed","","","","","","",""
"wikidata-Q12987006-batticaloa","Batticaloa Museum","7.7115722","81.702175","Batticaloa","museum","Wikidata","Q12987006","https://www.wikidata.org/wiki/Q12987006","CC0 1.0","","","unreviewed","","","","","","",""
"wikidata-Q1492279-colombo","Galle Face Green","6.9265546","79.8435473","Colombo","park","Wikidata","Q1492279","https://www.wikidata.org/wiki/Q1492279","CC0 1.0","","","unreviewed","","","","","","",""
"wikidata-Q24944930-galle","Sunandarama Vihara","6.2341389","80.0570833","Galle","Buddhist temple","Wikidata","Q24944930","https://www.wikidata.org/wiki/Q24944930","CC0 1.0","","","unreviewed","","","","","","",""
"wikidata-Q16643901-gampaha","Henarathgoda Botanical Garden","7.1","79.9861","Gampaha","botanical garden","Wikidata","Q16643901","https://www.wikidata.org/wiki/Q16643901","CC0 1.0","","","unreviewed","","","","","","",""
"wikidata-Q18060537-hambantota","Mirijjawila Botanical Garden","6.12417","81.1225","Hambantota","botanical garden","Wikidata","Q18060537","https://www.wikidata.org/wiki/Q18060537","CC0 1.0","","","unreviewed","","","","","","",""
"wikidata-Q11310066-jaffna","Jaffna Archaeological Museum","9.6688583","80.0242611","Jaffna","museum","Wikidata","Q11310066","https://www.wikidata.org/wiki/Q11310066","CC0 1.0","dup-46341a68e262","osm-relation-12695936-jaffna|osm-way-569288810-jaffna","duplicate_review","duplicate_source","","","","IT22224866","2026-08-20T14:20:15+05:30","Same itinerary POI as osm-relation-12695936-jaffna; retained as supporting source evidence."
"wikidata-Q60754429-kalutara","Brief Garden","6.45717","80.037626","Kalutara","garden","Wikidata","Q60754429","https://www.wikidata.org/wiki/Q60754429","CC0 1.0","","","unreviewed","","","","","","",""
"wikidata-Q25637940-kandy","Gadaladeniya Vihara","7.2573056","80.5560833","Kandy","Buddhist temple","Wikidata","Q25637940","https://www.wikidata.org/wiki/Q25637940","CC0 1.0","","","unreviewed","","","","","","",""
"wikidata-Q18708396-kegalle","Ruwanwella fort","7.045984","80.254049","Kegalle","military base","Wikidata","Q18708396","https://www.wikidata.org/wiki/Q18708396","CC0 1.0","","","unreviewed","preliminary_keep","","","","IT22224866","2026-08-20T14:28:00+05:30","Recognizable tourism, heritage, religious, or natural POI. Retain as a candidate pending full source-field verification."
"wikidata-Q28055651-kurunegala","Ibbagala Raja Maha Vihara","7.4875278","80.3706667","Kurunegala","Buddhist temple","Wikidata","Q28055651","https://www.wikidata.org/wiki/Q28055651","CC0 1.0","","","unreviewed","","","","","","",""
"wikidata-Q18210407-mannar","St. Sebastian's Cathedral, Mannar","8.97947","79.9072","Mannar","cathedral","Wikidata","Q18210407","https://www.wikidata.org/wiki/Q18210407","CC0 1.0","","","unreviewed","","","","","","",""
"wikidata-Q19700397-matale","Aluvihare Rock Temple","7.4971944","80.6218611","Matale","Buddhist temple","Wikidata","Q19700397","https://www.wikidata.org/wiki/Q19700397","CC0 1.0","","","unreviewed","","","","","","",""
"wikidata-Q27441891-monaragala","Kataragama Peak","6.3866667","81.3358333","Monaragala","mountain","Wikidata","Q27441891","https://www.wikidata.org/wiki/Q27441891","CC0 1.0","","","unreviewed","","","","","","",""
"wikidata-Q123684896-nuwara-eliya","Holy Emmanuel Church, Hanguranketha","7.1722655","80.77878","Nuwara Eliya","church building","Wikidata","Q123684896","https://www.wikidata.org/wiki/Q123684896","CC0 1.0","","","unreviewed","","","","","","",""
"wikidata-Q19711952-polonnaruwa","Dimbulagala","7.86","81.1436111","Polonnaruwa","mountain","Wikidata","Q19711952","https://www.wikidata.org/wiki/Q19711952","CC0 1.0","","","unreviewed","","","","","","",""
"wikidata-Q20680188-puttalam","Paramakanda Raja Maha Vihara","7.9166667","80","Puttalam","Buddhist temple","Wikidata","Q20680188","https://www.wikidata.org/wiki/Q20680188","CC0 1.0","","","unreviewed","","","","","","",""
"wikidata-Q19708548-ratnapura","Gongala","6.3858333","80.6538889","Ratnapura","mountain","Wikidata","Q19708548","https://www.wikidata.org/wiki/Q19708548","CC0 1.0","","","unreviewed","","","","","","",""
"wikidata-Q18345172-trincomalee","Gokanna Temple","8.5767778","81.2416111","Trincomalee","Buddhist temple","Wikidata","Q18345172","https://www.wikidata.org/wiki/Q18345172","CC0 1.0","","","unreviewed","","","","","","",""
"osm-node-10243221098-ampara","Kiriwehera Rajamaha Viharaya","6.8697165","81.7195917","Ampara","historic=ruins|amenity=place_of_worship","OpenStreetMap","node/10243221098","https://www.openstreetmap.org/node/10243221098","ODbL 1.0","","","unreviewed","","","","","","",""
"osm-node-10811136107-anuradhapura","Octagonal ruin","8.3401821","80.3895262","Anuradhapura","tourism=attraction","OpenStreetMap","node/10811136107","https://www.openstreetmap.org/node/10811136107","ODbL 1.0","","","unreviewed","","","","","","",""
"osm-node-11425572044-badulla","Slide & swing ella","6.8768528","81.0630019","Badulla","tourism=attraction","OpenStreetMap","node/11425572044","https://www.openstreetmap.org/node/11425572044","ODbL 1.0","","","unreviewed","","","","","","",""
"osm-way-219872503-batticaloa","Batticaloa Fort","7.7118007","81.7019954","Batticaloa","historic=fort","OpenStreetMap","way/219872503","https://www.openstreetmap.org/way/219872503","ODbL 1.0","dup-98f8e72471ed","wikidata-Q1849425-batticaloa","duplicate_review","canonical_keep","Batticaloa Fort","","https://www.wikidata.org/wiki/Q1849425","IT22224866","2026-08-20T14:20:15+05:30","Canonical itinerary POI for this duplicate cluster; related records retained as supporting source evidence."
"osm-node-10107620993-colombo","Sathutu Uyana","6.9603056","79.8649125","Colombo","tourism=attraction","OpenStreetMap","node/10107620993","https://www.openstreetmap.org/node/10107620993","ODbL 1.0","","","unreviewed","","","","","","",""
"wikidata-Q29248261-galle","Sri Pushparama Vihara, Balapitiya","6.2916389","80.0421389","Galle","Buddhist temple","Wikidata","Q29248261","https://www.wikidata.org/wiki/Q29248261","CC0 1.0","","","unreviewed","","","","","","",""
"osm-node-3431856751-gampaha","Highway Entrance Monument","6.9558728","79.8830593","Gampaha","historic=monument","OpenStreetMap","node/3431856751","https://www.openstreetmap.org/node/3431856751","ODbL 1.0","","","unreviewed","","","","","","",""
"osm-node-12310418240-hambantota","Bembewa Archaeological Site","6.2879368","81.3866419","Hambantota","historic=ruins","OpenStreetMap","node/12310418240","https://www.openstreetmap.org/node/12310418240","ODbL 1.0","","","unreviewed","","","","","","",""
"osm-node-1642989153-jaffna","Sakkotei Cape","9.835611","80.2121949","Jaffna","tourism=viewpoint","OpenStreetMap","node/1642989153","https://www.openstreetmap.org/node/1642989153","ODbL 1.0","","","unreviewed","","","","","","",""
"wikidata-Q28015701-kandy","Alawathugoda Saman Devalaya","7.4055833","80.6073889","Kandy","temple","Wikidata","Q28015701","https://www.wikidata.org/wiki/Q28015701","CC0 1.0","","","unreviewed","","","","","","",""
"wikidata-Q19820001-kegalle","Pinnawala Open Zoo","7.30056","80.3883","Kegalle","zoo","Wikidata","Q19820001","https://www.wikidata.org/wiki/Q19820001","CC0 1.0","","","unreviewed","","","","","","",""
"wikidata-Q28694713-kurunegala","Panduwasnuwara Raja Maha Vihara","7.5973056","80.1085556","Kurunegala","Buddhist temple","Wikidata","Q28694713","https://www.wikidata.org/wiki/Q28694713","CC0 1.0","","","unreviewed","","","","","","",""
"wikidata-Q6395391-mannar","Ketheeswaram temple","8.9147222","79.9561111","Mannar","Hindu temple","Wikidata","Q6395391","https://www.wikidata.org/wiki/Q6395391","CC0 1.0","","","unreviewed","","","","","","",""
"wikidata-Q25104534-matale","Sera Ella Falls","7.588304","80.7549405","Matale","waterfall","Wikidata","Q25104534","https://www.wikidata.org/wiki/Q25104534","CC0 1.0","","","unreviewed","","","","","","",""
"wikidata-Q28457340-monaragala","Buddama Raja Maha Vihara","7.0412222","81.489","Monaragala","Buddhist temple","Wikidata","Q28457340","https://www.wikidata.org/wiki/Q28457340","CC0 1.0","","","unreviewed","","","","","","",""
"wikidata-Q19701876-nuwara-eliya","Kadadora Vihara","7.0608333","80.5972222","Nuwara Eliya","Buddhist temple","Wikidata","Q19701876","https://www.wikidata.org/wiki/Q19701876","CC0 1.0","","","unreviewed","","","","","","",""
"wikidata-Q25637764-puttalam","Mulgirigala Raja Maha Vihara","7.9855556","80.0869167","Puttalam","Buddhist temple","Wikidata","Q25637764","https://www.wikidata.org/wiki/Q25637764","CC0 1.0","","","unreviewed","","","","","","",""
"wikidata-Q21707094-ratnapura","Maha Saman Devalaya","6.6911389","80.381","Ratnapura","temple","Wikidata","Q21707094","https://www.wikidata.org/wiki/Q21707094","CC0 1.0","","","unreviewed","","","","","","",""
"wikidata-Q22910742-trincomalee","Velgam Vehera","8.6456667","81.1712222","Trincomalee","Buddhist temple","Wikidata","Q22910742","https://www.wikidata.org/wiki/Q22910742","CC0 1.0","","","unreviewed","","","","","","",""
"wikidata-Q20821270-ampara","Ovagiriya","7.2240556","81.5627222","Ampara","Buddhist temple","Wikidata","Q20821270","https://www.wikidata.org/wiki/Q20821270","CC0 1.0","","","unreviewed","","","","","","",""
"wikidata-Q126650602-anuradhapura","Ritigala Strict Nature Reserve","8.1301","80.6602","Anuradhapura","nature reserve","Wikidata","Q126650602","https://www.wikidata.org/wiki/Q126650602","CC0 1.0","","","unreviewed","","","","","","",""
"wikidata-Q126652119-badulla","Kurullangala Prehistoric Cave Paintings","6.81065","81.0641","Badulla","archaeological site","Wikidata","Q126652119","https://www.wikidata.org/wiki/Q126652119","CC0 1.0","","","unreviewed","","","","","","",""
"wikidata-Q16900587-batticaloa","St. Mary's Cathedral, Batticaloa","6.71246","81.6958","Batticaloa","cathedral","Wikidata","Q16900587","https://www.wikidata.org/wiki/Q16900587","CC0 1.0","","","unreviewed","","","","","","",""
"wikidata-Q16736534-colombo","Wolvendaal Church","6.9421","79.859","Colombo","church building","Wikidata","Q16736534","https://www.wikidata.org/wiki/Q16736534","CC0 1.0","","","unreviewed","","","","","","",""
"wikidata-Q6434031-galle","Kothduwa temple","6.3073167","80.0520556","Galle","Buddhist temple","Wikidata","Q6434031","https://www.wikidata.org/wiki/Q6434031","CC0 1.0","","","unreviewed","","","","","","",""
"wikidata-Q18356982-gampaha","Gampaha Botanical Garden","7.09889","79.9861","Gampaha","botanical garden","Wikidata","Q18356982","https://www.wikidata.org/wiki/Q18356982","CC0 1.0","","","unreviewed","","","","","","",""
"wikidata-Q19719135-hambantota","Yatala Vehera","6.2855556","81.2758333","Hambantota","Buddhist temple","Wikidata","Q19719135","https://www.wikidata.org/wiki/Q19719135","CC0 1.0","dup-99e55b219682","osm-way-403504647-hambantota","duplicate_review","duplicate_source","","","","IT22224866","2026-08-20T14:20:15+05:30","Same itinerary POI as osm-way-403504647-hambantota; retained as supporting source evidence."
"wikidata-Q12973620-jaffna","Fort Hammenheil","9.711696","79.848006","Jaffna","fort","Wikidata","Q12973620","https://www.wikidata.org/wiki/Q12973620","CC0 1.0","","","unreviewed","","","","","","",""
"wikidata-Q3217592-kandy","Lankatilaka Vihara","7.23388","80.5647","Kandy","Buddhist temple","Wikidata","Q3217592","https://www.wikidata.org/wiki/Q3217592","CC0 1.0","","","unreviewed","","","","","","",""
"wikidata-Q30622076-kegalle","Beligammana Raja Maha Vihara","7.2501389","80.4545","Kegalle","Buddhist temple","Wikidata","Q30622076","https://www.wikidata.org/wiki/Q30622076","CC0 1.0","","","unreviewed","","","","","","",""
"wikidata-Q29579545-kurunegala","Nikasala Aranya Senasanaya","7.5778611","80.1241389","Kurunegala","Buddhist temple","Wikidata","Q29579545","https://www.wikidata.org/wiki/Q29579545","CC0 1.0","","","unreviewed","","","","","","",""
"wikidata-Q97354617-mannar","Vankalai Sanctuary","8.9333333","79.9166667","Mannar","bird sanctuary|wildlife refuge","Wikidata","Q97354617","https://www.wikidata.org/wiki/Q97354617","CC0 1.0","","","unreviewed","","","","","","",""
"wikidata-Q272153-matale","Sigiriya","7.9569444","80.7597222","Matale","human settlement","Wikidata","Q272153","https://www.wikidata.org/wiki/Q272153","CC0 1.0","","","unreviewed","preliminary_keep","","","","IT22224866","2026-08-20T14:28:00+05:30","Recognizable tourism, heritage, religious, or natural POI. Retain as a candidate pending full source-field verification."
"wikidata-Q2927591-monaragala","Buduruvagala","6.6870222","81.0783806","Monaragala","Buddhist temple","Wikidata","Q2927591","https://www.wikidata.org/wiki/Q2927591","CC0 1.0","","","unreviewed","","","","","","",""
"wikidata-Q19710937-nuwara-eliya","Dunsinane Falls","7.0117222","80.7056667","Nuwara Eliya","waterfall","Wikidata","Q19710937","https://www.wikidata.org/wiki/Q19710937","CC0 1.0","","","unreviewed","","","","","","",""
"wikidata-Q6936796-puttalam","Munneswaram temple","7.5807778","79.8166722","Puttalam","temple","Wikidata","Q6936796","https://www.wikidata.org/wiki/Q6936796","CC0 1.0","","","unreviewed","","","","","","",""
"wikidata-Q23010020-ratnapura","Delgamuwa Raja Maha Vihara","6.7758611","80.3563333","Ratnapura","Buddhist temple","Wikidata","Q23010020","https://www.wikidata.org/wiki/Q23010020","CC0 1.0","","","unreviewed","","","","","","",""
"wikidata-Q26218750-trincomalee","Maritime and Naval History Museum","8.5698056","81.2374444","Trincomalee","museum","Wikidata","Q26218750","https://www.wikidata.org/wiki/Q26218750","CC0 1.0","","","unreviewed","","","","","","",""
"osm-node-10243221107-ampara","Bogahalanda Natabun Viharaya","6.8695377","81.7381128","Ampara","historic=ruins","OpenStreetMap","node/10243221107","https://www.openstreetmap.org/node/10243221107","ODbL 1.0","","","unreviewed","","","","","","",""
"osm-node-10811136108-anuradhapura","Rock cave with stone doorway","8.3265829","80.3895948","Anuradhapura","tourism=attraction","OpenStreetMap","node/10811136108","https://www.openstreetmap.org/node/10811136108","ODbL 1.0","","","unreviewed","","","","","","",""
"osm-node-11612530869-badulla","Summit level","6.848736","80.833256","Badulla","tourism=attraction","OpenStreetMap","node/11612530869","https://www.openstreetmap.org/node/11612530869","ODbL 1.0","","","unreviewed","","","","","","",""
"osm-way-223504048-batticaloa","Natural History and Science Museum","7.7132065","81.69994","Batticaloa","tourism=museum","OpenStreetMap","way/223504048","https://www.openstreetmap.org/way/223504048","ODbL 1.0","","","unreviewed","","","","","","",""
"osm-node-10160885071-colombo","Golden Jubilee 1917-1967","6.9134897","79.8581929","Colombo","historic=monument","OpenStreetMap","node/10160885071","https://www.openstreetmap.org/node/10160885071","ODbL 1.0","","","unreviewed","","","","","","",""
"wikidata-Q7590097-galle","St. Mary's Cathedral, Galle","6.03606","80.2127","Galle","cathedral","Wikidata","Q7590097","https://www.wikidata.org/wiki/Q7590097","CC0 1.0","","","unreviewed","","","","","","",""
"osm-node-4085929738-gampaha","Buddha Statue","7.0696719","79.9175114","Gampaha","historic=monument","OpenStreetMap","node/4085929738","https://www.openstreetmap.org/node/4085929738","ODbL 1.0","","","unreviewed","","","","","","",""
"osm-node-12310428142-hambantota","Dematagala Cave Temple","6.5061528","81.5285336","Hambantota","historic=ruins","OpenStreetMap","node/12310428142","https://www.openstreetmap.org/node/12310428142","ODbL 1.0","","","unreviewed","","","","","","",""
"osm-node-1642999046-jaffna","Casuarina Beach","9.7623085","79.8858088","Jaffna","tourism=viewpoint","OpenStreetMap","node/1642999046","https://www.openstreetmap.org/node/1642999046","ODbL 1.0","","","unreviewed","","","","","","",""
"wikidata-Q5370021-kandy","Embekka Devalaya","7.2179167","80.5677222","Kandy","temple","Wikidata","Q5370021","https://www.wikidata.org/wiki/Q5370021","CC0 1.0","","","unreviewed","","","","","","",""
"wikidata-Q48732862-kegalle","Dodanthale Raja Maha Vihara","7.2299167","80.4294167","Kegalle","Buddhist temple","Wikidata","Q48732862","https://www.wikidata.org/wiki/Q48732862","CC0 1.0","","","unreviewed","","","","","","",""
"wikidata-Q6956453-kurunegala","Nā Uyana Monastery","7.7378472","80.516575","Kurunegala","vihara","Wikidata","Q6956453","https://www.wikidata.org/wiki/Q6956453","CC0 1.0","","","unreviewed","","","","","","",""
"wikidata-Q47516796-monaragala","Keheliya Raja Maha Vihara","6.6655","81.1270556","Monaragala","Buddhist temple","Wikidata","Q47516796","https://www.wikidata.org/wiki/Q47516796","CC0 1.0","","","unreviewed","","","","","","",""
"wikidata-Q20987409-nuwara-eliya","Great Western Mountain","6.9666667","80.6938889","Nuwara Eliya","mountain","Wikidata","Q20987409","https://www.wikidata.org/wiki/Q20987409","CC0 1.0","","","unreviewed","","","","","","",""
"wikidata-Q25638217-ratnapura","Abhayathilakarathnaramaya","6.7781111","80.3667778","Ratnapura","Buddhist temple","Wikidata","Q25638217","https://www.wikidata.org/wiki/Q25638217","CC0 1.0","","","unreviewed","","","","","","",""
"wikidata-Q3070381-trincomalee","Fort Fredrick","8.5752778","81.2413889","Trincomalee","fort","Wikidata","Q3070381","https://www.wikidata.org/wiki/Q3070381","CC0 1.0","","","unreviewed","","","","","","",""
"wikidata-Q20987429-ampara","Magul Maha Viharaya","6.86744","81.736836","Ampara","Buddhist temple","Wikidata","Q20987429","https://www.wikidata.org/wiki/Q20987429","CC0 1.0","","","unreviewed","","","","","","",""
"wikidata-Q16938356-anuradhapura","Vessagiri","8.35","80.3833","Anuradhapura","archaeological site","Wikidata","Q16938356","https://www.wikidata.org/wiki/Q16938356","CC0 1.0","","","unreviewed","","","","","","",""
"wikidata-Q126653340-badulla","Mini World's End","7.11017","81.15917","Badulla","scenic viewpoint","Wikidata","Q126653340","https://www.wikidata.org/wiki/Q126653340","CC0 1.0","dup-dbe98b711716","osm-node-4611099090-badulla","duplicate_review","duplicate_source","","","","IT22224866","2026-08-20T14:20:15+05:30","Same itinerary POI as osm-node-4611099090-badulla; retained as supporting source evidence."
"wikidata-Q1849425-batticaloa","Batticaloa Fort","7.711901","81.702377","Batticaloa","fort","Wikidata","Q1849425","https://www.wikidata.org/wiki/Q1849425","CC0 1.0","dup-98f8e72471ed","osm-way-219872503-batticaloa","duplicate_review","duplicate_source","","","","IT22224866","2026-08-20T14:20:15+05:30","Same itinerary POI as osm-way-219872503-batticaloa; retained as supporting source evidence."
"wikidata-Q16979801-colombo","Isipathanaramaya Temple","6.8888","79.8656","Colombo","Buddhist temple|temple","Wikidata","Q16979801","https://www.wikidata.org/wiki/Q16979801","CC0 1.0","","","unreviewed","","","","","","",""
"wikidata-Q18708383-gampaha","Malwana Fort","6.925593","80.022208","Gampaha","fort","Wikidata","Q18708383","https://www.wikidata.org/wiki/Q18708383","CC0 1.0","","","unreviewed","","","","","","",""
"wikidata-Q2003663-hambantota","Bundala National Park","6.2138889","81.225","Hambantota","biosphere reserve|national park","Wikidata","Q2003663","https://www.wikidata.org/wiki/Q2003663","CC0 1.0","","","unreviewed","","","","","","",""
"wikidata-Q12975379-jaffna","Kayts Island Fort","9.700808","79.852035","Jaffna","fort","Wikidata","Q12975379","https://www.wikidata.org/wiki/Q12975379","CC0 1.0","dup-7b0d8e80917b","osm-node-5627300060-jaffna","duplicate_review","duplicate_source","","","","IT22224866","2026-08-20T14:20:15+05:30","Same itinerary POI as osm-node-5627300060-jaffna; retained as supporting source evidence."
"wikidata-Q7332903-kurunegala","Ridi Viharaya","7.55","80.4833333","Kurunegala","Buddhist temple","Wikidata","Q7332903","https://www.wikidata.org/wiki/Q7332903","CC0 1.0","","","unreviewed","","","","","","",""
"wikidata-Q47520138-monaragala","Kanabiso Pokuna Raja Maha Vihara","6.6549444","81.1483611","Monaragala","Buddhist temple","Wikidata","Q47520138","https://www.wikidata.org/wiki/Q47520138","CC0 1.0","","","unreviewed","","","","","","",""
"wikidata-Q21000644-nuwara-eliya","Pusulpitiya Raja Maha Vihara","7.0554","80.6482","Nuwara Eliya","Buddhist temple","Wikidata","Q21000644","https://www.wikidata.org/wiki/Q21000644","CC0 1.0","","","unreviewed","","","","","","",""
"wikidata-Q27445571-ratnapura","Kukulugala","6.6644444","80.2638889","Ratnapura","mountain","Wikidata","Q27445571","https://www.wikidata.org/wiki/Q27445571","CC0 1.0","","","unreviewed","","","","","","",""
"wikidata-Q48733604-trincomalee","Girihandu Seya","8.8703889","81.0072778","Trincomalee","Buddhist temple","Wikidata","Q48733604","https://www.wikidata.org/wiki/Q48733604","CC0 1.0","","","unreviewed","","","","","","",""
"osm-node-10289187718-ampara","Kitulana Tank View","6.8886092","81.7197349","Ampara","tourism=viewpoint","OpenStreetMap","node/10289187718","https://www.openstreetmap.org/node/10289187718","ODbL 1.0","","","unreviewed","","","","","","",""
"osm-node-10877048230-anuradhapura","Sarananda Pirivena Buddha statue","8.3360224","80.3950396","Anuradhapura","historic=monument","OpenStreetMap","node/10877048230","https://www.openstreetmap.org/node/10877048230","ODbL 1.0","","","unreviewed","","","","","","",""
"osm-node-12526403873-badulla","Secret Viewpoint","6.7881097","81.0039914","Badulla","tourism=viewpoint","OpenStreetMap","node/12526403873","https://www.openstreetmap.org/node/12526403873","ODbL 1.0","","","unreviewed","","","","","","",""
"osm-way-238423280-batticaloa","St. Mary's Cathedral","7.712446","81.696032","Batticaloa","tourism=attraction|historic=yes|amenity=place_of_worship","OpenStreetMap","way/238423280","https://www.openstreetmap.org/way/238423280","ODbL 1.0","","","unreviewed","preliminary_keep","","","","IT22224866","2026-08-20T14:28:00+05:30","Recognizable tourism, heritage, religious, or natural POI. Retain as a candidate pending full source-field verification."
"osm-node-11134292004-colombo","Jayawadanagama Monument","6.8860539","79.9408927","Colombo","historic=monument","OpenStreetMap","node/11134292004","https://www.openstreetmap.org/node/11134292004","ODbL 1.0","","","unreviewed","","","","","","",""
"osm-node-4087936840-gampaha","Navy War Heros Monument","7.0189474","79.89985","Gampaha","historic=monument","OpenStreetMap","node/4087936840","https://www.openstreetmap.org/node/4087936840","ODbL 1.0","","","unreviewed","","","","","","",""
"osm-node-12310552216-hambantota","Gonagala Ancient Temple","6.33052","81.4492465","Hambantota","historic=ruins","OpenStreetMap","node/12310552216","https://www.openstreetmap.org/node/12310552216","ODbL 1.0","","","unreviewed","","","","","","",""
"osm-node-1841131303-jaffna","Manal Kadu Beach","9.7727564","80.2764737","Jaffna","tourism=viewpoint","OpenStreetMap","node/1841131303","https://www.openstreetmap.org/node/1841131303","ODbL 1.0","","","unreviewed","","","","","","",""
"wikidata-Q6415081-monaragala","Kiri Vehera","6.7","81.55","Monaragala","stupa","Wikidata","Q6415081","https://www.wikidata.org/wiki/Q6415081","CC0 1.0","","","unreviewed","","","","","","",""
"wikidata-Q23584970-nuwara-eliya","Conical Hill","6.9125","80.7758333","Nuwara Eliya","mountain","Wikidata","Q23584970","https://www.wikidata.org/wiki/Q23584970","CC0 1.0","","","unreviewed","","","","","","",""
"wikidata-Q33101684-ratnapura","Aramanapola Raja Maha Vihara","6.6345278","80.5228333","Ratnapura","Buddhist temple","Wikidata","Q33101684","https://www.wikidata.org/wiki/Q33101684","CC0 1.0","","","unreviewed","","","","","","",""
"wikidata-Q7193301-trincomalee","Pigeon Island National Park","8.7166667","81.2","Trincomalee","national park","Wikidata","Q7193301","https://www.wikidata.org/wiki/Q7193301","CC0 1.0","","","unreviewed","","","","","","",""
"wikidata-Q25637751-ampara","Piyangala Forest Hermitage","7.4961111","81.6315556","Ampara","Buddhist temple","Wikidata","Q25637751","https://www.wikidata.org/wiki/Q25637751","CC0 1.0","","","unreviewed","","","","","","",""
"wikidata-Q1961579-anuradhapura","Jetavanaramaya","8.351667","80.403611","Anuradhapura","stupa","Wikidata","Q1961579","https://www.wikidata.org/wiki/Q1961579","CC0 1.0","","","unreviewed","","","","","","",""
"wikidata-Q18708370-badulla","Haldummulla fort","6.76435","80.882657","Badulla","military base","Wikidata","Q18708370","https://www.wikidata.org/wiki/Q18708370","CC0 1.0","","","unreviewed","preliminary_keep","","","","IT22224866","2026-08-20T14:28:00+05:30","Recognizable tourism, heritage, religious, or natural POI. Retain as a candidate pending full source-field verification."
"wikidata-Q20987385-batticaloa","Church of Our Lady of Presentation, Batticaloa","7.720159","81.69526","Batticaloa","church building","Wikidata","Q20987385","https://www.wikidata.org/wiki/Q20987385","CC0 1.0","","","unreviewed","","","","","","",""
"wikidata-Q18164047-colombo","Cathedral of Christ the Living Saviour","6.90382","79.8733","Colombo","cathedral","Wikidata","Q18164047","https://www.wikidata.org/wiki/Q18164047","CC0 1.0","","","unreviewed","","","","","","",""
"wikidata-Q18756153-gampaha","Negombo Fort","7.208333","79.830556","Gampaha","fort","Wikidata","Q18756153","https://www.wikidata.org/wiki/Q18756153","CC0 1.0","dup-aeedab17bd85","osm-way-196057979-gampaha","duplicate_review","duplicate_source","","","","IT22224866","2026-08-20T14:20:15+05:30","Same itinerary POI as osm-way-196057979-gampaha; retained as supporting source evidence."
"wikidata-Q20216036-hambantota","Mulkirigala Raja Maha Vihara","6.12305","80.7364","Hambantota","Buddhist temple","Wikidata","Q20216036","https://www.wikidata.org/wiki/Q20216036","CC0 1.0","","","unreviewed","","","","","","",""
"wikidata-Q15263839-jaffna","Old Park","9.6587222","80.0294722","Jaffna","park","Wikidata","Q15263839","https://www.wikidata.org/wiki/Q15263839","CC0 1.0","","","unreviewed","","","","","","",""
"wikidata-Q23585009-nuwara-eliya","Kudahagala","6.8130556","80.7830556","Nuwara Eliya","mountain","Wikidata","Q23585009","https://www.wikidata.org/wiki/Q23585009","CC0 1.0","","","unreviewed","","","","","","",""
"wikidata-Q38250559-ratnapura","Uggal Aluthnuwara Kataragama Devalaya","6.6841667","80.7468611","Ratnapura","temple","Wikidata","Q38250559","https://www.wikidata.org/wiki/Q38250559","CC0 1.0","","","unreviewed","","","","","","",""
"wikidata-Q840346-trincomalee","Koneswaram Temple","8.5825","81.2455556","Trincomalee","temple","Wikidata","Q840346","https://www.wikidata.org/wiki/Q840346","CC0 1.0","","","unreviewed","","","","","","",""
"osm-node-10537478691-ampara","Bambaragasthalawa Naga Pabbatha Monastery","6.6443041","81.7221168","Ampara","historic=archaeological_site","OpenStreetMap","node/10537478691","https://www.openstreetmap.org/node/10537478691","ODbL 1.0","","","unreviewed","","","","","","",""
"osm-node-11482826691-anuradhapura","Ranmasu Uyana - Star Gate","8.3372563","80.3899496","Anuradhapura","historic=monument","OpenStreetMap","node/11482826691","https://www.openstreetmap.org/node/11482826691","ODbL 1.0","","","unreviewed","","","","","","",""
"osm-node-12578912787-badulla","Black Bridge","6.8226545","80.8334106","Badulla","tourism=attraction","OpenStreetMap","node/12578912787","https://www.openstreetmap.org/node/12578912787","ODbL 1.0","","","unreviewed","","","","","","",""
"osm-way-457180593-batticaloa","M.S.W.Cultural hall","7.6116461","81.7090862","Batticaloa","tourism=museum","OpenStreetMap","way/457180593","https://www.openstreetmap.org/way/457180593","ODbL 1.0","","","unreviewed","","","","","","",""
"osm-node-13011179161-colombo","Good Market fair trade and organic market","6.9061323","79.8644793","Colombo","tourism=attraction","OpenStreetMap","node/13011179161","https://www.openstreetmap.org/node/13011179161","ODbL 1.0","","","unreviewed","","","","","","",""
"osm-node-4148240216-gampaha","Buddha Statue","7.0883159","80.0116014","Gampaha","historic=monument","OpenStreetMap","node/4148240216","https://www.openstreetmap.org/node/4148240216","ODbL 1.0","","","unreviewed","","","","","","",""
"osm-node-12310552370-hambantota","Kanabiso Galge Buddhist Monastic Complex","6.5061832","81.6072485","Hambantota","historic=ruins","OpenStreetMap","node/12310552370","https://www.openstreetmap.org/node/12310552370","ODbL 1.0","","","unreviewed","","","","","","",""
"osm-node-2059494458-jaffna","Thileepan Memorial","9.6736935","80.0273674","Jaffna","historic=monument","OpenStreetMap","node/2059494458","https://www.openstreetmap.org/node/2059494458","ODbL 1.0","","","unreviewed","","","","","","",""
"wikidata-Q23585049-nuwara-eliya","One Tree Hill","6.9577778","80.7625","Nuwara Eliya","mountain","Wikidata","Q23585049","https://www.wikidata.org/wiki/Q23585049","CC0 1.0","","","unreviewed","","","","","","",""
"wikidata-Q51878918-ratnapura","Surathali Falls","6.7458333","80.8288889","Ratnapura","waterfall","Wikidata","Q51878918","https://www.wikidata.org/wiki/Q51878918","CC0 1.0","","","unreviewed","","","","","","",""
"wikidata-Q96658222-trincomalee","Lankapatuna Samudragiri Viharaya","8.3572","81.3896","Trincomalee","Buddhist temple","Wikidata","Q96658222","https://www.wikidata.org/wiki/Q96658222","CC0 1.0","","","unreviewed","","","","","","",""
"wikidata-Q25637783-ampara","Udayagiri Raja Maha Vihara","7.3824167","81.6326111","Ampara","Buddhist temple","Wikidata","Q25637783","https://www.wikidata.org/wiki/Q25637783","CC0 1.0","","","unreviewed","","","","","","",""
"wikidata-Q19719626-anuradhapura","Ritigala","8.1086111","80.6561111","Anuradhapura","mountain","Wikidata","Q19719626","https://www.wikidata.org/wiki/Q19719626","CC0 1.0","","","unreviewed","","","","","","",""
"wikidata-Q19718381-badulla","Mahiyangana Raja Maha Vihara","7.3220556","80.9908056","Badulla","Buddhist temple","Wikidata","Q19718381","https://www.wikidata.org/wiki/Q19718381","CC0 1.0","","","unreviewed","","","","","","",""
"wikidata-Q25551289-batticaloa","Kokkadicholai Thaanthonreeswarar Temple","7.6166667","81.7166667","Batticaloa","Hindu temple","Wikidata","Q25551289","https://www.wikidata.org/wiki/Q25551289","CC0 1.0","","","unreviewed","","","","","","",""
"wikidata-Q18708372-colombo","Hanwella fort","6.909695","80.082496","Colombo","military base","Wikidata","Q18708372","https://www.wikidata.org/wiki/Q18708372","CC0 1.0","","","unreviewed","preliminary_keep","","","","IT22224866","2026-08-20T14:28:00+05:30","Recognizable tourism, heritage, religious, or natural POI. Retain as a candidate pending full source-field verification."
"wikidata-Q19707959-gampaha","Asgiriya Raja Maha Vihara, Gampaha","7.111","79.9896389","Gampaha","Buddhist temple|religious building","Wikidata","Q19707959","https://www.wikidata.org/wiki/Q19707959","CC0 1.0","","","unreviewed","","","","","","",""
"wikidata-Q20823160-hambantota","Kasagala Raja Maha Vihara","6.1363611","80.8125","Hambantota","Buddhist temple","Wikidata","Q20823160","https://www.wikidata.org/wiki/Q20823160","CC0 1.0","","","unreviewed","","","","","","",""
"wikidata-Q16309175-jaffna","Maviddapuram Kandaswamy Temple","9.8011111","80.0350556","Jaffna","temple","Wikidata","Q16309175","https://www.wikidata.org/wiki/Q16309175","CC0 1.0","","","unreviewed","","","","","","",""
"wikidata-Q27445713-nuwara-eliya","Mahakudagala","7.0430556","80.8444444","Nuwara Eliya","mountain","Wikidata","Q27445713","https://www.wikidata.org/wiki/Q27445713","CC0 1.0","","","unreviewed","","","","","","",""
"wikidata-Q5581213-ratnapura","Gonmollikanda","6.7666667","80.8091667","Ratnapura","mountain","Wikidata","Q5581213","https://www.wikidata.org/wiki/Q5581213","CC0 1.0","","","unreviewed","","","","","","",""
"osm-node-10690856522-ampara","Eco Tourism Center Urani","6.9195136","81.8376765","Ampara","tourism=attraction","OpenStreetMap","node/10690856522","https://www.openstreetmap.org/node/10690856522","ODbL 1.0","","","unreviewed","","","","","","",""
"osm-node-12592876801-anuradhapura","Comunity Based Tourism Office","8.0401961","80.750841","Anuradhapura","tourism=attraction","OpenStreetMap","node/12592876801","https://www.openstreetmap.org/node/12592876801","ODbL 1.0","","","unreviewed","","","","","","",""
"osm-node-12629721901-badulla","Beautyful view point over tea plantations","6.7848669","81.0143378","Badulla","tourism=viewpoint","OpenStreetMap","node/12629721901","https://www.openstreetmap.org/node/12629721901","ODbL 1.0","","","unreviewed","","","","","","",""
"osm-way-816573828-batticaloa","Kadakan Kal","7.7247596","81.5849193","Batticaloa","tourism=attraction|natural=rock","OpenStreetMap","way/816573828","https://www.openstreetmap.org/way/816573828","ODbL 1.0","","","unreviewed","","","","","","",""
"osm-node-13233966301-colombo","Train Viewpoint","6.928196","79.8599153","Colombo","tourism=viewpoint","OpenStreetMap","node/13233966301","https://www.openstreetmap.org/node/13233966301","ODbL 1.0","","","unreviewed","","","","","","",""
"osm-node-4350574691-gampaha","Water World Lanka","6.9446162","79.9423218","Gampaha","tourism=theme_park","OpenStreetMap","node/4350574691","https://www.openstreetmap.org/node/4350574691","ODbL 1.0","","","unreviewed","","","","","","",""
"osm-node-12310552371-hambantota","Kottadamuhela Archaeological Ruins","6.5157877","81.6034372","Hambantota","historic=ruins","OpenStreetMap","node/12310552371","https://www.openstreetmap.org/node/12310552371","ODbL 1.0","","","unreviewed","","","","","","",""
"osm-node-3492774176-jaffna","Charty Beach","9.6331561","79.9198682","Jaffna","tourism=viewpoint","OpenStreetMap","node/3492774176","https://www.openstreetmap.org/node/3492774176","ODbL 1.0","","","unreviewed","","","","","","",""
"wikidata-Q27447565-nuwara-eliya","Kikilimana","6.985","80.7466667","Nuwara Eliya","mountain","Wikidata","Q27447565","https://www.wikidata.org/wiki/Q27447565","CC0 1.0","","","unreviewed","","","","","","",""
"wikidata-Q60789-ratnapura","Adam's Peak","6.8094444","80.4997222","Ratnapura","mountain","Wikidata","Q60789","https://www.wikidata.org/wiki/Q60789","CC0 1.0","","","unreviewed","","","","","","",""
"wikidata-Q25637912-ampara","Gonagolla Vihara","7.4155278","81.6557222","Ampara","Buddhist temple","Wikidata","Q25637912","https://www.wikidata.org/wiki/Q25637912","CC0 1.0","","","unreviewed","","","","","","",""
"wikidata-Q20640029-anuradhapura","Anuradhapura Museum","8.3473","80.3936","Anuradhapura","museum","Wikidata","Q20640029","https://www.wikidata.org/wiki/Q20640029","CC0 1.0","","","unreviewed","","","","","","",""
"wikidata-Q20823240-badulla","Badulla Kataragama Devalaya","6.9871944","81.0577778","Badulla","temple","Wikidata","Q20823240","https://www.wikidata.org/wiki/Q20823240","CC0 1.0","","","unreviewed","","","","","","",""
"wikidata-Q63248173-batticaloa","Zion Church, Batticaloa","7.709972","81.695528","Batticaloa","church building","Wikidata","Q63248173","https://www.wikidata.org/wiki/Q63248173","CC0 1.0","","","unreviewed","","","","","","",""
"wikidata-Q20098593-colombo","Postal museum, Colombo","6.92803","79.8581","Colombo","museum","Wikidata","Q20098593","https://www.wikidata.org/wiki/Q20098593","CC0 1.0","","","unreviewed","","","","","","",""
"wikidata-Q19716317-gampaha","Pilikuththuwa Raja Maha Vihara","7.0639444","80.0503056","Gampaha","Buddhist temple","Wikidata","Q19716317","https://www.wikidata.org/wiki/Q19716317","CC0 1.0","","","unreviewed","","","","","","",""
"wikidata-Q20823221-hambantota","Naigala Raja Maha Vihara","6.148406","80.784767","Hambantota","Buddhist temple","Wikidata","Q20823221","https://www.wikidata.org/wiki/Q20823221","CC0 1.0","","","unreviewed","","","","","","",""
"wikidata-Q16311487-jaffna","Delft Island Fort","9.540736","79.677769","Jaffna","fort","Wikidata","Q16311487","https://www.wikidata.org/wiki/Q16311487","CC0 1.0","","","unreviewed","","","","","","",""
"wikidata-Q37551-nuwara-eliya","Devon Falls","6.9516667","80.6297222","Nuwara Eliya","waterfall","Wikidata","Q37551","https://www.wikidata.org/wiki/Q37551","CC0 1.0","","","unreviewed","","","","","","",""
"osm-node-10904565810-ampara","Pankanda Hela Archaeological Ruins","6.8198275","81.8231383","Ampara","historic=ruins","OpenStreetMap","node/10904565810","https://www.openstreetmap.org/node/10904565810","ODbL 1.0","","","unreviewed","","","","","","",""
"osm-node-12985856596-anuradhapura","Galge Viharaya Ruins","8.3025067","79.9795071","Anuradhapura","historic=ruins","OpenStreetMap","node/12985856596","https://www.openstreetmap.org/node/12985856596","ODbL 1.0","","","unreviewed","","","","","","",""
"osm-node-12662215601-badulla","Zipline Start","6.8654438","81.0624401","Badulla","tourism=theme_park","OpenStreetMap","node/12662215601","https://www.openstreetmap.org/node/12662215601","ODbL 1.0","","","unreviewed","","","","","","",""
"osm-node-1523621150-colombo","Railway Museum","6.9317214","79.858871","Colombo","tourism=museum","OpenStreetMap","node/1523621150","https://www.openstreetmap.org/node/1523621150","ODbL 1.0","","","unreviewed","","","","","","",""
"osm-node-4350776194-gampaha","Statue of lord buddha","7.0704454","80.093311","Gampaha","historic=monument","OpenStreetMap","node/4350776194","https://www.openstreetmap.org/node/4350776194","ODbL 1.0","","","unreviewed","","","","","","",""
"osm-node-12310552484-hambantota","Mandagala Archaeological Ruins","6.5143997","81.6206614","Hambantota","historic=ruins","OpenStreetMap","node/12310552484","https://www.openstreetmap.org/node/12310552484","ODbL 1.0","","","unreviewed","","","","","","",""
"osm-node-4053989518-jaffna","Gen. Kobbekaduwa Memorial. Arali","9.6715993","79.925188","Jaffna","tourism=viewpoint","OpenStreetMap","node/4053989518","https://www.openstreetmap.org/node/4053989518","ODbL 1.0","","","unreviewed","","","","","","",""
"wikidata-Q375975-nuwara-eliya","Kirigalpoththa","6.7991667","80.7666667","Nuwara Eliya","mountain","Wikidata","Q375975","https://www.wikidata.org/wiki/Q375975","CC0 1.0","","","unreviewed","","","","","","",""
"wikidata-Q28243056-ampara","Neelagiriseya","6.8508333","81.70175","Ampara","Buddhist temple","Wikidata","Q28243056","https://www.wikidata.org/wiki/Q28243056","CC0 1.0","","","unreviewed","","","","","","",""
"wikidata-Q20987407-anuradhapura","Folk Museum","8.2057","80.2339","Anuradhapura","museum","Wikidata","Q20987407","https://www.wikidata.org/wiki/Q20987407","CC0 1.0","","","unreviewed","","","","","","",""
"wikidata-Q22666003-badulla","Mawaragala Forest Hermitage","7.3981944","81.0965556","Badulla","Buddhist temple","Wikidata","Q22666003","https://www.wikidata.org/wiki/Q22666003","CC0 1.0","","","unreviewed","","","","","","",""
"wikidata-Q2033487-colombo","National Museum of Colombo","6.91","79.8608333","Colombo","national museum","Wikidata","Q2033487","https://www.wikidata.org/wiki/Q2033487","CC0 1.0","","","unreviewed","","","","","","",""
"wikidata-Q19718656-gampaha","Maligatenna Raja Maha Vihara","7.0668611","80.0644444","Gampaha","Buddhist temple","Wikidata","Q19718656","https://www.wikidata.org/wiki/Q19718656","CC0 1.0","","","unreviewed","","","","","","",""
"osm-node-12310552500-hambantota","Modaragala Monastic Ruins","6.3894802","81.4708668","Hambantota","historic=ruins","OpenStreetMap","node/12310552500","https://www.openstreetmap.org/node/12310552500","ODbL 1.0","","","unreviewed","","","","","","",""
"wikidata-Q16313757-jaffna","St. Mary's Cathedral","9.65614","80.0228","Jaffna","cathedral","Wikidata","Q16313757","https://www.wikidata.org/wiki/Q16313757","CC0 1.0","","","unreviewed","","","","","","",""
"wikidata-Q37700-nuwara-eliya","Elgin Falls","6.8666667","80.7666667","Nuwara Eliya","waterfall","Wikidata","Q37700","https://www.wikidata.org/wiki/Q37700","CC0 1.0","","","unreviewed","","","","","","",""
"osm-node-10904565811-ampara","Shastrawela Monastic Temple","6.8101065","81.8241188","Ampara","historic=ruins","OpenStreetMap","node/10904565811","https://www.openstreetmap.org/node/10904565811","ODbL 1.0","","","unreviewed","","","","","","",""
"osm-node-12985856598-anuradhapura","Thimbiripokuna Palamgala","8.2201232","80.0667948","Anuradhapura","historic=ruins","OpenStreetMap","node/12985856598","https://www.openstreetmap.org/node/12985856598","ODbL 1.0","","","unreviewed","","","","","","",""
"osm-node-12662215701-badulla","Zipline End","6.8675114","81.0587829","Badulla","tourism=theme_park","OpenStreetMap","node/12662215701","https://www.openstreetmap.org/node/12662215701","ODbL 1.0","","","unreviewed","","","","","","",""
"osm-node-1730307197-colombo","National Puppet Museum","6.8614077","79.8664848","Colombo","tourism=museum","OpenStreetMap","node/1730307197","https://www.openstreetmap.org/node/1730307197","ODbL 1.0","","","unreviewed","","","","","","",""
"osm-node-5485934622-gampaha","Turtle Farm","7.138189","79.833261","Gampaha","tourism=zoo","OpenStreetMap","node/5485934622","https://www.openstreetmap.org/node/5485934622","ODbL 1.0","","","unreviewed","","","","","","",""
"osm-node-12310552501-hambantota","Padikema Ruins","6.3406243","81.4934776","Hambantota","historic=ruins","OpenStreetMap","node/12310552501","https://www.openstreetmap.org/node/12310552501","ODbL 1.0","","","unreviewed","","","","","","",""
"osm-node-4354081548-jaffna","Theru Moodi Madam","9.823373","80.2379196","Jaffna","historic=archaeological_site","OpenStreetMap","node/4354081548","https://www.openstreetmap.org/node/4354081548","ODbL 1.0","","","unreviewed","","","","","","",""
"wikidata-Q38350-nuwara-eliya","St. Clair's Falls","6.9511778","80.6478778","Nuwara Eliya","waterfall","Wikidata","Q38350","https://www.wikidata.org/wiki/Q38350","CC0 1.0","","","unreviewed","","","","","","",""
"wikidata-Q28379706-ampara","Lahugala Kota Vehera","6.8780833","81.7529444","Ampara","Buddhist temple","Wikidata","Q28379706","https://www.wikidata.org/wiki/Q28379706","CC0 1.0","","","unreviewed","","","","","","",""
"wikidata-Q320543-anuradhapura","Abhayagiri vihāra","8.3709444","80.39525","Anuradhapura","vihara","Wikidata","Q320543","https://www.wikidata.org/wiki/Q320543","CC0 1.0","","","unreviewed","","","","","","",""
"wikidata-Q27919202-badulla","Halpe Pattini Devalaya","6.8900278","81.0414722","Badulla","temple","Wikidata","Q27919202","https://www.wikidata.org/wiki/Q27919202","CC0 1.0","","","unreviewed","","","","","","",""
"wikidata-Q20823295-colombo","Sri Lanka Planetarium","6.900762","79.862916","Colombo","museum","Wikidata","Q20823295","https://www.wikidata.org/wiki/Q20823295","CC0 1.0","","","unreviewed","","","","","","",""
"wikidata-Q19735846-gampaha","Warana Raja Maha Vihara","7.10425","80.0746944","Gampaha","Buddhist temple","Wikidata","Q19735846","https://www.wikidata.org/wiki/Q19735846","CC0 1.0","","","unreviewed","","","","","","",""
"osm-node-12310552558-hambantota","Seelawakanda Monastic Ruins","6.3093975","81.4301333","Hambantota","historic=ruins","OpenStreetMap","node/12310552558","https://www.openstreetmap.org/node/12310552558","ODbL 1.0","","","unreviewed","","","","","","",""
"wikidata-Q1963636-jaffna","Naguleswaram temple","9.6744444","80.0294444","Jaffna","Hindu temple","Wikidata","Q1963636","https://www.wikidata.org/wiki/Q1963636","CC0 1.0","","","unreviewed","","","","","","",""
"wikidata-Q5640438-nuwara-eliya","Hakgala","6.9169444","80.8138889","Nuwara Eliya","mountain","Wikidata","Q5640438","https://www.wikidata.org/wiki/Q5640438","CC0 1.0","","","unreviewed","","","","","","",""
"osm-node-11210479158-ampara","Kiripokunahela Monastic Ruins","6.6154371","81.7246752","Ampara","historic=ruins","OpenStreetMap","node/11210479158","https://www.openstreetmap.org/node/11210479158","ODbL 1.0","","","unreviewed","","","","","","",""
"osm-node-12985856599-anuradhapura","Hunuvilagama Ruins","8.3020206","80.144129","Anuradhapura","historic=ruins","OpenStreetMap","node/12985856599","https://www.openstreetmap.org/node/12985856599","ODbL 1.0","","","unreviewed","","","","","","",""
"osm-node-13076684157-badulla","Thomas Seat","6.7666726","80.9390668","Badulla","tourism=viewpoint","OpenStreetMap","node/13076684157","https://www.openstreetmap.org/node/13076684157","ODbL 1.0","","","unreviewed","","","","","","",""
"osm-node-2034206138-colombo","Chitrasena Art Gallery","6.8892618","79.8767137","Colombo","tourism=gallery","OpenStreetMap","node/2034206138","https://www.openstreetmap.org/node/2034206138","ODbL 1.0","","","unreviewed","","","","","","",""
"osm-node-8292429534-gampaha","Dikkande Mansion","7.067806","80.0968967","Gampaha","tourism=attraction","OpenStreetMap","node/8292429534","https://www.openstreetmap.org/node/8292429534","ODbL 1.0","","","unreviewed","","","","","","",""
"osm-node-12374149862-hambantota","Handunnoruwa Ancient Site","6.3778541","81.5079048","Hambantota","historic=ruins","OpenStreetMap","node/12374149862","https://www.openstreetmap.org/node/12374149862","ODbL 1.0","","","unreviewed","","","","","","",""
"osm-node-4511724347-jaffna","Mayakkai Well","9.8143717","80.2166694","Jaffna","tourism=viewpoint","OpenStreetMap","node/4511724347","https://www.openstreetmap.org/node/4511724347","ODbL 1.0","","","unreviewed","","","","","","",""
"wikidata-Q7796948-nuwara-eliya","Totapolakanda","6.8330556","80.8197222","Nuwara Eliya","mountain","Wikidata","Q7796948","https://www.wikidata.org/wiki/Q7796948","CC0 1.0","dup-881e504b4a54","osm-node-4825524195-badulla","duplicate_review","duplicate_source","","","","IT22224866","2026-08-20T14:20:15+05:30","Same itinerary POI as osm-node-4825524195-badulla; retained as supporting source evidence."
"wikidata-Q28379814-ampara","Lahugala Kiri Vehera","6.8699167","81.7197222","Ampara","Buddhist temple","Wikidata","Q28379814","https://www.wikidata.org/wiki/Q28379814","CC0 1.0","","","unreviewed","","","","","","",""
"wikidata-Q3534755-anuradhapura","Ruwanweli Maha Saya","8.35","80.3964","Anuradhapura","Buddhist temple|stupa","Wikidata","Q3534755","https://www.wikidata.org/wiki/Q3534755","CC0 1.0","","","unreviewed","","","","","","",""
"wikidata-Q30850773-badulla","Lindamulla Pattini Devalaya","6.9798889","81.0696389","Badulla","temple","Wikidata","Q30850773","https://www.wikidata.org/wiki/Q30850773","CC0 1.0","","","unreviewed","","","","","","",""
"wikidata-Q20987389-colombo","Currency museum","6.9345278","79.8430556","Colombo","museum","Wikidata","Q20987389","https://www.wikidata.org/wiki/Q20987389","CC0 1.0","","","unreviewed","","","","","","",""
"wikidata-Q22338432-gampaha","Aluthepola Vihara","7.2058778","79.9623861","Gampaha","Buddhist temple","Wikidata","Q22338432","https://www.wikidata.org/wiki/Q22338432","CC0 1.0","","","unreviewed","","","","","","",""
"osm-node-12629722001-hambantota","Mawella beach","5.9954466","80.7461264","Hambantota","tourism=viewpoint","OpenStreetMap","node/12629722001","https://www.openstreetmap.org/node/12629722001","ODbL 1.0","","","unreviewed","","","","","","",""
"wikidata-Q21975633-jaffna","Kadurugoda Vihara","9.75","80.0166667","Jaffna","Buddhist temple","Wikidata","Q21975633","https://www.wikidata.org/wiki/Q21975633","CC0 1.0","","","unreviewed","","","","","","",""
"wikidata-Q97262496-nuwara-eliya","Kurundu Oya Waterfall","7.0785278","80.8499444","Nuwara Eliya","waterfall","Wikidata","Q97262496","https://www.wikidata.org/wiki/Q97262496","CC0 1.0","","","unreviewed","","","","","","",""
"osm-node-11210754426-ampara","Crocodile Ponds","6.7591941","81.7851014","Ampara","tourism=attraction","OpenStreetMap","node/11210754426","https://www.openstreetmap.org/node/11210754426","ODbL 1.0","","","unreviewed","","","","","","",""
"osm-node-12985856600-anuradhapura","Weeransole Ruins","8.3392737","80.1289893","Anuradhapura","historic=ruins","OpenStreetMap","node/12985856600","https://www.openstreetmap.org/node/12985856600","ODbL 1.0","","","unreviewed","","","","","","",""
"osm-node-13428292423-badulla","Waterfall","6.8658202","81.0443542","Badulla","tourism=viewpoint","OpenStreetMap","node/13428292423","https://www.openstreetmap.org/node/13428292423","ODbL 1.0","","","unreviewed","manual_review","","","","IT22224866","2026-08-20T14:28:00+05:30","Generic Waterfall name provides insufficient identity evidence; verify the specific attraction before promotion."
"osm-node-2141657994-colombo","Thummodara Ranmudu Ella","6.8647276","80.1708905","Colombo","tourism=attraction","OpenStreetMap","node/2141657994","https://www.openstreetmap.org/node/2141657994","ODbL 1.0","","","unreviewed","","","","","","",""
"osm-way-196057979-gampaha","Negombo Dutch Fort","7.2086978","79.8312875","Gampaha","historic=archaeological_site","OpenStreetMap","way/196057979","https://www.openstreetmap.org/way/196057979","ODbL 1.0","dup-aeedab17bd85","wikidata-Q18756153-gampaha","duplicate_review","canonical_keep","Negombo Dutch Fort","","https://www.wikidata.org/wiki/Q18756153","IT22224866","2026-08-20T14:20:15+05:30","Canonical itinerary POI for this duplicate cluster; related records retained as supporting source evidence."
"osm-node-13074409554-hambantota","Weheragala Ruins","6.3749043","81.3336562","Hambantota","historic=ruins","OpenStreetMap","node/13074409554","https://www.openstreetmap.org/node/13074409554","ODbL 1.0","","","unreviewed","","","","","","",""
"osm-node-4511724378-jaffna","Mayakkai Cave","9.8121018","80.2157173","Jaffna","tourism=viewpoint","OpenStreetMap","node/4511724378","https://www.openstreetmap.org/node/4511724378","ODbL 1.0","","","unreviewed","","","","","","",""
"wikidata-Q28379866-ampara","Samanabedda cave temple","7.3430833","81.6497222","Ampara","Buddhist temple","Wikidata","Q28379866","https://www.wikidata.org/wiki/Q28379866","CC0 1.0","","","unreviewed","","","","","","",""
"wikidata-Q3610571-anuradhapura","Isurumuniya","8.3346","80.3904","Anuradhapura","vihara","Wikidata","Q3610571","https://www.wikidata.org/wiki/Q3610571","CC0 1.0","","","unreviewed","","","","","","",""
"wikidata-Q37424-badulla","Ravana Falls","6.9038889","81.0516667","Badulla","waterfall","Wikidata","Q37424","https://www.wikidata.org/wiki/Q37424","CC0 1.0","","","unreviewed","","","","","","",""
"wikidata-Q20987412-colombo","Independence Memorial Museum","6.9045833","79.8672778","Colombo","museum","Wikidata","Q20987412","https://www.wikidata.org/wiki/Q20987412","CC0 1.0","","","unreviewed","","","","","","",""
"wikidata-Q25055443-gampaha","Saint Stephen's Church, Negombo","7.255","79.832","Gampaha","church building","Wikidata","Q25055443","https://www.wikidata.org/wiki/Q25055443","CC0 1.0","","","unreviewed","","","","","","",""
"osm-node-1727709368-hambantota","Sandagiri Stupa","6.2807167","81.2948619","Hambantota","historic=archaeological_site","OpenStreetMap","node/1727709368","https://www.openstreetmap.org/node/1727709368","ODbL 1.0","","","unreviewed","","","","","","",""
"wikidata-Q24044791-jaffna","Delft National Park","9.4972222","79.7","Jaffna","national park","Wikidata","Q24044791","https://www.wikidata.org/wiki/Q24044791","CC0 1.0","","","unreviewed","","","","","","",""
"osm-node-11212455353-ampara","Abayasinghepura Archaeological Site","6.7665023","81.8143634","Ampara","historic=ruins","OpenStreetMap","node/11212455353","https://www.openstreetmap.org/node/11212455353","ODbL 1.0","","","unreviewed","","","","","","",""
"osm-node-12985856601-anuradhapura","Kuda Vilachchiya Wewa and its Ruins","8.4480507","80.1528823","Anuradhapura","historic=ruins","OpenStreetMap","node/12985856601","https://www.openstreetmap.org/node/12985856601","ODbL 1.0","","","unreviewed","","","","","","",""
"osm-node-1712902149-badulla","Diyaluma Falls","6.7332925","81.0314914","Badulla","tourism=viewpoint","OpenStreetMap","node/1712902149","https://www.openstreetmap.org/node/1712902149","ODbL 1.0","","","unreviewed","","","","","","",""
"osm-node-2141663842-colombo","Ella Uda Ella","6.8899887","80.1766836","Colombo","tourism=attraction","OpenStreetMap","node/2141663842","https://www.openstreetmap.org/node/2141663842","ODbL 1.0","","","unreviewed","","","","","","",""
"osm-way-343482760-gampaha","Al Mubarak Kids Park","6.9548608","80.0161331","Gampaha","tourism=theme_park","OpenStreetMap","way/343482760","https://www.openstreetmap.org/way/343482760","ODbL 1.0","","","unreviewed","","","","","","",""
"osm-node-1783873595-hambantota","Tomb of Andare: the Court Jester","6.1763674","81.1639278","Hambantota","historic=monument","OpenStreetMap","node/1783873595","https://www.openstreetmap.org/node/1783873595","ODbL 1.0","","","unreviewed","","","","","","",""
"osm-node-4518860265-jaffna","Kadurugoda Viharaya Archaeological Site - Kantharodai","9.7468646","80.0066385","Jaffna","tourism=viewpoint","OpenStreetMap","node/4518860265","https://www.openstreetmap.org/node/4518860265","ODbL 1.0","dup-8677e95a1db0","osm-way-161471513-jaffna","duplicate_review","duplicate_source","","","","IT22224866","2026-08-20T14:20:15+05:30","Same itinerary POI as osm-way-161471513-jaffna; retained as supporting source evidence."
"wikidata-Q29575291-ampara","Samangala Forest Hermitage","7.4109722","81.5811944","Ampara","Buddhist temple","Wikidata","Q29575291","https://www.wikidata.org/wiki/Q29575291","CC0 1.0","","","unreviewed","","","","","","",""
"wikidata-Q5209967-anuradhapura","Dakkhina Stupa","8.3411111","80.395","Anuradhapura","Buddhist temple","Wikidata","Q5209967","https://www.wikidata.org/wiki/Q5209967","CC0 1.0","","","unreviewed","","","","","","",""
"wikidata-Q65060480-badulla","St. Mary’s Cathedral, Badulla","6.990617","81.058538","Badulla","Catholic cathedral","Wikidata","Q65060480","https://www.wikidata.org/wiki/Q65060480","CC0 1.0","","","unreviewed","","","","","","",""
"wikidata-Q20987445-colombo","National Museum of Natural History","6.9111944","79.8610833","Colombo","national museum|natural history museum","Wikidata","Q20987445","https://www.wikidata.org/wiki/Q20987445","CC0 1.0","","","unreviewed","","","","","","",""
"wikidata-Q25055515-gampaha","St. Sebastian’s Church","7.219","79.839","Gampaha","church building","Wikidata","Q25055515","https://www.wikidata.org/wiki/Q25055515","CC0 1.0","","","unreviewed","","","","","","",""
"osm-node-2918580550-hambantota","Birds Research Center & Resort","6.2166468","81.090144","Hambantota","tourism=zoo","OpenStreetMap","node/2918580550","https://www.openstreetmap.org/node/2918580550","ODbL 1.0","","","unreviewed","","","","","","",""
"wikidata-Q24949100-jaffna","St. Thomas' Cathedral, Vaddukoddai","9.7293611","79.9490556","Jaffna","church building","Wikidata","Q24949100","https://www.wikidata.org/wiki/Q24949100","CC0 1.0","","","unreviewed","","","","","","",""
"osm-node-11212455354-ampara","Radella Archaeological Site I","6.8162489","81.7660678","Ampara","historic=ruins","OpenStreetMap","node/11212455354","https://www.openstreetmap.org/node/11212455354","ODbL 1.0","","","unreviewed","","","","","","",""
"osm-node-12985877731-anuradhapura","Galbendi Neeravia Archaeological Ruins","8.4391121","80.0891632","Anuradhapura","historic=ruins","OpenStreetMap","node/12985877731","https://www.openstreetmap.org/node/12985877731","ODbL 1.0","","","unreviewed","","","","","","",""
"osm-node-1743021897-badulla","Sunrise viewpoint","6.8560235","81.0530765","Badulla","tourism=viewpoint","OpenStreetMap","node/1743021897","https://www.openstreetmap.org/node/1743021897","ODbL 1.0","","","unreviewed","","","","","","",""
"osm-node-3516467775-colombo","Srimath Anagarika Dharmapala Statue","6.9105256","79.8935704","Colombo","historic=monument","OpenStreetMap","node/3516467775","https://www.openstreetmap.org/node/3516467775","ODbL 1.0","","","unreviewed","","","","","","",""
"osm-way-376324583-gampaha","Railway Museum","7.0926426","79.9930476","Gampaha","tourism=museum","OpenStreetMap","way/376324583","https://www.openstreetmap.org/way/376324583","ODbL 1.0","","","unreviewed","","","","","","",""
"osm-node-4391700339-hambantota","Turtles View","6.0461535","80.8559105","Hambantota","tourism=zoo","OpenStreetMap","node/4391700339","https://www.openstreetmap.org/node/4391700339","ODbL 1.0","","","unreviewed","","","","","","",""
"osm-node-4623193537-jaffna","Dutch Fort Pyle Ruins","9.5933741","80.4361752","Jaffna","historic=ruins","OpenStreetMap","node/4623193537","https://www.openstreetmap.org/node/4623193537","ODbL 1.0","","","unreviewed","","","","","","",""
"wikidata-Q3533266-ampara","Thambiluvil Sri Kannaki amman temple","7.13333","81.85","Ampara","Hindu temple","Wikidata","Q3533266","https://www.wikidata.org/wiki/Q3533266","CC0 1.0","","","unreviewed","","","","","","",""
"wikidata-Q542107-anuradhapura","Mahavihara of Anuradhapura","8.3446872","80.3965484","Anuradhapura","mahavihara","Wikidata","Q542107","https://www.wikidata.org/wiki/Q542107","CC0 1.0","","","unreviewed","","","","","","",""
"osm-node-2520519763-badulla","ISM Logo","6.8148211","80.9589389","Badulla","historic=monument","OpenStreetMap","node/2520519763","https://www.openstreetmap.org/node/2520519763","ODbL 1.0","","","unreviewed","","","","","","",""
"wikidata-Q22906291-colombo","All Saints' Church","6.92087","79.87512","Colombo","church building","Wikidata","Q22906291","https://www.wikidata.org/wiki/Q22906291","CC0 1.0","","","unreviewed","","","","","","",""
"wikidata-Q25226752-gampaha","St. Mary’s Church","7.201","79.838","Gampaha","church building","Wikidata","Q25226752","https://www.wikidata.org/wiki/Q25226752","CC0 1.0","","","unreviewed","","","","","","",""
"osm-node-4794762722-hambantota","Godavaya wildlife sanctuary viewpoint","6.1067418","81.05071","Hambantota","tourism=viewpoint","OpenStreetMap","node/4794762722","https://www.openstreetmap.org/node/4794762722","ODbL 1.0","","","unreviewed","","","","","","",""
"wikidata-Q24949103-jaffna","St. James' Church, Nallur","9.6735556","80.0376667","Jaffna","church building","Wikidata","Q24949103","https://www.wikidata.org/wiki/Q24949103","CC0 1.0","","","unreviewed","","","","","","",""
"osm-node-11212455355-ampara","Radella Archaeological Site II","6.8212359","81.7698375","Ampara","historic=ruins","OpenStreetMap","node/11212455355","https://www.openstreetmap.org/node/11212455355","ODbL 1.0","","","unreviewed","","","","","","",""
"osm-node-12986104935-anuradhapura","Tammannawala Archaeological Ruins","8.3534805","80.1178332","Anuradhapura","historic=ruins","OpenStreetMap","node/12986104935","https://www.openstreetmap.org/node/12986104935","ODbL 1.0","","","unreviewed","","","","","","",""
"osm-node-3278487272-badulla","Eagle Rock","6.7625011","80.9806723","Badulla","tourism=viewpoint","OpenStreetMap","node/3278487272","https://www.openstreetmap.org/node/3278487272","ODbL 1.0","","","unreviewed","","","","","","",""
"osm-node-3516468007-colombo","Veediye Bandara Statue","6.9093858","79.8959575","Colombo","historic=monument","OpenStreetMap","node/3516468007","https://www.openstreetmap.org/node/3516468007","ODbL 1.0","","","unreviewed","","","","","","",""
"osm-way-382387841-gampaha","Buddha Statue","7.0833607","79.922738","Gampaha","historic=monument","OpenStreetMap","way/382387841","https://www.openstreetmap.org/way/382387841","ODbL 1.0","","","unreviewed","","","","","","",""
"osm-node-5167036321-hambantota","Abarana Ella","6.1875733","80.9702458","Hambantota","tourism=viewpoint","OpenStreetMap","node/5167036321","https://www.openstreetmap.org/node/5167036321","ODbL 1.0","","","unreviewed","","","","","","",""
"osm-node-5313882055-jaffna","Old Co-operative Shop","9.734175","80.0969705","Jaffna","historic=ruins","OpenStreetMap","node/5313882055","https://www.openstreetmap.org/node/5313882055","ODbL 1.0","","","unreviewed","","","","","","",""
"wikidata-Q38043552-ampara","Sri Dharmendrarama Raja Maha Vihara","7.4271111","81.6339722","Ampara","Buddhist temple","Wikidata","Q38043552","https://www.wikidata.org/wiki/Q38043552","CC0 1.0","","","unreviewed","","","","","","",""
"wikidata-Q5724-anuradhapura","Anuradhapura","8.335","80.4108333","Anuradhapura","archaeological site|city|sacred place","Wikidata","Q5724","https://www.wikidata.org/wiki/Q5724","CC0 1.0","","","unreviewed","","","","","","",""
"osm-node-3301935943-badulla","Dunhinda Falls","7.0169435","81.063492","Badulla","tourism=attraction","OpenStreetMap","node/3301935943","https://www.openstreetmap.org/node/3301935943","ODbL 1.0","","","unreviewed","","","","","","",""
"wikidata-Q24239464-colombo","Seema Malaka","6.917623","79.853257","Colombo","Buddhist temple","Wikidata","Q24239464","https://www.wikidata.org/wiki/Q24239464","CC0 1.0","","","unreviewed","","","","","","",""
"wikidata-Q26904723-gampaha","Yatawatte Purana Vihara","7.0889167","79.9862778","Gampaha","Buddhist temple","Wikidata","Q26904723","https://www.wikidata.org/wiki/Q26904723","CC0 1.0","","","unreviewed","","","","","","",""
"osm-node-5627298468-hambantota","Katuwana Dutch Fort","6.2675009","80.6952354","Hambantota","tourism=attraction","OpenStreetMap","node/5627298468","https://www.openstreetmap.org/node/5627298468","ODbL 1.0","","","unreviewed","","","","","","",""
"wikidata-Q2607851-jaffna","Nallur Kandaswamy Devasthanam","9.6747222","80.0297222","Jaffna","Hindu temple","Wikidata","Q2607851","https://www.wikidata.org/wiki/Q2607851","CC0 1.0","","","unreviewed","","","","","","",""
"osm-node-11212455356-ampara","Radella Reservoir Archaeological Site","6.8258117","81.7601313","Ampara","historic=ruins","OpenStreetMap","node/11212455356","https://www.openstreetmap.org/node/11212455356","ODbL 1.0","","","unreviewed","","","","","","",""
"osm-node-12986104963-anuradhapura","Mahaandaragollewa Wewa Archaeological Ruins","8.3365807","80.0882529","Anuradhapura","historic=ruins","OpenStreetMap","node/12986104963","https://www.openstreetmap.org/node/12986104963","ODbL 1.0","","","unreviewed","","","","","","",""
"osm-node-3516426597-badulla","Ella Spice Garden","6.8740364","81.0494507","Badulla","tourism=attraction","OpenStreetMap","node/3516426597","https://www.openstreetmap.org/node/3516426597","ODbL 1.0","","","unreviewed","","","","","","",""
"osm-node-3922519072-colombo","Horse made out of vehicle parts","6.9343887","79.8659923","Colombo","historic=monument","OpenStreetMap","node/3922519072","https://www.openstreetmap.org/node/3922519072","ODbL 1.0","","","unreviewed","","","","","","",""
"osm-way-424873471-gampaha","Children park","7.1408374","79.8966971","Gampaha","tourism=theme_park","OpenStreetMap","way/424873471","https://www.openstreetmap.org/way/424873471","ODbL 1.0","","","unreviewed","","","","","","",""
"osm-node-7100580078-hambantota","Indika Art Gallery","6.0363228","80.8044047","Hambantota","tourism=gallery","OpenStreetMap","node/7100580078","https://www.openstreetmap.org/node/7100580078","ODbL 1.0","","","unreviewed","","","","","","",""
"osm-node-5627300060-jaffna","Kayts Fort","9.7007306","79.8519663","Jaffna","tourism=attraction","OpenStreetMap","node/5627300060","https://www.openstreetmap.org/node/5627300060","ODbL 1.0","dup-7b0d8e80917b","wikidata-Q12975379-jaffna","duplicate_review","canonical_keep","Kayts Island Fort","","https://www.wikidata.org/wiki/Q12975379","IT22224866","2026-08-20T14:20:15+05:30","Canonical itinerary POI for this duplicate cluster; related records retained as supporting source evidence."
"wikidata-Q38236009-ampara","Galmaduwa Raja Maha Vihara, Ampara","7.2624722","81.6890278","Ampara","Buddhist temple","Wikidata","Q38236009","https://www.wikidata.org/wiki/Q38236009","CC0 1.0","","","unreviewed","","","","","","",""
"wikidata-Q6733056-anuradhapura","Mahamevnāwa Park in Anuradhapura","8.361609","80.393538","Anuradhapura","park","Wikidata","Q6733056","https://www.wikidata.org/wiki/Q6733056","CC0 1.0","","","unreviewed","","","","","","",""
"osm-node-3819344497-badulla","Badulla Museum","6.9841404","81.0622983","Badulla","tourism=museum","OpenStreetMap","node/3819344497","https://www.openstreetmap.org/node/3819344497","ODbL 1.0","","","unreviewed","","","","","","",""
"wikidata-Q28402355-colombo","Diyatha Uyana","6.9045","79.9098","Colombo","park","Wikidata","Q28402355","https://www.wikidata.org/wiki/Q28402355","CC0 1.0","","","unreviewed","","","","","","",""
"wikidata-Q28002465-gampaha","Uruwala Valagamba Raja Maha Vihara","7.0563611","80.0518333","Gampaha","Buddhist temple","Wikidata","Q28002465","https://www.wikidata.org/wiki/Q28002465","CC0 1.0","","","unreviewed","","","","","","",""
"osm-node-9133023966-hambantota","Vilpita Rajamaha Viharaya","6.2304953","81.2886697","Hambantota","historic=ruins|amenity=place_of_worship","OpenStreetMap","node/9133023966","https://www.openstreetmap.org/node/9133023966","ODbL 1.0","","","unreviewed","","","","","","",""
"wikidata-Q2756663-jaffna","Jaffna Fort","9.6621244","80.0083028","Jaffna","fort","Wikidata","Q2756663","https://www.wikidata.org/wiki/Q2756663","CC0 1.0","dup-d82638eb8964","osm-way-99282968-jaffna","duplicate_review","duplicate_source","","","","IT22224866","2026-08-20T14:20:15+05:30","Same itinerary POI as osm-way-99282968-jaffna; retained as supporting source evidence."
"osm-node-11212455357-ampara","Kunukala Lagoon Archaeological Site","6.7069962","81.7928761","Ampara","historic=ruins","OpenStreetMap","node/11212455357","https://www.openstreetmap.org/node/11212455357","ODbL 1.0","","","unreviewed","","","","","","",""
"osm-node-12986131701-anuradhapura","Monastic Ruins","8.3474923","80.0629562","Anuradhapura","historic=ruins","OpenStreetMap","node/12986131701","https://www.openstreetmap.org/node/12986131701","ODbL 1.0","","","unreviewed","","","","","","",""
"osm-node-3880457728-badulla","Bogoda Wooden Bridge","7.0079106","80.9963053","Badulla","tourism=viewpoint","OpenStreetMap","node/3880457728","https://www.openstreetmap.org/node/3880457728","ODbL 1.0","","","unreviewed","","","","","","",""
"osm-node-3967352533-colombo","Helanka Art Gallery","6.9056728","79.9268472","Colombo","tourism=gallery","OpenStreetMap","node/3967352533","https://www.openstreetmap.org/node/3967352533","ODbL 1.0","","","unreviewed","","","","","","",""
"osm-way-432072883-gampaha","Buddha Statue","7.1107671","79.9503717","Gampaha","historic=monument","OpenStreetMap","way/432072883","https://www.openstreetmap.org/way/432072883","ODbL 1.0","","","unreviewed","","","","","","",""
"osm-node-9133024384-hambantota","Telulla Archaeological Site","6.1962886","81.291645","Hambantota","historic=archaeological_site","OpenStreetMap","node/9133024384","https://www.openstreetmap.org/node/9133024384","ODbL 1.0","","","unreviewed","","","","","","",""
"osm-node-6228415614-jaffna","Ariyalai heritage centennial monument","9.660728","80.0424655","Jaffna","historic=monument","OpenStreetMap","node/6228415614","https://www.openstreetmap.org/node/6228415614","ODbL 1.0","","","unreviewed","","","","","","",""
"wikidata-Q38257137-ampara","Muwangala Raja Maha Vihara","7.2501944","81.6638889","Ampara","Buddhist temple","Wikidata","Q38257137","https://www.wikidata.org/wiki/Q38257137","CC0 1.0","","","unreviewed","","","","","","",""
"wikidata-Q7799227-anuradhapura","Thuparamaya","8.35528","80.3961","Anuradhapura","Buddhist temple","Wikidata","Q7799227","https://www.wikidata.org/wiki/Q7799227","CC0 1.0","","","unreviewed","","","","","","",""
"osm-node-3880551572-badulla","Sorabora Wewa","7.3614175","81.0058211","Badulla","tourism=viewpoint","OpenStreetMap","node/3880551572","https://www.openstreetmap.org/node/3880551572","ODbL 1.0","","","unreviewed","","","","","","",""
"wikidata-Q28775147-colombo","Karagampitiya Vihara","6.8488889","79.8683056","Colombo","Buddhist temple","Wikidata","Q28775147","https://www.wikidata.org/wiki/Q28775147","CC0 1.0","","","unreviewed","","","","","","",""
"wikidata-Q28002504-gampaha","Koskandawala Raja Maha Vihara","7.0796667","80.0522778","Gampaha","Buddhist temple","Wikidata","Q28002504","https://www.wikidata.org/wiki/Q28002504","CC0 1.0","","","unreviewed","","","","","","",""
"osm-node-9133039312-hambantota","Silapassa Pirivena Archaeological Site","6.2765314","81.290579","Hambantota","historic=ruins","OpenStreetMap","node/9133039312","https://www.openstreetmap.org/node/9133039312","ODbL 1.0","","","unreviewed","","","","","","",""
"wikidata-Q27983273-jaffna","Vannarpannai Vaitheeswaran Temple","9.6715278","80.01025","Jaffna","temple","Wikidata","Q27983273","https://www.wikidata.org/wiki/Q27983273","CC0 1.0","","","unreviewed","","","","","","",""
"osm-node-11212455391-ampara","Nelumpath Pokuna Ruins","6.5791693","81.6970547","Ampara","historic=ruins","OpenStreetMap","node/11212455391","https://www.openstreetmap.org/node/11212455391","ODbL 1.0","","","unreviewed","","","","","","",""
"osm-node-12986131735-anuradhapura","Stone Pillar Manufature Site","8.3615576","80.065435","Anuradhapura","historic=ruins","OpenStreetMap","node/12986131735","https://www.openstreetmap.org/node/12986131735","ODbL 1.0","","","unreviewed","","","","","","",""
"osm-node-3880552693-badulla","Union of two rivers","6.9158121","80.9546795","Badulla","tourism=attraction","OpenStreetMap","node/3880552693","https://www.openstreetmap.org/node/3880552693","ODbL 1.0","","","unreviewed","","","","","","",""
"osm-node-4109157989-colombo","Maradana Railway Station","6.9284655","79.8648826","Colombo","tourism=viewpoint","OpenStreetMap","node/4109157989","https://www.openstreetmap.org/node/4109157989","ODbL 1.0","","","unreviewed","","","","","","",""
"osm-way-432075400-gampaha","Buddha Statue","7.1071887","79.9527808","Gampaha","historic=monument","OpenStreetMap","way/432075400","https://www.openstreetmap.org/way/432075400","ODbL 1.0","","","unreviewed","","","","","","",""
"osm-node-9133054679-hambantota","Yahangala Archaeological Ruins","6.2188764","81.1654546","Hambantota","historic=ruins","OpenStreetMap","node/9133054679","https://www.openstreetmap.org/node/9133054679","ODbL 1.0","","","unreviewed","","","","","","",""
"osm-node-7257129485-jaffna","Growing Stone","9.5203414","79.7211376","Jaffna","tourism=attraction","OpenStreetMap","node/7257129485","https://www.openstreetmap.org/node/7257129485","ODbL 1.0","","","unreviewed","","","","","","",""
"wikidata-Q39050356-ampara","Uththara Jayamaha Vihara","7.2216111","81.6793611","Ampara","Buddhist temple","Wikidata","Q39050356","https://www.wikidata.org/wiki/Q39050356","CC0 1.0","","","unreviewed","","","","","","",""
"osm-node-12986132033-anuradhapura","Nai Pena Guhawa Archaeological Ruins","8.2426265","80.0818901","Anuradhapura","historic=ruins","OpenStreetMap","node/12986132033","https://www.openstreetmap.org/node/12986132033","ODbL 1.0","","","unreviewed","","","","","","",""
"osm-node-4107227192-badulla","Waterfall","6.8329061","81.0501314","Badulla","tourism=attraction","OpenStreetMap","node/4107227192","https://www.openstreetmap.org/node/4107227192","ODbL 1.0","","","unreviewed","manual_review","","","","IT22224866","2026-08-20T14:28:00+05:30","Generic Waterfall name provides insufficient identity evidence; verify the specific attraction before promotion."
"wikidata-Q28914248-colombo","Samudrasanna Vihara","6.8289167","79.8640833","Colombo","Buddhist temple","Wikidata","Q28914248","https://www.wikidata.org/wiki/Q28914248","CC0 1.0","","","unreviewed","","","","","","",""
"wikidata-Q31977697-gampaha","Sri Saddharmagupta Piriven Vihara","7.124","79.9845","Gampaha","Buddhist temple","Wikidata","Q31977697","https://www.wikidata.org/wiki/Q31977697","CC0 1.0","","","unreviewed","","","","","","",""
"osm-node-917949443-hambantota","Hummanaya Blow Hole","5.9776154","80.7387267","Hambantota","tourism=attraction|natural=blowhole","OpenStreetMap","node/917949443","https://www.openstreetmap.org/node/917949443","ODbL 1.0","","","unreviewed","","","","","","",""
"wikidata-Q6958314-jaffna","Nagadeepa Purana Viharaya","9.61275","79.7739722","Jaffna","Buddhist temple","Wikidata","Q6958314","https://www.wikidata.org/wiki/Q6958314","CC0 1.0","","","unreviewed","","","","","","",""
"osm-node-11212455392-ampara","Kongala","6.567654","81.7007441","Ampara","historic=ruins","OpenStreetMap","node/11212455392","https://www.openstreetmap.org/node/11212455392","ODbL 1.0","","","unreviewed","","","","","","",""
"osm-node-12986132212-anuradhapura","Veheragala Ruins","8.2781484","80.1254368","Anuradhapura","historic=ruins","OpenStreetMap","node/12986132212","https://www.openstreetmap.org/node/12986132212","ODbL 1.0","","","unreviewed","","","","","","",""
"osm-node-4122645228-badulla","Demodera Railway Spiral","6.9023894","81.061171","Badulla","tourism=attraction","OpenStreetMap","node/4122645228","https://www.openstreetmap.org/node/4122645228","ODbL 1.0","","","unreviewed","","","","","","",""
"osm-node-4304782810-colombo","St. Lucia Church","6.9481148","79.8645241","Colombo","tourism=attraction|historic=yes|amenity=place_of_worship","OpenStreetMap","node/4304782810","https://www.openstreetmap.org/node/4304782810","ODbL 1.0","","","unreviewed","preliminary_keep","","","","IT22224866","2026-08-20T14:28:00+05:30","Recognizable tourism, heritage, religious, or natural POI. Retain as a candidate pending full source-field verification."
"osm-way-432338062-gampaha","Buddha Statue","7.0999733","79.9567697","Gampaha","historic=monument","OpenStreetMap","way/432338062","https://www.openstreetmap.org/way/432338062","ODbL 1.0","","","unreviewed","","","","","","",""
"osm-node-9269381913-hambantota","War Heroes' Monument","6.0196661","80.7952092","Hambantota","historic=monument","OpenStreetMap","node/9269381913","https://www.openstreetmap.org/node/9269381913","ODbL 1.0","","","unreviewed","","","","","","",""
"osm-relation-12695936-jaffna","Jaffna Archeological Museum","9.668839","80.0240543","Jaffna","tourism=museum","OpenStreetMap","relation/12695936","https://www.openstreetmap.org/relation/12695936","ODbL 1.0","dup-46341a68e262","osm-way-569288810-jaffna|wikidata-Q11310066-jaffna","duplicate_review","canonical_keep","Jaffna Archaeological Museum","","https://www.wikidata.org/wiki/Q11310066 | https://www.openstreetmap.org/way/569288810","IT22224866","2026-08-20T14:20:15+05:30","Canonical itinerary POI for this duplicate cluster; related records retained as supporting source evidence."
"wikidata-Q39061040-ampara","Padiyadora Raja Maha Vihara","7.398","81.25225","Ampara","Buddhist temple","Wikidata","Q39061040","https://www.wikidata.org/wiki/Q39061040","CC0 1.0","","","unreviewed","","","","","","",""
"osm-node-13570488105-anuradhapura","Archaeological museum","8.333969","80.3895529","Anuradhapura","tourism=museum","OpenStreetMap","node/13570488105","https://www.openstreetmap.org/node/13570488105","ODbL 1.0","","","unreviewed","","","","","","",""
"osm-node-4145907903-badulla","Kalthota Doowili Ella (Water fall)","6.6625117","80.8657403","Badulla","tourism=attraction","OpenStreetMap","node/4145907903","https://www.openstreetmap.org/node/4145907903","ODbL 1.0","dup-ed08ece03f24","osm-node-4145909761-badulla","duplicate_review","not_duplicate_related","","","https://www.openstreetmap.org/node/4145909761","IT22224866","2026-08-20T14:25:59+05:30","Distinct mapped location approximately 110 m from the related Kalthota Doowili Ella location. Retain separately, but group as one waterfall complex for itinerary selection."
"wikidata-Q28938639-colombo","Sri Pushparama Vihara, Ratmalana","6.8217778","79.8711667","Colombo","Buddhist temple","Wikidata","Q28938639","https://www.wikidata.org/wiki/Q28938639","CC0 1.0","","","unreviewed","","","","","","",""
"wikidata-Q32964820-gampaha","Uththararama Purana Vihara, Udugampola","7.1293611","79.9828333","Gampaha","Buddhist temple","Wikidata","Q32964820","https://www.wikidata.org/wiki/Q32964820","CC0 1.0","","","unreviewed","","","","","","",""
"osm-relation-18201458-hambantota","Great and Little Basses FMA","6.2676592","81.6512862","Hambantota","leisure=nature_reserve","OpenStreetMap","relation/18201458","https://www.openstreetmap.org/relation/18201458","ODbL 1.0","","","unreviewed","","","","","","",""
"osm-way-161471513-jaffna","Kadurugoda Viharaya Archaeological Site - Kantharodai","9.7468909","80.00661","Jaffna","historic=archaeological_site","OpenStreetMap","way/161471513","https://www.openstreetmap.org/way/161471513","ODbL 1.0","dup-8677e95a1db0","osm-node-4518860265-jaffna","duplicate_review","canonical_keep","Kadurugoda Viharaya Archaeological Site - Kantharodai","","https://www.openstreetmap.org/node/4518860265","IT22224866","2026-08-20T14:20:15+05:30","Canonical itinerary POI for this duplicate cluster; related records retained as supporting source evidence."
"osm-node-11212568699-ampara","Sengamuwa Archaeological Site","6.8930634","81.7655667","Ampara","historic=ruins","OpenStreetMap","node/11212568699","https://www.openstreetmap.org/node/11212568699","ODbL 1.0","","","unreviewed","","","","","","",""
"osm-node-1402637232-anuradhapura","Sinha Pokuna","8.3512032","80.514095","Anuradhapura","historic=ruins","OpenStreetMap","node/1402637232","https://www.openstreetmap.org/node/1402637232","ODbL 1.0","","","unreviewed","","","","","","",""
"osm-node-4145909761-badulla","Kalthota Doowili Ella 2 (Water Fall)","6.6634939","80.8655644","Badulla","tourism=attraction","OpenStreetMap","node/4145909761","https://www.openstreetmap.org/node/4145909761","ODbL 1.0","dup-ed08ece03f24","osm-node-4145907903-badulla","duplicate_review","not_duplicate_related","","","https://www.openstreetmap.org/node/4145907903","IT22224866","2026-08-20T14:25:59+05:30","Distinct mapped location approximately 110 m from the related Kalthota Doowili Ella location. Retain separately, but group as one waterfall complex for itinerary selection."
"osm-node-4354445603-colombo","Dutch Colonial Museum","6.9360639","79.8516492","Colombo","tourism=museum","OpenStreetMap","node/4354445603","https://www.openstreetmap.org/node/4354445603","ODbL 1.0","","","unreviewed","","","","","","",""
"osm-way-691531446-gampaha","Club Sha Lanka","7.2398015","79.8419128","Gampaha","tourism=attraction|amenity=car_rental","OpenStreetMap","way/691531446","https://www.openstreetmap.org/way/691531446","ODbL 1.0","","","preliminary_reject","preliminary_reject","","","","IT22224866","2026-08-20T14:28:00+05:30","Car-rental business with insufficient evidence as an independent itinerary POI."
"osm-relation-5892245-hambantota","Rekawa Beach","6.0354425","80.82929","Hambantota","tourism=attraction|natural=beach","OpenStreetMap","relation/5892245","https://www.openstreetmap.org/relation/5892245","ODbL 1.0","","","unreviewed","","","","","","",""
"osm-way-229440971-jaffna","Kachcheri Ruins","9.6599683","80.0297272","Jaffna","historic=ruins","OpenStreetMap","way/229440971","https://www.openstreetmap.org/way/229440971","ODbL 1.0","dup-0f50f2e3b31a","osm-way-572293451-jaffna","duplicate_review","duplicate_source","","","","IT22224866","2026-08-20T14:20:15+05:30","Same itinerary POI as osm-way-572293451-jaffna; retained as supporting source evidence."
"wikidata-Q5249992-ampara","Deeghawapi","7.2841667","81.7866667","Ampara","Buddhist temple","Wikidata","Q5249992","https://www.wikidata.org/wiki/Q5249992","CC0 1.0","","","unreviewed","","","","","","",""
"osm-node-1732697627-anuradhapura","Isinbessagala Buddhist Temple","8.568539","80.481452","Anuradhapura","historic=ruins|amenity=place_of_worship","OpenStreetMap","node/1732697627","https://www.openstreetmap.org/node/1732697627","ODbL 1.0","","","unreviewed","","","","","","",""
"osm-node-44280965-badulla","Rawana Ella Falls","6.8408548","81.0545278","Badulla","tourism=attraction","OpenStreetMap","node/44280965","https://www.openstreetmap.org/node/44280965","ODbL 1.0","","","unreviewed","","","","","","",""
"wikidata-Q28972799-colombo","Siri Perakumba Pirivena","6.90275","79.9062778","Colombo","Buddhist temple","Wikidata","Q28972799","https://www.wikidata.org/wiki/Q28972799","CC0 1.0","","","unreviewed","","","","","","",""
"wikidata-Q3610575-gampaha","Kelaniya Raja Maha Vihara","6.9531389","79.9185278","Gampaha","Buddhist temple","Wikidata","Q3610575","https://www.wikidata.org/wiki/Q3610575","CC0 1.0","","","unreviewed","","","","","","",""
"osm-relation-5926094-hambantota","Ussangoda National Park","6.0971783","80.9812523","Hambantota","leisure=nature_reserve|natural=wood","OpenStreetMap","relation/5926094","https://www.openstreetmap.org/relation/5926094","ODbL 1.0","","","unreviewed","preliminary_keep","","","","IT22224866","2026-08-20T14:28:00+05:30","Recognizable tourism, heritage, religious, or natural POI. Retain as a candidate pending full source-field verification."
"osm-way-357028714-jaffna","Ruined Kittu Park","9.673858","80.0358896","Jaffna","historic=ruins","OpenStreetMap","way/357028714","https://www.openstreetmap.org/way/357028714","ODbL 1.0","","","unreviewed","","","","","","",""
"osm-node-11212568700-ampara","Sengamuwa Pansalgoda Archaeological Site","6.8839571","81.7635112","Ampara","historic=ruins","OpenStreetMap","node/11212568700","https://www.openstreetmap.org/node/11212568700","ODbL 1.0","","","unreviewed","","","","","","",""
"osm-node-2831907385-anuradhapura","Ramakele Ruins","8.3699654","80.4218753","Anuradhapura","historic=ruins","OpenStreetMap","node/2831907385","https://www.openstreetmap.org/node/2831907385","ODbL 1.0","","","unreviewed","","","","","","",""
"osm-node-4481226349-badulla","Hotel Ella Mount Heaven Viewpoint","6.8568623","81.058553","Badulla","tourism=viewpoint","OpenStreetMap","node/4481226349","https://www.openstreetmap.org/node/4481226349","ODbL 1.0","","","unreviewed","","","","","","",""
"osm-node-5172712575-colombo","Archaeological Museum of Kotte","6.8932566","79.9051742","Colombo","tourism=museum","OpenStreetMap","node/5172712575","https://www.openstreetmap.org/node/5172712575","ODbL 1.0","dup-4ad6c0713157","wikidata-Q29388899-colombo","duplicate_review","canonical_keep","Archaeological Museum of Kotte","","https://www.wikidata.org/wiki/Q29388899","IT22224866","2026-08-20T14:20:15+05:30","Canonical itinerary POI for this duplicate cluster; related records retained as supporting source evidence."
"osm-way-847034837-gampaha","Thousand Buddha Hall","6.9457661","79.9512825","Gampaha","tourism=attraction|historic=monument","OpenStreetMap","way/847034837","https://www.openstreetmap.org/way/847034837","ODbL 1.0","","","unreviewed","","","","","","",""
"osm-way-403504647-hambantota","Yatala Vehera","6.2856955","81.2759233","Hambantota","historic=ruins","OpenStreetMap","way/403504647","https://www.openstreetmap.org/way/403504647","ODbL 1.0","dup-99e55b219682","wikidata-Q19719135-hambantota","duplicate_review","canonical_keep","Yatala Vehera","","https://www.wikidata.org/wiki/Q19719135","IT22224866","2026-08-20T14:20:15+05:30","Canonical itinerary POI for this duplicate cluster; related records retained as supporting source evidence."
"osm-way-403855079-jaffna","Nilavarai (Bottomless well)","9.7543374","80.0882996","Jaffna","tourism=attraction|natural=water","OpenStreetMap","way/403855079","https://www.openstreetmap.org/way/403855079","ODbL 1.0","","","unreviewed","preliminary_keep","","","","IT22224866","2026-08-20T14:28:00+05:30","Recognizable tourism, heritage, religious, or natural POI. Retain as a candidate pending full source-field verification."
"wikidata-Q6573093-ampara","Muhudu maha vihara","6.8775","81.8388889","Ampara","Buddhist temple","Wikidata","Q6573093","https://www.wikidata.org/wiki/Q6573093","CC0 1.0","","","unreviewed","","","","","","",""
"osm-node-3105221929-anuradhapura","Bodhigharaya","8.328983","80.3897024","Anuradhapura","historic=ruins","OpenStreetMap","node/3105221929","https://www.openstreetmap.org/node/3105221929","ODbL 1.0","","","unreviewed","","","","","","",""
"osm-node-4611099090-badulla","Mini World's End","7.1101824","81.1591676","Badulla","tourism=viewpoint","OpenStreetMap","node/4611099090","https://www.openstreetmap.org/node/4611099090","ODbL 1.0","dup-dbe98b711716","wikidata-Q126653340-badulla","duplicate_review","canonical_keep","Mini World's End","","https://www.wikidata.org/wiki/Q126653340","IT22224866","2026-08-20T14:20:15+05:30","Canonical itinerary POI for this duplicate cluster; related records retained as supporting source evidence."
"wikidata-Q28972804-colombo","Balapokuna Raja Maha Vihara","6.8725","79.8778056","Colombo","Buddhist temple","Wikidata","Q28972804","https://www.wikidata.org/wiki/Q28972804","CC0 1.0","","","unreviewed","","","","","","",""
"wikidata-Q37294763-gampaha","Panasawanarama Purana Vihara","7.1289444","79.9967222","Gampaha","Buddhist temple","Wikidata","Q37294763","https://www.wikidata.org/wiki/Q37294763","CC0 1.0","","","unreviewed","","","","","","",""
"osm-way-816769045-hambantota","Ridiyagama Safari Park","6.2414807","80.9763608","Hambantota","tourism=attraction|leisure=park","OpenStreetMap","way/816769045","https://www.openstreetmap.org/way/816769045","ODbL 1.0","","","unreviewed","","","","","","",""
"osm-way-404111877-jaffna","St. Anthony's Church","9.7698257","80.2728532","Jaffna","tourism=attraction|historic=ruins","OpenStreetMap","way/404111877","https://www.openstreetmap.org/way/404111877","ODbL 1.0","","","unreviewed","","","","","","",""
"osm-node-11212568701-ampara","Yalpotha Reservoir Ancient Sluice","6.8692776","81.7432285","Ampara","historic=ruins","OpenStreetMap","node/11212568701","https://www.openstreetmap.org/node/11212568701","ODbL 1.0","","","unreviewed","","","","","","",""
"osm-node-3105222059-anuradhapura","Vessagiriya","8.3285247","80.3899662","Anuradhapura","historic=archaeological_site","OpenStreetMap","node/3105222059","https://www.openstreetmap.org/node/3105222059","ODbL 1.0","","","unreviewed","","","","","","",""
"osm-node-4683720698-badulla","Ella Rock","6.8550355","81.0523841","Badulla","natural=peak","OpenStreetMap","node/4683720698","https://www.openstreetmap.org/node/4683720698","ODbL 1.0","","","unreviewed","","","","","","",""
"osm-node-618491025-colombo","Ananda College","6.9243358","79.8685501","Colombo","historic=monument|amenity=school","OpenStreetMap","node/618491025","https://www.openstreetmap.org/node/618491025","ODbL 1.0","","","manual_review","manual_review","","","","IT22224866","2026-08-20T14:28:00+05:30","Historically important school, but public tourist access and itinerary suitability require independent evidence."
"wikidata-Q4867360-gampaha","Basilica of Our Lady of Lanka","7.034","79.935","Gampaha","minor basilica","Wikidata","Q4867360","https://www.wikidata.org/wiki/Q4867360","CC0 1.0","","","unreviewed","","","","","","",""
"osm-way-569288810-jaffna","Jaffna Archeological Museum","9.6693992","80.0245341","Jaffna","tourism=museum","OpenStreetMap","way/569288810","https://www.openstreetmap.org/way/569288810","ODbL 1.0","dup-46341a68e262","osm-relation-12695936-jaffna|wikidata-Q11310066-jaffna","duplicate_review","duplicate_source","","","","IT22224866","2026-08-20T14:20:15+05:30","Same itinerary POI as osm-relation-12695936-jaffna; retained as supporting source evidence."
"wikidata-Q88281536-ampara","Kokagala","7.4166667","81.2080556","Ampara","mountain","Wikidata","Q88281536","https://www.wikidata.org/wiki/Q88281536","CC0 1.0","","","unreviewed","","","","","","",""
"osm-node-3657323592-anuradhapura","Jaya Sri Maha Bodhi","8.3447103","80.3972255","Anuradhapura","tourism=attraction|natural=tree","OpenStreetMap","node/3657323592","https://www.openstreetmap.org/node/3657323592","ODbL 1.0","","","unreviewed","preliminary_keep","","","","IT22224866","2026-08-20T14:28:00+05:30","Recognizable tourism, heritage, religious, or natural POI. Retain as a candidate pending full source-field verification."
"osm-node-4683733160-badulla","Nine Arch Bridge Viewpoint","6.8768254","81.0627926","Badulla","tourism=viewpoint","OpenStreetMap","node/4683733160","https://www.openstreetmap.org/node/4683733160","ODbL 1.0","dup-6cfe5373fec7","osm-node-5305807110-badulla","duplicate_review","not_duplicate_related","","","https://www.openstreetmap.org/node/5305807110","IT22224866","2026-08-20T14:25:59+05:30","Distinct Nine Arch Bridge viewpoint approximately 160 m from the related viewpoint. Retain separately, but group under the same parent attraction to prevent duplicate itinerary stops."
"wikidata-Q29051502-colombo","St. Lawrence's Church","6.8708056","79.8634167","Colombo","church building","Wikidata","Q29051502","https://www.wikidata.org/wiki/Q29051502","CC0 1.0","","","unreviewed","","","","","","",""
"wikidata-Q55641352-gampaha","Our Lady of Sorrows Church, Kandawala","7.2372222","79.8725","Gampaha","church building","Wikidata","Q55641352","https://www.wikidata.org/wiki/Q55641352","CC0 1.0","","","unreviewed","","","","","","",""
"osm-way-572293451-jaffna","Dutch Kachcheri Ruins","9.6599832","80.0297773","Jaffna","historic=ruins","OpenStreetMap","way/572293451","https://www.openstreetmap.org/way/572293451","ODbL 1.0","dup-0f50f2e3b31a","osm-way-229440971-jaffna","duplicate_review","canonical_keep","Dutch Kachcheri Ruins","","https://www.openstreetmap.org/way/229440971","IT22224866","2026-08-20T14:20:15+05:30","Canonical itinerary POI for this duplicate cluster; related records retained as supporting source evidence."
"osm-node-11212568702-ampara","Paranagovipola Aththani Pillar","6.8662975","81.7331567","Ampara","historic=ruins","OpenStreetMap","node/11212568702","https://www.openstreetmap.org/node/11212568702","ODbL 1.0","","","unreviewed","","","","","","",""
"osm-node-3723220027-anuradhapura","Ritigala Ancient Buddhist Monastery","8.1183328","80.6646122","Anuradhapura","historic=archaeological_site","OpenStreetMap","node/3723220027","https://www.openstreetmap.org/node/3723220027","ODbL 1.0","dup-dc4b67ac07db","wikidata-Q126650014-anuradhapura","duplicate_review","canonical_keep","Ritigala Ancient Buddhist Monastery","","https://www.wikidata.org/wiki/Q126650014","IT22224866","2026-08-20T14:20:15+05:30","Canonical itinerary POI for this duplicate cluster; related records retained as supporting source evidence."
"osm-node-4750431422-badulla","Haputale Forest Reserve Trailhead","6.7703136","80.9616022","Badulla","tourism=attraction","OpenStreetMap","node/4750431422","https://www.openstreetmap.org/node/4750431422","ODbL 1.0","","","unreviewed","","","","","","",""
"osm-node-620382353-colombo","Independence Square","6.9046368","79.8675663","Colombo","historic=monument","OpenStreetMap","node/620382353","https://www.openstreetmap.org/node/620382353","ODbL 1.0","","","unreviewed","","","","","","",""
"wikidata-Q63343474-gampaha","St. Sebastian's Church, Katuwapitiya","7.2110556","79.8591667","Gampaha","church building","Wikidata","Q63343474","https://www.wikidata.org/wiki/Q63343474","CC0 1.0","","","unreviewed","","","","","","",""
"osm-way-573924689-jaffna","St.Mary's Community Centre Gym Club","9.678715","80.0002434","Jaffna","tourism=theme_park","OpenStreetMap","way/573924689","https://www.openstreetmap.org/way/573924689","ODbL 1.0","","","unreviewed","","","","","","",""
"osm-node-11212568703-ampara","Paranagovipola Archaeological Site","6.8632064","81.7366234","Ampara","historic=ruins","OpenStreetMap","node/11212568703","https://www.openstreetmap.org/node/11212568703","ODbL 1.0","","","unreviewed","","","","","","",""
"osm-node-3937246495-anuradhapura","Kaludiya Pokuna","8.3461941","80.5081449","Anuradhapura","historic=archaeological_site","OpenStreetMap","node/3937246495","https://www.openstreetmap.org/node/3937246495","ODbL 1.0","","","unreviewed","","","","","","",""
"osm-node-4825491386-badulla","Hakgala Peak","6.9170615","80.812374","Badulla","natural=peak","OpenStreetMap","node/4825491386","https://www.openstreetmap.org/node/4825491386","ODbL 1.0","","","unreviewed","","","","","","",""
"wikidata-Q29051773-colombo","Kotte Raja Maha Vihara","6.8809722","79.9048056","Colombo","Buddhist temple","Wikidata","Q29051773","https://www.wikidata.org/wiki/Q29051773","CC0 1.0","","","unreviewed","","","","","","",""
"osm-way-582749544-jaffna","King Sangiliyan's Minister's Residence","9.6773902","80.0361151","Jaffna","historic=ruins","OpenStreetMap","way/582749544","https://www.openstreetmap.org/way/582749544","ODbL 1.0","","","unreviewed","","","","","","",""
"osm-node-11212568704-ampara","Lahugala Ethgala Archaeological Site","6.8615362","81.7359806","Ampara","historic=ruins","OpenStreetMap","node/11212568704","https://www.openstreetmap.org/node/11212568704","ODbL 1.0","","","unreviewed","","","","","","",""
"osm-node-3937270688-anuradhapura","Library","8.1180893","80.6636994","Anuradhapura","historic=archaeological_site","OpenStreetMap","node/3937270688","https://www.openstreetmap.org/node/3937270688","ODbL 1.0","","","unreviewed","","","","","","",""
"osm-node-4825524195-badulla","Thotupola Kanda","6.8331199","80.8197979","Badulla","natural=peak","OpenStreetMap","node/4825524195","https://www.openstreetmap.org/node/4825524195","ODbL 1.0","dup-881e504b4a54","wikidata-Q7796948-nuwara-eliya","duplicate_review","canonical_keep","Thotupola Kanda","","https://www.wikidata.org/wiki/Q7796948","IT22224866","2026-08-20T14:20:15+05:30","Canonical itinerary POI for this duplicate cluster; related records retained as supporting source evidence. District assignment requires later boundary verification."
"osm-node-6235337387-colombo","W A Silva Museum","6.8766665","79.866842","Colombo","tourism=museum","OpenStreetMap","node/6235337387","https://www.openstreetmap.org/node/6235337387","ODbL 1.0","","","unreviewed","","","","","","",""
"osm-way-99282968-jaffna","Jaffna Fort","9.6623365","80.0083112","Jaffna","historic=ruins","OpenStreetMap","way/99282968","https://www.openstreetmap.org/way/99282968","ODbL 1.0","dup-d82638eb8964","wikidata-Q2756663-jaffna","duplicate_review","canonical_keep","Jaffna Fort","","https://www.wikidata.org/wiki/Q2756663","IT22224866","2026-08-20T14:20:15+05:30","Canonical itinerary POI for this duplicate cluster; related records retained as supporting source evidence."
"osm-node-11212568705-ampara","Lahugala Waralanda Archaeological Site","6.8721242","81.7211703","Ampara","historic=ruins","OpenStreetMap","node/11212568705","https://www.openstreetmap.org/node/11212568705","ODbL 1.0","","","unreviewed","","","","","","",""
"osm-node-3944921267-anuradhapura","Relic Shrine","8.3671844","80.3923582","Anuradhapura","historic=archaeological_site","OpenStreetMap","node/3944921267","https://www.openstreetmap.org/node/3944921267","ODbL 1.0","","","unreviewed","","","","","","",""
"osm-node-4825681053-badulla","Huge Stone Viewpoint","6.7901117","80.8622658","Badulla","tourism=viewpoint","OpenStreetMap","node/4825681053","https://www.openstreetmap.org/node/4825681053","ODbL 1.0","","","unreviewed","","","","","","",""
"wikidata-Q29075893-colombo","St. Anthony's Shrine, Kochchikade","6.9468889","79.8560833","Colombo","church building","Wikidata","Q29075893","https://www.wikidata.org/wiki/Q29075893","CC0 1.0","","","unreviewed","","","","","","",""
"osm-node-11212568706-ampara","Lahugala Thiththawel Mandiya Welyaya Archaeological Site","6.8672845","81.7093246","Ampara","historic=ruins","OpenStreetMap","node/11212568706","https://www.openstreetmap.org/node/11212568706","ODbL 1.0","","","unreviewed","","","","","","",""
"osm-node-3944921268-anuradhapura","Main Refectory","8.3688827","80.3916769","Anuradhapura","historic=archaeological_site","OpenStreetMap","node/3944921268","https://www.openstreetmap.org/node/3944921268","ODbL 1.0","","","unreviewed","","","","","","",""
"osm-node-4966801151-badulla","St. Catharine's Seat","6.7984754","81.0167241","Badulla","tourism=viewpoint","OpenStreetMap","node/4966801151","https://www.openstreetmap.org/node/4966801151","ODbL 1.0","","","unreviewed","","","","","","",""
"osm-node-6346967804-colombo","Mondigliani Gallery","6.8771937","79.8730561","Colombo","tourism=gallery","OpenStreetMap","node/6346967804","https://www.openstreetmap.org/node/6346967804","ODbL 1.0","","","unreviewed","","","","","","",""
"osm-node-11212568707-ampara","Lahugala Elakatuwa Welyaya Archaeological Site","6.8720894","81.706259","Ampara","historic=ruins","OpenStreetMap","node/11212568707","https://www.openstreetmap.org/node/11212568707","ODbL 1.0","","","unreviewed","","","","","","",""
"osm-node-3944921271-anuradhapura","Prasada Stupa","8.3693973","80.3898215","Anuradhapura","historic=archaeological_site","OpenStreetMap","node/3944921271","https://www.openstreetmap.org/node/3944921271","ODbL 1.0","","","unreviewed","","","","","","",""
"osm-node-5167036323-badulla","Adi Hate Wala Waterfall","6.9764577","81.1862758","Badulla","tourism=viewpoint","OpenStreetMap","node/5167036323","https://www.openstreetmap.org/node/5167036323","ODbL 1.0","","","unreviewed","","","","","","",""
"wikidata-Q29388899-colombo","Kotte Museum","6.8932222","79.9052778","Colombo","museum","Wikidata","Q29388899","https://www.wikidata.org/wiki/Q29388899","CC0 1.0","dup-4ad6c0713157","osm-node-5172712575-colombo","duplicate_review","duplicate_source","","","","IT22224866","2026-08-20T14:20:15+05:30","Same itinerary POI as osm-node-5172712575-colombo; retained as supporting source evidence."
"osm-node-11212568710-ampara","Darampanawa Archaeological Site","6.9360838","81.7855066","Ampara","historic=ruins","OpenStreetMap","node/11212568710","https://www.openstreetmap.org/node/11212568710","ODbL 1.0","","","unreviewed","","","","","","",""
"osm-node-3944921272-anuradhapura","Assembly Hall","8.3687822","80.3955479","Anuradhapura","historic=archaeological_site","OpenStreetMap","node/3944921272","https://www.openstreetmap.org/node/3944921272","ODbL 1.0","","","unreviewed","","","","","","",""
"osm-node-5172591871-badulla","Akurukaduwa Limestone Cave and the Cascade","7.1225382","81.0577484","Badulla","tourism=viewpoint","OpenStreetMap","node/5172591871","https://www.openstreetmap.org/node/5172591871","ODbL 1.0","","","unreviewed","","","","","","",""
"osm-node-6467964377-colombo","Junction Art Gallery","6.9062737","79.8631171","Colombo","tourism=gallery","OpenStreetMap","node/6467964377","https://www.openstreetmap.org/node/6467964377","ODbL 1.0","","","unreviewed","","","","","","",""
"osm-node-11212568712-ampara","Hulannuge Heda Oya Stone Anicut","6.8907764","81.6455073","Ampara","historic=ruins","OpenStreetMap","node/11212568712","https://www.openstreetmap.org/node/11212568712","ODbL 1.0","","","unreviewed","","","","","","",""
"osm-node-3944966632-anuradhapura","Mahayana Stupa","8.3679488","80.3891156","Anuradhapura","historic=archaeological_site","OpenStreetMap","node/3944966632","https://www.openstreetmap.org/node/3944966632","ODbL 1.0","","","unreviewed","","","","","","",""
"osm-node-5195368022-badulla","Nagadeepa Dagoba","7.2634162","81.1069616","Badulla","historic=monument","OpenStreetMap","node/5195368022","https://www.openstreetmap.org/node/5195368022","ODbL 1.0","","","unreviewed","","","","","","",""
"wikidata-Q30589637-colombo","St. Peter's Church, Colombo","6.9375","79.8447222","Colombo","church building","Wikidata","Q30589637","https://www.wikidata.org/wiki/Q30589637","CC0 1.0","","","unreviewed","","","","","","",""
"osm-node-11212568713-ampara","Hulannuge Heda Oya Archaeological Site","6.8906925","81.6459469","Ampara","historic=ruins","OpenStreetMap","node/11212568713","https://www.openstreetmap.org/node/11212568713","ODbL 1.0","","","unreviewed","","","","","","",""
"osm-node-3944966668-anuradhapura","Cave shelter","8.3671472","80.3897089","Anuradhapura","historic=archaeological_site","OpenStreetMap","node/3944966668","https://www.openstreetmap.org/node/3944966668","ODbL 1.0","","","unreviewed","","","","","","",""
"osm-node-5305807110-badulla","Nine Arches Bridge Viewpoint","6.8760426","81.061567","Badulla","tourism=viewpoint","OpenStreetMap","node/5305807110","https://www.openstreetmap.org/node/5305807110","ODbL 1.0","dup-6cfe5373fec7","osm-node-4683733160-badulla","duplicate_review","not_duplicate_related","","","https://www.openstreetmap.org/node/4683733160","IT22224866","2026-08-20T14:25:59+05:30","Distinct Nine Arch Bridge viewpoint approximately 160 m from the related viewpoint. Retain separately, but group under the same parent attraction to prevent duplicate itinerary stops."
"osm-node-6467969244-colombo","Deshamanya Siva Ovyeskere Crafts Gallery","6.9062853","79.8630571","Colombo","tourism=gallery","OpenStreetMap","node/6467969244","https://www.openstreetmap.org/node/6467969244","ODbL 1.0","","","unreviewed","","","","","","",""
"osm-node-11212568714-ampara","Hedaoya Yaya Archaeological Site","6.8958962","81.6433852","Ampara","historic=ruins","OpenStreetMap","node/11212568714","https://www.openstreetmap.org/node/11212568714","ODbL 1.0","","","unreviewed","","","","","","",""
"osm-node-3944966680-anuradhapura","Image house","8.3698325","80.3916385","Anuradhapura","historic=archaeological_site","OpenStreetMap","node/3944966680","https://www.openstreetmap.org/node/3944966680","ODbL 1.0","","","unreviewed","","","","","","",""
"osm-node-5306203490-badulla","Uva Halpewatte Tea Factory","6.8895645","81.0347674","Badulla","tourism=attraction","OpenStreetMap","node/5306203490","https://www.openstreetmap.org/node/5306203490","ODbL 1.0","","","unreviewed","","","","","","",""
"wikidata-Q33113341-colombo","Kshetrarama Maha Vihara","6.7962778","79.8778889","Colombo","Buddhist temple","Wikidata","Q33113341","https://www.wikidata.org/wiki/Q33113341","CC0 1.0","","","unreviewed","","","","","","",""
