candidate_id,canonical_name,latitude,longitude,categories,district,district_query_id,district_query_url,source_name,source_record_id,source_url,source_license,collected_at,raw_source_tags,verification_status,duplicate_cluster_id,duplicate_candidate_ids
osm-node-10218042738-ampara,Neelagirihela Ancient Temple,6.8424214,81.7010616,historic=ruins,Ampara,relation/5351718,https://www.openstreetmap.org/relation/5351718,OpenStreetMap,node/10218042738,https://www.openstreetmap.org/node/10218042738,ODbL 1.0,2026-08-19T17:27:06+00:00,"{""historic"":""ruins"",""name"":""Neelagirihela Ancient Temple"",""query_district_name"":""Ampara"",""query_district_osm_relation_id"":""5351718""}",candidate_unverified,,
osm-node-10811136105-anuradhapura,Isurumuniya Museum,8.3343329,80.3903972,tourism=museum,Anuradhapura,relation/5351719,https://www.openstreetmap.org/relation/5351719,OpenStreetMap,node/10811136105,https://www.openstreetmap.org/node/10811136105,ODbL 1.0,2026-08-19T17:27:06+00:00,"{""name"":""Isurumuniya Museum"",""query_district_name"":""Anuradhapura"",""query_district_osm_relation_id"":""5351719"",""tourism"":""museum""}",candidate_unverified,,
osm-node-10705151378-badulla,Glenanore View Point,6.7756248,80.9327181,tourism=viewpoint,Badulla,relation/5351720,https://www.openstreetmap.org/relation/5351720,OpenStreetMap,node/10705151378,https://www.openstreetmap.org/node/10705151378,ODbL 1.0,2026-08-19T17:27:06+00:00,"{""name"":""Glenanore View Point"",""query_district_name"":""Badulla"",""query_district_osm_relation_id"":""5351720"",""tourism"":""viewpoint""}",candidate_unverified,,
osm-node-11537838643-batticaloa,Thoppigala Heritage Centre,7.8213039,81.3995706,tourism=museum,Batticaloa,relation/5351721,https://www.openstreetmap.org/relation/5351721,OpenStreetMap,node/11537838643,https://www.openstreetmap.org/node/11537838643,ODbL 1.0,2026-08-19T17:27:06+00:00,"{""name"":""Thoppigala Heritage Centre"",""query_district_name"":""Batticaloa"",""query_district_osm_relation_id"":""5351721"",""tourism"":""museum""}",candidate_unverified,,
osm-node-10107520123-colombo,Viharamahadevi Park Aquarium,6.9148992,79.8613636,tourism=aquarium,Colombo,relation/5351774,https://www.openstreetmap.org/relation/5351774,OpenStreetMap,node/10107520123,https://www.openstreetmap.org/node/10107520123,ODbL 1.0,2026-08-19T17:27:06+00:00,"{""name"":""Viharamahadevi Park Aquarium"",""query_district_name"":""Colombo"",""query_district_osm_relation_id"":""5351774"",""tourism"":""aquarium""}",candidate_unverified,,
wikidata-Q11285386-galle,Ambalangoda Mask Museum,6.24125,80.05075,museum,Galle,Q647649,https://www.wikidata.org/wiki/Q647649,Wikidata,Q11285386,https://www.wikidata.org/wiki/Q11285386,CC0 1.0,2026-08-19T17:27:06+00:00,"{""heritage_designation_ids"":[],""heritage_designation_labels"":[],""instance_ids"":[""Q33506""],""instance_labels"":[""museum""],""located_in_district_id"":""Q647649"",""query_district_name"":""Galle""}",candidate_unverified,,
osm-node-1733767869-gampaha,Bothale Walawwa,7.2480909,80.1646273,historic=castle,Gampaha,relation/5351775,https://www.openstreetmap.org/relation/5351775,OpenStreetMap,node/1733767869,https://www.openstreetmap.org/node/1733767869,ODbL 1.0,2026-08-19T17:27:06+00:00,"{""historic"":""castle"",""name"":""Bothale Walawwa"",""query_district_name"":""Gampaha"",""query_district_osm_relation_id"":""5351775""}",candidate_unverified,,
osm-node-12293524549-hambantota,Akasachaithya Ancient Monastery,6.3624298,81.4773567,historic=ruins,Hambantota,relation/5337945,https://www.openstreetmap.org/relation/5337945,OpenStreetMap,node/12293524549,https://www.openstreetmap.org/node/12293524549,ODbL 1.0,2026-08-19T17:27:06+00:00,"{""historic"":""ruins"",""name"":""Akasachaithya Ancient Monastery"",""query_district_name"":""Hambantota"",""query_district_osm_relation_id"":""5337945""}",candidate_unverified,,
osm-node-13505046725-jaffna,Giants Footprint,9.5180455,79.6581539,tourism=attraction,Jaffna,relation/3237345,https://www.openstreetmap.org/relation/3237345,OpenStreetMap,node/13505046725,https://www.openstreetmap.org/node/13505046725,ODbL 1.0,2026-08-19T17:27:06+00:00,"{""name"":""Giants Footprint"",""query_district_name"":""Jaffna"",""query_district_osm_relation_id"":""3237345"",""tourism"":""attraction""}",candidate_unverified,,
wikidata-Q19701957-kalutara,Kande Vihara,6.4491111,80.0002778,Buddhist temple,Kalutara,Q728935,https://www.wikidata.org/wiki/Q728935,Wikidata,Q19701957,https://www.wikidata.org/wiki/Q19701957,CC0 1.0,2026-08-19T17:27:06+00:00,"{""heritage_designation_ids"":[],""heritage_designation_labels"":[],""instance_ids"":[""Q5393308""],""instance_labels"":[""Buddhist temple""],""located_in_district_id"":""Q728935"",""query_district_name"":""Kalutara"",""wikipedia_url"":""https://en.wikipedia.org/wiki/Kande_Vihara""}",candidate_unverified,,
wikidata-Q20010653-kandy,"National Railway Museum, Kadugannawa",7.25761,80.5209,railway museum,Kandy,Q723002,https://www.wikidata.org/wiki/Q723002,Wikidata,Q20010653,https://www.wikidata.org/wiki/Q20010653,CC0 1.0,2026-08-19T17:27:06+00:00,"{""heritage_designation_ids"":[],""heritage_designation_labels"":[],""instance_ids"":[""Q18704634""],""instance_labels"":[""railway museum""],""located_in_district_id"":""Q723002"",""query_district_name"":""Kandy"",""wikipedia_url"":""https://en.wikipedia.org/wiki/National_Railway_Museum,_Kadugannawa""}",candidate_unverified,,
wikidata-Q18708387-kegalle,Menikkadawara fort,7.18799,80.251145,military base,Kegalle,Q1737803,https://www.wikidata.org/wiki/Q1737803,Wikidata,Q18708387,https://www.wikidata.org/wiki/Q18708387,CC0 1.0,2026-08-19T17:27:06+00:00,"{""heritage_designation_ids"":[""Q38080272""],""heritage_designation_labels"":[""Heritage of Portuguese Influence""],""instance_ids"":[""Q245016""],""instance_labels"":[""military base""],""located_in_district_id"":""Q1737803"",""query_district_name"":""Kegalle"",""wikipedia_url"":""https://en.wikipedia.org/wiki/Menikkadawara_Fort""}",candidate_unverified,,
wikidata-Q12986531-kilinochchi,Pooneryn Fort,9.50337,80.212141,fort,Kilinochchi,Q1584007,https://www.wikidata.org/wiki/Q1584007,Wikidata,Q12986531,https://www.wikidata.org/wiki/Q12986531,CC0 1.0,2026-08-19T17:27:06+00:00,"{""heritage_designation_ids"":[""Q38080272""],""heritage_designation_labels"":[""Heritage of Portuguese Influence""],""instance_ids"":[""Q1785071""],""instance_labels"":[""fort""],""located_in_district_id"":""Q1584007"",""query_district_name"":""Kilinochchi"",""wikipedia_url"":""https://en.wikipedia.org/wiki/Pooneryn_Fort""}",candidate_unverified,,
wikidata-Q18708347-kurunegala,Arandora fort,7.4697,80.4669,military base,Kurunegala,Q745073,https://www.wikidata.org/wiki/Q745073,Wikidata,Q18708347,https://www.wikidata.org/wiki/Q18708347,CC0 1.0,2026-08-19T17:27:06+00:00,"{""heritage_designation_ids"":[""Q38080272""],""heritage_designation_labels"":[""Heritage of Portuguese Influence""],""instance_ids"":[""Q245016""],""instance_labels"":[""military base""],""located_in_district_id"":""Q745073"",""query_district_name"":""Kurunegala"",""wikipedia_url"":""https://en.wikipedia.org/wiki/Arandora_fort""}",candidate_unverified,,
wikidata-Q16314732-mannar,Mannar Fort,8.975864,79.917013,fort,Mannar,Q178003,https://www.wikidata.org/wiki/Q178003,Wikidata,Q16314732,https://www.wikidata.org/wiki/Q16314732,CC0 1.0,2026-08-19T17:27:06+00:00,"{""heritage_designation_ids"":[""Q38080272""],""heritage_designation_labels"":[""Heritage of Portuguese Influence""],""instance_ids"":[""Q1785071""],""instance_labels"":[""fort""],""located_in_district_id"":""Q178003"",""query_district_name"":""Mannar"",""wikipedia_url"":""https://en.wikipedia.org/wiki/Mannar_fort""}",candidate_unverified,,
wikidata-Q16308678-matale,Matale Muthumariyamman Temple,7.4773,80.6239,Hindu temple,Matale,Q787421,https://www.wikidata.org/wiki/Q787421,Wikidata,Q16308678,https://www.wikidata.org/wiki/Q16308678,CC0 1.0,2026-08-19T17:27:06+00:00,"{""heritage_designation_ids"":[],""heritage_designation_labels"":[],""instance_ids"":[""Q842402""],""instance_labels"":[""Hindu temple""],""located_in_district_id"":""Q787421"",""query_district_name"":""Matale"",""wikipedia_url"":""https://en.wikipedia.org/wiki/Sri_Muthumariamman_Temple,_Matale""}",candidate_unverified,,
wikidata-Q7504067-matara,Shrine of Our Lady of Matara,5.9430625,80.5519375,shrine,Matara,Q1281285,https://www.wikidata.org/wiki/Q1281285,Wikidata,Q7504067,https://www.wikidata.org/wiki/Q7504067,CC0 1.0,2026-08-19T17:27:06+00:00,"{""heritage_designation_ids"":[],""heritage_designation_labels"":[],""instance_ids"":[""Q697295""],""instance_labels"":[""shrine""],""located_in_district_id"":""Q1281285"",""query_district_name"":""Matara"",""wikipedia_url"":""https://en.wikipedia.org/wiki/Shrine_of_Our_Lady_of_Matara""}",candidate_unverified,,
wikidata-Q16973445-monaragala,Dematamal viharaya,6.7563889,81.2879167,Buddhist temple,Monaragala,Q923420,https://www.wikidata.org/wiki/Q923420,Wikidata,Q16973445,https://www.wikidata.org/wiki/Q16973445,CC0 1.0,2026-08-19T17:27:06+00:00,"{""heritage_designation_ids"":[],""heritage_designation_labels"":[],""instance_ids"":[""Q5393308""],""instance_labels"":[""Buddhist temple""],""located_in_district_id"":""Q923420"",""query_district_name"":""Monaragala"",""wikipedia_url"":""https://en.wikipedia.org/wiki/Dematamal_Viharaya""}",candidate_unverified,,
wikidata-Q1146327-nuwara-eliya,Pidurutalagala,7.0008333,80.7738889,mountain|ultra-prominent peak,Nuwara Eliya,Q1583950,https://www.wikidata.org/wiki/Q1583950,Wikidata,Q1146327,https://www.wikidata.org/wiki/Q1146327,CC0 1.0,2026-08-19T17:27:06+00:00,"{""heritage_designation_ids"":[],""heritage_designation_labels"":[],""instance_ids"":[""Q3116906"",""Q8502""],""instance_labels"":[""mountain"",""ultra-prominent peak""],""located_in_district_id"":""Q1583950"",""query_district_name"":""Nuwara Eliya"",""wikipedia_url"":""https://en.wikipedia.org/wiki/Pidurutalagala""}",candidate_unverified,,
wikidata-Q110300593-polonnaruwa,"Unagalawehera Rajamaha Viharaya, Hingurakgoda",8.0136667,80.98975,religious building,Polonnaruwa,Q931057,https://www.wikidata.org/wiki/Q931057,Wikidata,Q110300593,https://www.wikidata.org/wiki/Q110300593,CC0 1.0,2026-08-19T17:27:06+00:00,"{""heritage_designation_ids"":[],""heritage_designation_labels"":[],""instance_ids"":[""Q24398318""],""instance_labels"":[""religious building""],""located_in_district_id"":""Q931057"",""query_district_name"":""Polonnaruwa"",""wikipedia_url"":""https://en.wikipedia.org/wiki/Unagalawehera_Rajamaha_Viharaya,_Hingurakgoda""}",candidate_unverified,,
wikidata-Q137177255-puttalam,Anawilundawa Sanctuary,7.7,79.8166667,Ramsar site|bird sanctuary|wildlife refuge,Puttalam,Q1665318,https://www.wikidata.org/wiki/Q1665318,Wikidata,Q137177255,https://www.wikidata.org/wiki/Q137177255,CC0 1.0,2026-08-19T17:27:06+00:00,"{""heritage_designation_ids"":[],""heritage_designation_labels"":[],""instance_ids"":[""Q1377575"",""Q19683138"",""Q2714144""],""instance_labels"":[""Ramsar site"",""bird sanctuary"",""wildlife refuge""],""located_in_district_id"":""Q1665318"",""query_district_name"":""Puttalam""}",candidate_unverified,,
wikidata-Q18708394-ratnapura,Ratnapura Portuguese fort,6.690866,80.379547,military base,Ratnapura,Q1587175,https://www.wikidata.org/wiki/Q1587175,Wikidata,Q18708394,https://www.wikidata.org/wiki/Q18708394,CC0 1.0,2026-08-19T17:27:06+00:00,"{""heritage_designation_ids"":[""Q38080272""],""heritage_designation_labels"":[""Heritage of Portuguese Influence""],""instance_ids"":[""Q245016""],""instance_labels"":[""military base""],""located_in_district_id"":""Q1587175"",""query_district_name"":""Ratnapura"",""wikipedia_url"":""https://en.wikipedia.org/wiki/Ratnapura_Portuguese_fort""}",candidate_unverified,,
wikidata-Q10666450-trincomalee,Seruvila Mangala Raja Maha Viharaya,8.3708333,81.3193889,Buddhist temple,Trincomalee,Q1493318,https://www.wikidata.org/wiki/Q1493318,Wikidata,Q10666450,https://www.wikidata.org/wiki/Q10666450,CC0 1.0,2026-08-19T17:27:06+00:00,"{""heritage_designation_ids"":[""Q1459900""],""heritage_designation_labels"":[""Tentative World Heritage Site""],""instance_ids"":[""Q5393308""],""instance_labels"":[""Buddhist temple""],""located_in_district_id"":""Q1493318"",""query_district_name"":""Trincomalee"",""wikipedia_url"":""https://en.wikipedia.org/wiki/Seruwila_Mangala_Raja_Maha_Vihara""}",candidate_unverified,,
wikidata-Q20706644-vavuniya,"Archaeological Museum, Vavuniya",8.7585556,80.5000556,museum,Vavuniya,Q527980,https://www.wikidata.org/wiki/Q527980,Wikidata,Q20706644,https://www.wikidata.org/wiki/Q20706644,CC0 1.0,2026-08-19T17:27:06+00:00,"{""heritage_designation_ids"":[],""heritage_designation_labels"":[],""instance_ids"":[""Q33506""],""instance_labels"":[""museum""],""located_in_district_id"":""Q527980"",""query_district_name"":""Vavuniya"",""wikipedia_url"":""https://en.wikipedia.org/wiki/Archaeological_Museum,_Vavuniya""}",candidate_unverified,,
wikidata-Q12984075-ampara,Thirukkovil Temple,7.13333,81.85,Hindu temple,Ampara,Q474395,https://www.wikidata.org/wiki/Q474395,Wikidata,Q12984075,https://www.wikidata.org/wiki/Q12984075,CC0 1.0,2026-08-19T17:27:06+00:00,"{""heritage_designation_ids"":[],""heritage_designation_labels"":[],""instance_ids"":[""Q842402""],""instance_labels"":[""Hindu temple""],""located_in_district_id"":""Q474395"",""query_district_name"":""Ampara"",""wikipedia_url"":""https://en.wikipedia.org/wiki/Thirukkovil_Temple""}",candidate_unverified,,
wikidata-Q126650014-anuradhapura,Ritigala Ancient Buddhist Monastery,8.11834,80.66461,archaeological site,Anuradhapura,Q612614,https://www.wikidata.org/wiki/Q612614,Wikidata,Q126650014,https://www.wikidata.org/wiki/Q126650014,CC0 1.0,2026-08-19T17:27:06+00:00,"{""heritage_designation_ids"":[],""heritage_designation_labels"":[],""instance_ids"":[""Q839954""],""instance_labels"":[""archaeological site""],""located_in_district_id"":""Q612614"",""query_district_name"":""Anuradhapura""}",candidate_unverified,dup-dc4b67ac07db,osm-node-3723220027-anuradhapura
wikidata-Q126478517-badulla,Lipton's seat,6.78068,81.0155,scenic viewpoint,Badulla,Q799713,https://www.wikidata.org/wiki/Q799713,Wikidata,Q126478517,https://www.wikidata.org/wiki/Q126478517,CC0 1.0,2026-08-19T17:27:06+00:00,"{""heritage_designation_ids"":[],""heritage_designation_labels"":[],""instance_ids"":[""Q6017969""],""instance_labels"":[""scenic viewpoint""],""located_in_district_id"":""Q799713"",""query_district_name"":""Badulla""}",candidate_unverified,,
wikidata-Q12987006-batticaloa,Batticaloa Museum,7.7115722,81.702175,museum,Batticaloa,Q810960,https://www.wikidata.org/wiki/Q810960,Wikidata,Q12987006,https://www.wikidata.org/wiki/Q12987006,CC0 1.0,2026-08-19T17:27:06+00:00,"{""heritage_designation_ids"":[],""heritage_designation_labels"":[],""instance_ids"":[""Q33506""],""instance_labels"":[""museum""],""located_in_district_id"":""Q810960"",""query_district_name"":""Batticaloa"",""wikipedia_url"":""https://en.wikipedia.org/wiki/Batticaloa_Museum""}",candidate_unverified,,
wikidata-Q1492279-colombo,Galle Face Green,6.9265546,79.8435473,park,Colombo,Q606287,https://www.wikidata.org/wiki/Q606287,Wikidata,Q1492279,https://www.wikidata.org/wiki/Q1492279,CC0 1.0,2026-08-19T17:27:06+00:00,"{""heritage_designation_ids"":[],""heritage_designation_labels"":[],""instance_ids"":[""Q22698""],""instance_labels"":[""park""],""located_in_district_id"":""Q606287"",""query_district_name"":""Colombo"",""wikipedia_url"":""https://en.wikipedia.org/wiki/Galle_Face_Green""}",candidate_unverified,,
wikidata-Q24944930-galle,Sunandarama Vihara,6.2341389,80.0570833,Buddhist temple,Galle,Q647649,https://www.wikidata.org/wiki/Q647649,Wikidata,Q24944930,https://www.wikidata.org/wiki/Q24944930,CC0 1.0,2026-08-19T17:27:06+00:00,"{""heritage_designation_ids"":[],""heritage_designation_labels"":[],""instance_ids"":[""Q5393308""],""instance_labels"":[""Buddhist temple""],""located_in_district_id"":""Q647649"",""query_district_name"":""Galle"",""wikipedia_url"":""https://en.wikipedia.org/wiki/Sunandarama_Vihara""}",candidate_unverified,,
wikidata-Q16643901-gampaha,Henarathgoda Botanical Garden,7.1,79.9861,botanical garden,Gampaha,Q206344,https://www.wikidata.org/wiki/Q206344,Wikidata,Q16643901,https://www.wikidata.org/wiki/Q16643901,CC0 1.0,2026-08-19T17:27:06+00:00,"{""heritage_designation_ids"":[],""heritage_designation_labels"":[],""instance_ids"":[""Q167346""],""instance_labels"":[""botanical garden""],""located_in_district_id"":""Q206344"",""query_district_name"":""Gampaha"",""wikipedia_url"":""https://en.wikipedia.org/wiki/Henarathgoda_Botanical_Garden""}",candidate_unverified,,
wikidata-Q18060537-hambantota,Mirijjawila Botanical Garden,6.12417,81.1225,botanical garden,Hambantota,Q723006,https://www.wikidata.org/wiki/Q723006,Wikidata,Q18060537,https://www.wikidata.org/wiki/Q18060537,CC0 1.0,2026-08-19T17:27:06+00:00,"{""heritage_designation_ids"":[],""heritage_designation_labels"":[],""instance_ids"":[""Q167346""],""instance_labels"":[""botanical garden""],""located_in_district_id"":""Q723006"",""query_district_name"":""Hambantota"",""wikipedia_url"":""https://en.wikipedia.org/wiki/Mirijjawila_Botanical_Garden""}",candidate_unverified,,
wikidata-Q11310066-jaffna,Jaffna Archaeological Museum,9.6688583,80.0242611,museum,Jaffna,Q1520182,https://www.wikidata.org/wiki/Q1520182,Wikidata,Q11310066,https://www.wikidata.org/wiki/Q11310066,CC0 1.0,2026-08-19T17:27:06+00:00,"{""heritage_designation_ids"":[],""heritage_designation_labels"":[],""instance_ids"":[""Q33506""],""instance_labels"":[""museum""],""located_in_district_id"":""Q1520182"",""query_district_name"":""Jaffna"",""wikipedia_url"":""https://en.wikipedia.org/wiki/Archaeological_Museum,_Jaffna""}",candidate_unverified,dup-46341a68e262,osm-relation-12695936-jaffna|osm-way-569288810-jaffna
wikidata-Q60754429-kalutara,Brief Garden,6.45717,80.037626,garden,Kalutara,Q728935,https://www.wikidata.org/wiki/Q728935,Wikidata,Q60754429,https://www.wikidata.org/wiki/Q60754429,CC0 1.0,2026-08-19T17:27:06+00:00,"{""heritage_designation_ids"":[],""heritage_designation_labels"":[],""instance_ids"":[""Q1107656""],""instance_labels"":[""garden""],""located_in_district_id"":""Q728935"",""query_district_name"":""Kalutara"",""wikipedia_url"":""https://en.wikipedia.org/wiki/Brief_(garden)""}",candidate_unverified,,
wikidata-Q25637940-kandy,Gadaladeniya Vihara,7.2573056,80.5560833,Buddhist temple,Kandy,Q723002,https://www.wikidata.org/wiki/Q723002,Wikidata,Q25637940,https://www.wikidata.org/wiki/Q25637940,CC0 1.0,2026-08-19T17:27:06+00:00,"{""heritage_designation_ids"":[],""heritage_designation_labels"":[],""instance_ids"":[""Q5393308""],""instance_labels"":[""Buddhist temple""],""located_in_district_id"":""Q723002"",""query_district_name"":""Kandy"",""wikipedia_url"":""https://en.wikipedia.org/wiki/Gadaladeniya_Vihara""}",candidate_unverified,,
wikidata-Q18708396-kegalle,Ruwanwella fort,7.045984,80.254049,military base,Kegalle,Q1737803,https://www.wikidata.org/wiki/Q1737803,Wikidata,Q18708396,https://www.wikidata.org/wiki/Q18708396,CC0 1.0,2026-08-19T17:27:06+00:00,"{""heritage_designation_ids"":[""Q38080272""],""heritage_designation_labels"":[""Heritage of Portuguese Influence""],""instance_ids"":[""Q245016""],""instance_labels"":[""military base""],""located_in_district_id"":""Q1737803"",""query_district_name"":""Kegalle"",""wikipedia_url"":""https://en.wikipedia.org/wiki/Ruwanwella_fort""}",candidate_unverified,,
wikidata-Q28055651-kurunegala,Ibbagala Raja Maha Vihara,7.4875278,80.3706667,Buddhist temple,Kurunegala,Q745073,https://www.wikidata.org/wiki/Q745073,Wikidata,Q28055651,https://www.wikidata.org/wiki/Q28055651,CC0 1.0,2026-08-19T17:27:06+00:00,"{""heritage_designation_ids"":[],""heritage_designation_labels"":[],""instance_ids"":[""Q5393308""],""instance_labels"":[""Buddhist temple""],""located_in_district_id"":""Q745073"",""query_district_name"":""Kurunegala"",""wikipedia_url"":""https://en.wikipedia.org/wiki/Ibbagala_Raja_Maha_Vihara""}",candidate_unverified,,
wikidata-Q18210407-mannar,"St. Sebastian's Cathedral, Mannar",8.97947,79.9072,cathedral,Mannar,Q178003,https://www.wikidata.org/wiki/Q178003,Wikidata,Q18210407,https://www.wikidata.org/wiki/Q18210407,CC0 1.0,2026-08-19T17:27:06+00:00,"{""heritage_designation_ids"":[],""heritage_designation_labels"":[],""instance_ids"":[""Q2977""],""instance_labels"":[""cathedral""],""located_in_district_id"":""Q178003"",""query_district_name"":""Mannar"",""wikipedia_url"":""https://en.wikipedia.org/wiki/St._Sebastian%27s_Cathedral,_Mannar""}",candidate_unverified,,
wikidata-Q19700397-matale,Aluvihare Rock Temple,7.4971944,80.6218611,Buddhist temple,Matale,Q787421,https://www.wikidata.org/wiki/Q787421,Wikidata,Q19700397,https://www.wikidata.org/wiki/Q19700397,CC0 1.0,2026-08-19T17:27:06+00:00,"{""heritage_designation_ids"":[],""heritage_designation_labels"":[],""instance_ids"":[""Q5393308""],""instance_labels"":[""Buddhist temple""],""located_in_district_id"":""Q787421"",""query_district_name"":""Matale"",""wikipedia_url"":""https://en.wikipedia.org/wiki/Aluvihare_Rock_Temple""}",candidate_unverified,,
wikidata-Q27441891-monaragala,Kataragama Peak,6.3866667,81.3358333,mountain,Monaragala,Q923420,https://www.wikidata.org/wiki/Q923420,Wikidata,Q27441891,https://www.wikidata.org/wiki/Q27441891,CC0 1.0,2026-08-19T17:27:06+00:00,"{""heritage_designation_ids"":[],""heritage_designation_labels"":[],""instance_ids"":[""Q8502""],""instance_labels"":[""mountain""],""located_in_district_id"":""Q923420"",""query_district_name"":""Monaragala"",""wikipedia_url"":""https://en.wikipedia.org/wiki/Kataragama_Peak""}",candidate_unverified,,
wikidata-Q123684896-nuwara-eliya,"Holy Emmanuel Church, Hanguranketha",7.1722655,80.77878,church building,Nuwara Eliya,Q1583950,https://www.wikidata.org/wiki/Q1583950,Wikidata,Q123684896,https://www.wikidata.org/wiki/Q123684896,CC0 1.0,2026-08-19T17:27:06+00:00,"{""heritage_designation_ids"":[],""heritage_designation_labels"":[],""instance_ids"":[""Q16970""],""instance_labels"":[""church building""],""located_in_district_id"":""Q1583950"",""query_district_name"":""Nuwara Eliya"",""wikipedia_url"":""https://en.wikipedia.org/wiki/Holy_Emmanuel_Church,_Hanguranketha""}",candidate_unverified,,
wikidata-Q19711952-polonnaruwa,Dimbulagala,7.86,81.1436111,mountain,Polonnaruwa,Q931057,https://www.wikidata.org/wiki/Q931057,Wikidata,Q19711952,https://www.wikidata.org/wiki/Q19711952,CC0 1.0,2026-08-19T17:27:06+00:00,"{""heritage_designation_ids"":[],""heritage_designation_labels"":[],""instance_ids"":[""Q8502""],""instance_labels"":[""mountain""],""located_in_district_id"":""Q931057"",""query_district_name"":""Polonnaruwa"",""wikipedia_url"":""https://en.wikipedia.org/wiki/Dimbulagala""}",candidate_unverified,,
wikidata-Q20680188-puttalam,Paramakanda Raja Maha Vihara,7.9166667,80,Buddhist temple,Puttalam,Q1665318,https://www.wikidata.org/wiki/Q1665318,Wikidata,Q20680188,https://www.wikidata.org/wiki/Q20680188,CC0 1.0,2026-08-19T17:27:06+00:00,"{""heritage_designation_ids"":[],""heritage_designation_labels"":[],""instance_ids"":[""Q5393308""],""instance_labels"":[""Buddhist temple""],""located_in_district_id"":""Q1665318"",""query_district_name"":""Puttalam"",""wikipedia_url"":""https://en.wikipedia.org/wiki/Paramakanda_Raja_Maha_Vihara""}",candidate_unverified,,
wikidata-Q19708548-ratnapura,Gongala,6.3858333,80.6538889,mountain,Ratnapura,Q1587175,https://www.wikidata.org/wiki/Q1587175,Wikidata,Q19708548,https://www.wikidata.org/wiki/Q19708548,CC0 1.0,2026-08-19T17:27:06+00:00,"{""heritage_designation_ids"":[],""heritage_designation_labels"":[],""instance_ids"":[""Q8502""],""instance_labels"":[""mountain""],""located_in_district_id"":""Q1587175"",""query_district_name"":""Ratnapura"",""wikipedia_url"":""https://en.wikipedia.org/wiki/Gongala""}",candidate_unverified,,
wikidata-Q18345172-trincomalee,Gokanna Temple,8.5767778,81.2416111,Buddhist temple,Trincomalee,Q1493318,https://www.wikidata.org/wiki/Q1493318,Wikidata,Q18345172,https://www.wikidata.org/wiki/Q18345172,CC0 1.0,2026-08-19T17:27:06+00:00,"{""heritage_designation_ids"":[],""heritage_designation_labels"":[],""instance_ids"":[""Q5393308""],""instance_labels"":[""Buddhist temple""],""located_in_district_id"":""Q1493318"",""query_district_name"":""Trincomalee"",""wikipedia_url"":""https://en.wikipedia.org/wiki/Gokanna_Vihara""}",candidate_unverified,,
osm-node-10243221098-ampara,Kiriwehera Rajamaha Viharaya,6.8697165,81.7195917,historic=ruins|amenity=place_of_worship,Ampara,relation/5351718,https://www.openstreetmap.org/relation/5351718,OpenStreetMap,node/10243221098,https://www.openstreetmap.org/node/10243221098,ODbL 1.0,2026-08-19T17:27:06+00:00,"{""amenity"":""place_of_worship"",""historic"":""ruins"",""name"":""Kiriwehera Rajamaha Viharaya"",""query_district_name"":""Ampara"",""query_district_osm_relation_id"":""5351718"",""religion"":""buddhist""}",candidate_unverified,,
osm-node-10811136107-anuradhapura,Octagonal ruin,8.3401821,80.3895262,tourism=attraction,Anuradhapura,relation/5351719,https://www.openstreetmap.org/relation/5351719,OpenStreetMap,node/10811136107,https://www.openstreetmap.org/node/10811136107,ODbL 1.0,2026-08-19T17:27:06+00:00,"{""name"":""Octagonal ruin"",""query_district_name"":""Anuradhapura"",""query_district_osm_relation_id"":""5351719"",""tourism"":""attraction""}",candidate_unverified,,
osm-node-11425572044-badulla,Slide & swing ella,6.8768528,81.0630019,tourism=attraction,Badulla,relation/5351720,https://www.openstreetmap.org/relation/5351720,OpenStreetMap,node/11425572044,https://www.openstreetmap.org/node/11425572044,ODbL 1.0,2026-08-19T17:27:06+00:00,"{""name"":""Slide & swing ella"",""query_district_name"":""Badulla"",""query_district_osm_relation_id"":""5351720"",""tourism"":""attraction""}",candidate_unverified,,
osm-way-219872503-batticaloa,Batticaloa Fort,7.7118007,81.7019954,historic=fort,Batticaloa,relation/5351721,https://www.openstreetmap.org/relation/5351721,OpenStreetMap,way/219872503,https://www.openstreetmap.org/way/219872503,ODbL 1.0,2026-08-19T17:27:06+00:00,"{""historic"":""fort"",""name"":""Batticaloa Fort"",""query_district_name"":""Batticaloa"",""query_district_osm_relation_id"":""5351721""}",candidate_unverified,dup-98f8e72471ed,wikidata-Q1849425-batticaloa
osm-node-10107620993-colombo,Sathutu Uyana,6.9603056,79.8649125,tourism=attraction,Colombo,relation/5351774,https://www.openstreetmap.org/relation/5351774,OpenStreetMap,node/10107620993,https://www.openstreetmap.org/node/10107620993,ODbL 1.0,2026-08-19T17:27:06+00:00,"{""name"":""Sathutu Uyana"",""query_district_name"":""Colombo"",""query_district_osm_relation_id"":""5351774"",""tourism"":""attraction""}",candidate_unverified,,
wikidata-Q29248261-galle,"Sri Pushparama Vihara, Balapitiya",6.2916389,80.0421389,Buddhist temple,Galle,Q647649,https://www.wikidata.org/wiki/Q647649,Wikidata,Q29248261,https://www.wikidata.org/wiki/Q29248261,CC0 1.0,2026-08-19T17:27:06+00:00,"{""heritage_designation_ids"":[],""heritage_designation_labels"":[],""instance_ids"":[""Q5393308""],""instance_labels"":[""Buddhist temple""],""located_in_district_id"":""Q647649"",""query_district_name"":""Galle"",""wikipedia_url"":""https://en.wikipedia.org/wiki/Sri_Pushparama_Vihara,_Balapitiya""}",candidate_unverified,,
osm-node-3431856751-gampaha,Highway Entrance Monument,6.9558728,79.8830593,historic=monument,Gampaha,relation/5351775,https://www.openstreetmap.org/relation/5351775,OpenStreetMap,node/3431856751,https://www.openstreetmap.org/node/3431856751,ODbL 1.0,2026-08-19T17:27:06+00:00,"{""historic"":""monument"",""name"":""Highway Entrance Monument"",""query_district_name"":""Gampaha"",""query_district_osm_relation_id"":""5351775""}",candidate_unverified,,
osm-node-12310418240-hambantota,Bembewa Archaeological Site,6.2879368,81.3866419,historic=ruins,Hambantota,relation/5337945,https://www.openstreetmap.org/relation/5337945,OpenStreetMap,node/12310418240,https://www.openstreetmap.org/node/12310418240,ODbL 1.0,2026-08-19T17:27:06+00:00,"{""historic"":""ruins"",""name"":""Bembewa Archaeological Site"",""query_district_name"":""Hambantota"",""query_district_osm_relation_id"":""5337945""}",candidate_unverified,,
osm-node-1642989153-jaffna,Sakkotei Cape,9.835611,80.2121949,tourism=viewpoint,Jaffna,relation/3237345,https://www.openstreetmap.org/relation/3237345,OpenStreetMap,node/1642989153,https://www.openstreetmap.org/node/1642989153,ODbL 1.0,2026-08-19T17:27:06+00:00,"{""name"":""Point Pedro"",""name:en"":""Sakkotei Cape"",""query_district_name"":""Jaffna"",""query_district_osm_relation_id"":""3237345"",""tourism"":""viewpoint""}",candidate_unverified,,
wikidata-Q28015701-kandy,Alawathugoda Saman Devalaya,7.4055833,80.6073889,temple,Kandy,Q723002,https://www.wikidata.org/wiki/Q723002,Wikidata,Q28015701,https://www.wikidata.org/wiki/Q28015701,CC0 1.0,2026-08-19T17:27:06+00:00,"{""heritage_designation_ids"":[],""heritage_designation_labels"":[],""instance_ids"":[""Q44539""],""instance_labels"":[""temple""],""located_in_district_id"":""Q723002"",""query_district_name"":""Kandy"",""wikipedia_url"":""https://en.wikipedia.org/wiki/Alawathugoda_Saman_Devalaya""}",candidate_unverified,,
wikidata-Q19820001-kegalle,Pinnawala Open Zoo,7.30056,80.3883,zoo,Kegalle,Q1737803,https://www.wikidata.org/wiki/Q1737803,Wikidata,Q19820001,https://www.wikidata.org/wiki/Q19820001,CC0 1.0,2026-08-19T17:27:06+00:00,"{""heritage_designation_ids"":[],""heritage_designation_labels"":[],""instance_ids"":[""Q43501""],""instance_labels"":[""zoo""],""located_in_district_id"":""Q1737803"",""query_district_name"":""Kegalle"",""wikipedia_url"":""https://en.wikipedia.org/wiki/Pinnawala_Open_Zoo""}",candidate_unverified,,
wikidata-Q28694713-kurunegala,Panduwasnuwara Raja Maha Vihara,7.5973056,80.1085556,Buddhist temple,Kurunegala,Q745073,https://www.wikidata.org/wiki/Q745073,Wikidata,Q28694713,https://www.wikidata.org/wiki/Q28694713,CC0 1.0,2026-08-19T17:27:06+00:00,"{""heritage_designation_ids"":[],""heritage_designation_labels"":[],""instance_ids"":[""Q5393308""],""instance_labels"":[""Buddhist temple""],""located_in_district_id"":""Q745073"",""query_district_name"":""Kurunegala"",""wikipedia_url"":""https://en.wikipedia.org/wiki/Panduwasnuwara_Raja_Maha_Vihara""}",candidate_unverified,,
wikidata-Q6395391-mannar,Ketheeswaram temple,8.9147222,79.9561111,Hindu temple,Mannar,Q178003,https://www.wikidata.org/wiki/Q178003,Wikidata,Q6395391,https://www.wikidata.org/wiki/Q6395391,CC0 1.0,2026-08-19T17:27:06+00:00,"{""heritage_designation_ids"":[],""heritage_designation_labels"":[],""instance_ids"":[""Q842402""],""instance_labels"":[""Hindu temple""],""located_in_district_id"":""Q178003"",""query_district_name"":""Mannar"",""wikipedia_url"":""https://en.wikipedia.org/wiki/Ketheeswaram_temple""}",candidate_unverified,,
wikidata-Q25104534-matale,Sera Ella Falls,7.588304,80.7549405,waterfall,Matale,Q787421,https://www.wikidata.org/wiki/Q787421,Wikidata,Q25104534,https://www.wikidata.org/wiki/Q25104534,CC0 1.0,2026-08-19T17:27:06+00:00,"{""heritage_designation_ids"":[],""heritage_designation_labels"":[],""instance_ids"":[""Q34038""],""instance_labels"":[""waterfall""],""located_in_district_id"":""Q787421"",""query_district_name"":""Matale"",""wikipedia_url"":""https://en.wikipedia.org/wiki/Sera_Ella""}",candidate_unverified,,
wikidata-Q28457340-monaragala,Buddama Raja Maha Vihara,7.0412222,81.489,Buddhist temple,Monaragala,Q923420,https://www.wikidata.org/wiki/Q923420,Wikidata,Q28457340,https://www.wikidata.org/wiki/Q28457340,CC0 1.0,2026-08-19T17:27:06+00:00,"{""heritage_designation_ids"":[],""heritage_designation_labels"":[],""instance_ids"":[""Q5393308""],""instance_labels"":[""Buddhist temple""],""located_in_district_id"":""Q923420"",""query_district_name"":""Monaragala"",""wikipedia_url"":""https://en.wikipedia.org/wiki/Buddama_Raja_Maha_Vihara""}",candidate_unverified,,
wikidata-Q19701876-nuwara-eliya,Kadadora Vihara,7.0608333,80.5972222,Buddhist temple,Nuwara Eliya,Q1583950,https://www.wikidata.org/wiki/Q1583950,Wikidata,Q19701876,https://www.wikidata.org/wiki/Q19701876,CC0 1.0,2026-08-19T17:27:06+00:00,"{""heritage_designation_ids"":[],""heritage_designation_labels"":[],""instance_ids"":[""Q5393308""],""instance_labels"":[""Buddhist temple""],""located_in_district_id"":""Q1583950"",""query_district_name"":""Nuwara Eliya"",""wikipedia_url"":""https://en.wikipedia.org/wiki/Kadadora_Vihara""}",candidate_unverified,,
wikidata-Q25637764-puttalam,Mulgirigala Raja Maha Vihara,7.9855556,80.0869167,Buddhist temple,Puttalam,Q1665318,https://www.wikidata.org/wiki/Q1665318,Wikidata,Q25637764,https://www.wikidata.org/wiki/Q25637764,CC0 1.0,2026-08-19T17:27:06+00:00,"{""heritage_designation_ids"":[],""heritage_designation_labels"":[],""instance_ids"":[""Q5393308""],""instance_labels"":[""Buddhist temple""],""located_in_district_id"":""Q1665318"",""query_district_name"":""Puttalam"",""wikipedia_url"":""https://en.wikipedia.org/wiki/Mulgirigala_Raja_Maha_Vihara""}",candidate_unverified,,
wikidata-Q21707094-ratnapura,Maha Saman Devalaya,6.6911389,80.381,temple,Ratnapura,Q1587175,https://www.wikidata.org/wiki/Q1587175,Wikidata,Q21707094,https://www.wikidata.org/wiki/Q21707094,CC0 1.0,2026-08-19T17:27:06+00:00,"{""heritage_designation_ids"":[],""heritage_designation_labels"":[],""instance_ids"":[""Q44539""],""instance_labels"":[""temple""],""located_in_district_id"":""Q1587175"",""query_district_name"":""Ratnapura"",""wikipedia_url"":""https://en.wikipedia.org/wiki/Maha_Saman_Devalaya""}",candidate_unverified,,
wikidata-Q22910742-trincomalee,Velgam Vehera,8.6456667,81.1712222,Buddhist temple,Trincomalee,Q1493318,https://www.wikidata.org/wiki/Q1493318,Wikidata,Q22910742,https://www.wikidata.org/wiki/Q22910742,CC0 1.0,2026-08-19T17:27:06+00:00,"{""heritage_designation_ids"":[],""heritage_designation_labels"":[],""instance_ids"":[""Q5393308""],""instance_labels"":[""Buddhist temple""],""located_in_district_id"":""Q1493318"",""query_district_name"":""Trincomalee"",""wikipedia_url"":""https://en.wikipedia.org/wiki/Velgam_Vehera""}",candidate_unverified,,
wikidata-Q20821270-ampara,Ovagiriya,7.2240556,81.5627222,Buddhist temple,Ampara,Q474395,https://www.wikidata.org/wiki/Q474395,Wikidata,Q20821270,https://www.wikidata.org/wiki/Q20821270,CC0 1.0,2026-08-19T17:27:06+00:00,"{""heritage_designation_ids"":[],""heritage_designation_labels"":[],""instance_ids"":[""Q5393308""],""instance_labels"":[""Buddhist temple""],""located_in_district_id"":""Q474395"",""query_district_name"":""Ampara"",""wikipedia_url"":""https://en.wikipedia.org/wiki/Ovagiriya""}",candidate_unverified,,
wikidata-Q126650602-anuradhapura,Ritigala Strict Nature Reserve,8.1301,80.6602,nature reserve,Anuradhapura,Q612614,https://www.wikidata.org/wiki/Q612614,Wikidata,Q126650602,https://www.wikidata.org/wiki/Q126650602,CC0 1.0,2026-08-19T17:27:06+00:00,"{""heritage_designation_ids"":[],""heritage_designation_labels"":[],""instance_ids"":[""Q179049""],""instance_labels"":[""nature reserve""],""located_in_district_id"":""Q612614"",""query_district_name"":""Anuradhapura""}",candidate_unverified,,
wikidata-Q126652119-badulla,Kurullangala Prehistoric Cave Paintings,6.81065,81.0641,archaeological site,Badulla,Q799713,https://www.wikidata.org/wiki/Q799713,Wikidata,Q126652119,https://www.wikidata.org/wiki/Q126652119,CC0 1.0,2026-08-19T17:27:06+00:00,"{""heritage_designation_ids"":[],""heritage_designation_labels"":[],""instance_ids"":[""Q839954""],""instance_labels"":[""archaeological site""],""located_in_district_id"":""Q799713"",""query_district_name"":""Badulla""}",candidate_unverified,,
wikidata-Q16900587-batticaloa,"St. Mary's Cathedral, Batticaloa",6.71246,81.6958,cathedral,Batticaloa,Q810960,https://www.wikidata.org/wiki/Q810960,Wikidata,Q16900587,https://www.wikidata.org/wiki/Q16900587,CC0 1.0,2026-08-19T17:27:06+00:00,"{""heritage_designation_ids"":[],""heritage_designation_labels"":[],""instance_ids"":[""Q2977""],""instance_labels"":[""cathedral""],""located_in_district_id"":""Q810960"",""query_district_name"":""Batticaloa"",""wikipedia_url"":""https://en.wikipedia.org/wiki/St._Mary%27s_Cathedral,_Batticaloa""}",candidate_unverified,,
wikidata-Q16736534-colombo,Wolvendaal Church,6.9421,79.859,church building,Colombo,Q606287,https://www.wikidata.org/wiki/Q606287,Wikidata,Q16736534,https://www.wikidata.org/wiki/Q16736534,CC0 1.0,2026-08-19T17:27:06+00:00,"{""heritage_designation_ids"":[],""heritage_designation_labels"":[],""instance_ids"":[""Q16970""],""instance_labels"":[""church building""],""located_in_district_id"":""Q606287"",""query_district_name"":""Colombo"",""wikipedia_url"":""https://en.wikipedia.org/wiki/Wolvendaal_Church""}",candidate_unverified,,
wikidata-Q6434031-galle,Kothduwa temple,6.3073167,80.0520556,Buddhist temple,Galle,Q647649,https://www.wikidata.org/wiki/Q647649,Wikidata,Q6434031,https://www.wikidata.org/wiki/Q6434031,CC0 1.0,2026-08-19T17:27:06+00:00,"{""heritage_designation_ids"":[],""heritage_designation_labels"":[],""instance_ids"":[""Q5393308""],""instance_labels"":[""Buddhist temple""],""located_in_district_id"":""Q647649"",""query_district_name"":""Galle"",""wikipedia_url"":""https://en.wikipedia.org/wiki/Kothduwa_Temple""}",candidate_unverified,,
wikidata-Q18356982-gampaha,Gampaha Botanical Garden,7.09889,79.9861,botanical garden,Gampaha,Q206344,https://www.wikidata.org/wiki/Q206344,Wikidata,Q18356982,https://www.wikidata.org/wiki/Q18356982,CC0 1.0,2026-08-19T17:27:06+00:00,"{""heritage_designation_ids"":[],""heritage_designation_labels"":[],""instance_ids"":[""Q167346""],""instance_labels"":[""botanical garden""],""located_in_district_id"":""Q206344"",""query_district_name"":""Gampaha"",""wikipedia_url"":""https://en.wikipedia.org/wiki/Gampaha_Botanical_Garden""}",candidate_unverified,,
wikidata-Q19719135-hambantota,Yatala Vehera,6.2855556,81.2758333,Buddhist temple,Hambantota,Q723006,https://www.wikidata.org/wiki/Q723006,Wikidata,Q19719135,https://www.wikidata.org/wiki/Q19719135,CC0 1.0,2026-08-19T17:27:06+00:00,"{""heritage_designation_ids"":[],""heritage_designation_labels"":[],""instance_ids"":[""Q5393308""],""instance_labels"":[""Buddhist temple""],""located_in_district_id"":""Q723006"",""query_district_name"":""Hambantota"",""wikipedia_url"":""https://en.wikipedia.org/wiki/Yatala_Vehera""}",candidate_unverified,dup-99e55b219682,osm-way-403504647-hambantota
wikidata-Q12973620-jaffna,Fort Hammenheil,9.711696,79.848006,fort,Jaffna,Q1520182,https://www.wikidata.org/wiki/Q1520182,Wikidata,Q12973620,https://www.wikidata.org/wiki/Q12973620,CC0 1.0,2026-08-19T17:27:06+00:00,"{""heritage_designation_ids"":[""Q38080272""],""heritage_designation_labels"":[""Heritage of Portuguese Influence""],""instance_ids"":[""Q1785071""],""instance_labels"":[""fort""],""located_in_district_id"":""Q1520182"",""query_district_name"":""Jaffna"",""wikipedia_url"":""https://en.wikipedia.org/wiki/Fort_Hammenhiel""}",candidate_unverified,,
wikidata-Q3217592-kandy,Lankatilaka Vihara,7.23388,80.5647,Buddhist temple,Kandy,Q723002,https://www.wikidata.org/wiki/Q723002,Wikidata,Q3217592,https://www.wikidata.org/wiki/Q3217592,CC0 1.0,2026-08-19T17:27:06+00:00,"{""heritage_designation_ids"":[],""heritage_designation_labels"":[],""instance_ids"":[""Q5393308""],""instance_labels"":[""Buddhist temple""],""located_in_district_id"":""Q723002"",""query_district_name"":""Kandy"",""wikipedia_url"":""https://en.wikipedia.org/wiki/Lankatilaka_Vihara""}",candidate_unverified,,
wikidata-Q30622076-kegalle,Beligammana Raja Maha Vihara,7.2501389,80.4545,Buddhist temple,Kegalle,Q1737803,https://www.wikidata.org/wiki/Q1737803,Wikidata,Q30622076,https://www.wikidata.org/wiki/Q30622076,CC0 1.0,2026-08-19T17:27:06+00:00,"{""heritage_designation_ids"":[],""heritage_designation_labels"":[],""instance_ids"":[""Q5393308""],""instance_labels"":[""Buddhist temple""],""located_in_district_id"":""Q1737803"",""query_district_name"":""Kegalle"",""wikipedia_url"":""https://en.wikipedia.org/wiki/Beligammana_Raja_Maha_Vihara""}",candidate_unverified,,
wikidata-Q29579545-kurunegala,Nikasala Aranya Senasanaya,7.5778611,80.1241389,Buddhist temple,Kurunegala,Q745073,https://www.wikidata.org/wiki/Q745073,Wikidata,Q29579545,https://www.wikidata.org/wiki/Q29579545,CC0 1.0,2026-08-19T17:27:06+00:00,"{""heritage_designation_ids"":[],""heritage_designation_labels"":[],""instance_ids"":[""Q5393308""],""instance_labels"":[""Buddhist temple""],""located_in_district_id"":""Q745073"",""query_district_name"":""Kurunegala"",""wikipedia_url"":""https://en.wikipedia.org/wiki/Nikasala_Aranya_Senasanaya""}",candidate_unverified,,
wikidata-Q97354617-mannar,Vankalai Sanctuary,8.9333333,79.9166667,bird sanctuary|wildlife refuge,Mannar,Q178003,https://www.wikidata.org/wiki/Q178003,Wikidata,Q97354617,https://www.wikidata.org/wiki/Q97354617,CC0 1.0,2026-08-19T17:27:06+00:00,"{""heritage_designation_ids"":[""Q19683138""],""heritage_designation_labels"":[""Ramsar site""],""instance_ids"":[""Q1377575"",""Q2714144""],""instance_labels"":[""bird sanctuary"",""wildlife refuge""],""located_in_district_id"":""Q178003"",""query_district_name"":""Mannar"",""wikipedia_url"":""https://en.wikipedia.org/wiki/Vankalai_Sanctuary""}",candidate_unverified,,
wikidata-Q272153-matale,Sigiriya,7.9569444,80.7597222,human settlement,Matale,Q787421,https://www.wikidata.org/wiki/Q787421,Wikidata,Q272153,https://www.wikidata.org/wiki/Q272153,CC0 1.0,2026-08-19T17:27:06+00:00,"{""heritage_designation_ids"":[""Q9259""],""heritage_designation_labels"":[""World Heritage Site""],""instance_ids"":[""Q486972""],""instance_labels"":[""human settlement""],""located_in_district_id"":""Q787421"",""query_district_name"":""Matale"",""wikipedia_url"":""https://en.wikipedia.org/wiki/Sigiriya""}",candidate_unverified,,
wikidata-Q2927591-monaragala,Buduruvagala,6.6870222,81.0783806,Buddhist temple,Monaragala,Q923420,https://www.wikidata.org/wiki/Q923420,Wikidata,Q2927591,https://www.wikidata.org/wiki/Q2927591,CC0 1.0,2026-08-19T17:27:06+00:00,"{""heritage_designation_ids"":[],""heritage_designation_labels"":[],""instance_ids"":[""Q5393308""],""instance_labels"":[""Buddhist temple""],""located_in_district_id"":""Q923420"",""query_district_name"":""Monaragala"",""wikipedia_url"":""https://en.wikipedia.org/wiki/Buduruvagala""}",candidate_unverified,,
wikidata-Q19710937-nuwara-eliya,Dunsinane Falls,7.0117222,80.7056667,waterfall,Nuwara Eliya,Q1583950,https://www.wikidata.org/wiki/Q1583950,Wikidata,Q19710937,https://www.wikidata.org/wiki/Q19710937,CC0 1.0,2026-08-19T17:27:06+00:00,"{""heritage_designation_ids"":[],""heritage_designation_labels"":[],""instance_ids"":[""Q34038""],""instance_labels"":[""waterfall""],""located_in_district_id"":""Q1583950"",""query_district_name"":""Nuwara Eliya"",""wikipedia_url"":""https://en.wikipedia.org/wiki/Dunsinane_Falls""}",candidate_unverified,,
wikidata-Q6936796-puttalam,Munneswaram temple,7.5807778,79.8166722,temple,Puttalam,Q1665318,https://www.wikidata.org/wiki/Q1665318,Wikidata,Q6936796,https://www.wikidata.org/wiki/Q6936796,CC0 1.0,2026-08-19T17:27:06+00:00,"{""heritage_designation_ids"":[],""heritage_designation_labels"":[],""instance_ids"":[""Q44539""],""instance_labels"":[""temple""],""located_in_district_id"":""Q1665318"",""query_district_name"":""Puttalam"",""wikipedia_url"":""https://en.wikipedia.org/wiki/Munneswaram_temple""}",candidate_unverified,,
wikidata-Q23010020-ratnapura,Delgamuwa Raja Maha Vihara,6.7758611,80.3563333,Buddhist temple,Ratnapura,Q1587175,https://www.wikidata.org/wiki/Q1587175,Wikidata,Q23010020,https://www.wikidata.org/wiki/Q23010020,CC0 1.0,2026-08-19T17:27:06+00:00,"{""heritage_designation_ids"":[],""heritage_designation_labels"":[],""instance_ids"":[""Q5393308""],""instance_labels"":[""Buddhist temple""],""located_in_district_id"":""Q1587175"",""query_district_name"":""Ratnapura"",""wikipedia_url"":""https://en.wikipedia.org/wiki/Delgamuwa_Raja_Maha_Vihara""}",candidate_unverified,,
wikidata-Q26218750-trincomalee,Maritime and Naval History Museum,8.5698056,81.2374444,museum,Trincomalee,Q1493318,https://www.wikidata.org/wiki/Q1493318,Wikidata,Q26218750,https://www.wikidata.org/wiki/Q26218750,CC0 1.0,2026-08-19T17:27:06+00:00,"{""heritage_designation_ids"":[],""heritage_designation_labels"":[],""instance_ids"":[""Q33506""],""instance_labels"":[""museum""],""located_in_district_id"":""Q1493318"",""query_district_name"":""Trincomalee"",""wikipedia_url"":""https://en.wikipedia.org/wiki/Maritime_and_Naval_History_Museum,_Trincomalee""}",candidate_unverified,,
osm-node-10243221107-ampara,Bogahalanda Natabun Viharaya,6.8695377,81.7381128,historic=ruins,Ampara,relation/5351718,https://www.openstreetmap.org/relation/5351718,OpenStreetMap,node/10243221107,https://www.openstreetmap.org/node/10243221107,ODbL 1.0,2026-08-19T17:27:06+00:00,"{""historic"":""ruins"",""name"":""Bogahalanda Natabun Viharaya"",""query_district_name"":""Ampara"",""query_district_osm_relation_id"":""5351718""}",candidate_unverified,,
osm-node-10811136108-anuradhapura,Rock cave with stone doorway,8.3265829,80.3895948,tourism=attraction,Anuradhapura,relation/5351719,https://www.openstreetmap.org/relation/5351719,OpenStreetMap,node/10811136108,https://www.openstreetmap.org/node/10811136108,ODbL 1.0,2026-08-19T17:27:06+00:00,"{""name"":""Rock cave with stone doorway"",""query_district_name"":""Anuradhapura"",""query_district_osm_relation_id"":""5351719"",""tourism"":""attraction""}",candidate_unverified,,
osm-node-11612530869-badulla,Summit level,6.848736,80.833256,tourism=attraction,Badulla,relation/5351720,https://www.openstreetmap.org/relation/5351720,OpenStreetMap,node/11612530869,https://www.openstreetmap.org/node/11612530869,ODbL 1.0,2026-08-19T17:27:06+00:00,"{""name"":""Summit level"",""name:en"":""Summit level"",""query_district_name"":""Badulla"",""query_district_osm_relation_id"":""5351720"",""tourism"":""attraction""}",candidate_unverified,,
osm-way-223504048-batticaloa,Natural History and Science Museum,7.7132065,81.69994,tourism=museum,Batticaloa,relation/5351721,https://www.openstreetmap.org/relation/5351721,OpenStreetMap,way/223504048,https://www.openstreetmap.org/way/223504048,ODbL 1.0,2026-08-19T17:27:06+00:00,"{""name"":""Natural History and Science Museum"",""query_district_name"":""Batticaloa"",""query_district_osm_relation_id"":""5351721"",""tourism"":""museum""}",candidate_unverified,,
osm-node-10160885071-colombo,Golden Jubilee 1917-1967,6.9134897,79.8581929,historic=monument,Colombo,relation/5351774,https://www.openstreetmap.org/relation/5351774,OpenStreetMap,node/10160885071,https://www.openstreetmap.org/node/10160885071,ODbL 1.0,2026-08-19T17:27:06+00:00,"{""historic"":""monument"",""name"":""Golden Jubilee 1917-1967"",""query_district_name"":""Colombo"",""query_district_osm_relation_id"":""5351774""}",candidate_unverified,,
wikidata-Q7590097-galle,"St. Mary's Cathedral, Galle",6.03606,80.2127,cathedral,Galle,Q647649,https://www.wikidata.org/wiki/Q647649,Wikidata,Q7590097,https://www.wikidata.org/wiki/Q7590097,CC0 1.0,2026-08-19T17:27:06+00:00,"{""heritage_designation_ids"":[],""heritage_designation_labels"":[],""instance_ids"":[""Q2977""],""instance_labels"":[""cathedral""],""located_in_district_id"":""Q647649"",""query_district_name"":""Galle"",""wikipedia_url"":""https://en.wikipedia.org/wiki/St._Mary%27s_Cathedral,_Galle""}",candidate_unverified,,
osm-node-4085929738-gampaha,Buddha Statue,7.0696719,79.9175114,historic=monument,Gampaha,relation/5351775,https://www.openstreetmap.org/relation/5351775,OpenStreetMap,node/4085929738,https://www.openstreetmap.org/node/4085929738,ODbL 1.0,2026-08-19T17:27:06+00:00,"{""historic"":""monument"",""name"":""Buddha Statue"",""query_district_name"":""Gampaha"",""query_district_osm_relation_id"":""5351775""}",candidate_unverified,,
osm-node-12310428142-hambantota,Dematagala Cave Temple,6.5061528,81.5285336,historic=ruins,Hambantota,relation/5337945,https://www.openstreetmap.org/relation/5337945,OpenStreetMap,node/12310428142,https://www.openstreetmap.org/node/12310428142,ODbL 1.0,2026-08-19T17:27:06+00:00,"{""historic"":""ruins"",""name"":""Dematagala Cave Temple"",""query_district_name"":""Hambantota"",""query_district_osm_relation_id"":""5337945""}",candidate_unverified,,
osm-node-1642999046-jaffna,Casuarina Beach,9.7623085,79.8858088,tourism=viewpoint,Jaffna,relation/3237345,https://www.openstreetmap.org/relation/3237345,OpenStreetMap,node/1642999046,https://www.openstreetmap.org/node/1642999046,ODbL 1.0,2026-08-19T17:27:06+00:00,"{""name"":""Casuarina Beach"",""query_district_name"":""Jaffna"",""query_district_osm_relation_id"":""3237345"",""tourism"":""viewpoint""}",candidate_unverified,,
wikidata-Q5370021-kandy,Embekka Devalaya,7.2179167,80.5677222,temple,Kandy,Q723002,https://www.wikidata.org/wiki/Q723002,Wikidata,Q5370021,https://www.wikidata.org/wiki/Q5370021,CC0 1.0,2026-08-19T17:27:06+00:00,"{""heritage_designation_ids"":[],""heritage_designation_labels"":[],""instance_ids"":[""Q44539""],""instance_labels"":[""temple""],""located_in_district_id"":""Q723002"",""query_district_name"":""Kandy"",""wikipedia_url"":""https://en.wikipedia.org/wiki/Embekka_Devalaya""}",candidate_unverified,,
wikidata-Q48732862-kegalle,Dodanthale Raja Maha Vihara,7.2299167,80.4294167,Buddhist temple,Kegalle,Q1737803,https://www.wikidata.org/wiki/Q1737803,Wikidata,Q48732862,https://www.wikidata.org/wiki/Q48732862,CC0 1.0,2026-08-19T17:27:06+00:00,"{""heritage_designation_ids"":[],""heritage_designation_labels"":[],""instance_ids"":[""Q5393308""],""instance_labels"":[""Buddhist temple""],""located_in_district_id"":""Q1737803"",""query_district_name"":""Kegalle"",""wikipedia_url"":""https://en.wikipedia.org/wiki/Dodanthale_Raja_Maha_Vihara""}",candidate_unverified,,
wikidata-Q6956453-kurunegala,Nā Uyana Monastery,7.7378472,80.516575,vihara,Kurunegala,Q745073,https://www.wikidata.org/wiki/Q745073,Wikidata,Q6956453,https://www.wikidata.org/wiki/Q6956453,CC0 1.0,2026-08-19T17:27:06+00:00,"{""heritage_designation_ids"":[],""heritage_designation_labels"":[],""instance_ids"":[""Q844619""],""instance_labels"":[""vihara""],""located_in_district_id"":""Q745073"",""query_district_name"":""Kurunegala"",""wikipedia_url"":""https://en.wikipedia.org/wiki/Na_Uyana_Aranya""}",candidate_unverified,,
wikidata-Q47516796-monaragala,Keheliya Raja Maha Vihara,6.6655,81.1270556,Buddhist temple,Monaragala,Q923420,https://www.wikidata.org/wiki/Q923420,Wikidata,Q47516796,https://www.wikidata.org/wiki/Q47516796,CC0 1.0,2026-08-19T17:27:06+00:00,"{""heritage_designation_ids"":[],""heritage_designation_labels"":[],""instance_ids"":[""Q5393308""],""instance_labels"":[""Buddhist temple""],""located_in_district_id"":""Q923420"",""query_district_name"":""Monaragala"",""wikipedia_url"":""https://en.wikipedia.org/wiki/Keheliya_Raja_Maha_Vihara""}",candidate_unverified,,
wikidata-Q20987409-nuwara-eliya,Great Western Mountain,6.9666667,80.6938889,mountain,Nuwara Eliya,Q1583950,https://www.wikidata.org/wiki/Q1583950,Wikidata,Q20987409,https://www.wikidata.org/wiki/Q20987409,CC0 1.0,2026-08-19T17:27:06+00:00,"{""heritage_designation_ids"":[],""heritage_designation_labels"":[],""instance_ids"":[""Q8502""],""instance_labels"":[""mountain""],""located_in_district_id"":""Q1583950"",""query_district_name"":""Nuwara Eliya"",""wikipedia_url"":""https://en.wikipedia.org/wiki/Great_Western_Mountain""}",candidate_unverified,,
wikidata-Q25638217-ratnapura,Abhayathilakarathnaramaya,6.7781111,80.3667778,Buddhist temple,Ratnapura,Q1587175,https://www.wikidata.org/wiki/Q1587175,Wikidata,Q25638217,https://www.wikidata.org/wiki/Q25638217,CC0 1.0,2026-08-19T17:27:06+00:00,"{""heritage_designation_ids"":[],""heritage_designation_labels"":[],""instance_ids"":[""Q5393308""],""instance_labels"":[""Buddhist temple""],""located_in_district_id"":""Q1587175"",""query_district_name"":""Ratnapura"",""wikipedia_url"":""https://en.wikipedia.org/wiki/Abhayathilakarathnaramaya""}",candidate_unverified,,
wikidata-Q3070381-trincomalee,Fort Fredrick,8.5752778,81.2413889,fort,Trincomalee,Q1493318,https://www.wikidata.org/wiki/Q1493318,Wikidata,Q3070381,https://www.wikidata.org/wiki/Q3070381,CC0 1.0,2026-08-19T17:27:06+00:00,"{""heritage_designation_ids"":[""Q38080272""],""heritage_designation_labels"":[""Heritage of Portuguese Influence""],""instance_ids"":[""Q1785071""],""instance_labels"":[""fort""],""located_in_district_id"":""Q1493318"",""query_district_name"":""Trincomalee"",""wikipedia_url"":""https://en.wikipedia.org/wiki/Fort_Fredrick""}",candidate_unverified,,
wikidata-Q20987429-ampara,Magul Maha Viharaya,6.86744,81.736836,Buddhist temple,Ampara,Q474395,https://www.wikidata.org/wiki/Q474395,Wikidata,Q20987429,https://www.wikidata.org/wiki/Q20987429,CC0 1.0,2026-08-19T17:27:06+00:00,"{""heritage_designation_ids"":[],""heritage_designation_labels"":[],""instance_ids"":[""Q5393308""],""instance_labels"":[""Buddhist temple""],""located_in_district_id"":""Q474395"",""query_district_name"":""Ampara"",""wikipedia_url"":""https://en.wikipedia.org/wiki/Magul_Maha_Viharaya""}",candidate_unverified,,
wikidata-Q16938356-anuradhapura,Vessagiri,8.35,80.3833,archaeological site,Anuradhapura,Q612614,https://www.wikidata.org/wiki/Q612614,Wikidata,Q16938356,https://www.wikidata.org/wiki/Q16938356,CC0 1.0,2026-08-19T17:27:06+00:00,"{""heritage_designation_ids"":[],""heritage_designation_labels"":[],""instance_ids"":[""Q839954""],""instance_labels"":[""archaeological site""],""located_in_district_id"":""Q612614"",""query_district_name"":""Anuradhapura"",""wikipedia_url"":""https://en.wikipedia.org/wiki/Vessagiriya""}",candidate_unverified,,
wikidata-Q126653340-badulla,Mini World's End,7.11017,81.15917,scenic viewpoint,Badulla,Q799713,https://www.wikidata.org/wiki/Q799713,Wikidata,Q126653340,https://www.wikidata.org/wiki/Q126653340,CC0 1.0,2026-08-19T17:27:06+00:00,"{""heritage_designation_ids"":[],""heritage_designation_labels"":[],""instance_ids"":[""Q6017969""],""instance_labels"":[""scenic viewpoint""],""located_in_district_id"":""Q799713"",""query_district_name"":""Badulla""}",candidate_unverified,dup-dbe98b711716,osm-node-4611099090-badulla
wikidata-Q1849425-batticaloa,Batticaloa Fort,7.711901,81.702377,fort,Batticaloa,Q810960,https://www.wikidata.org/wiki/Q810960,Wikidata,Q1849425,https://www.wikidata.org/wiki/Q1849425,CC0 1.0,2026-08-19T17:27:06+00:00,"{""heritage_designation_ids"":[""Q38080272""],""heritage_designation_labels"":[""Heritage of Portuguese Influence""],""instance_ids"":[""Q1785071""],""instance_labels"":[""fort""],""located_in_district_id"":""Q810960"",""query_district_name"":""Batticaloa"",""wikipedia_url"":""https://en.wikipedia.org/wiki/Batticaloa_fort""}",candidate_unverified,dup-98f8e72471ed,osm-way-219872503-batticaloa
wikidata-Q16979801-colombo,Isipathanaramaya Temple,6.8888,79.8656,Buddhist temple|temple,Colombo,Q606287,https://www.wikidata.org/wiki/Q606287,Wikidata,Q16979801,https://www.wikidata.org/wiki/Q16979801,CC0 1.0,2026-08-19T17:27:06+00:00,"{""heritage_designation_ids"":[],""heritage_designation_labels"":[],""instance_ids"":[""Q44539"",""Q5393308""],""instance_labels"":[""Buddhist temple"",""temple""],""located_in_district_id"":""Q606287"",""query_district_name"":""Colombo"",""wikipedia_url"":""https://en.wikipedia.org/wiki/Isipathanaramaya_Temple""}",candidate_unverified,,
wikidata-Q18708383-gampaha,Malwana Fort,6.925593,80.022208,fort,Gampaha,Q206344,https://www.wikidata.org/wiki/Q206344,Wikidata,Q18708383,https://www.wikidata.org/wiki/Q18708383,CC0 1.0,2026-08-19T17:27:06+00:00,"{""heritage_designation_ids"":[""Q38080272""],""heritage_designation_labels"":[""Heritage of Portuguese Influence""],""instance_ids"":[""Q1785071""],""instance_labels"":[""fort""],""located_in_district_id"":""Q206344"",""query_district_name"":""Gampaha"",""wikipedia_url"":""https://en.wikipedia.org/wiki/Malwana_fort""}",candidate_unverified,,
wikidata-Q2003663-hambantota,Bundala National Park,6.2138889,81.225,biosphere reserve|national park,Hambantota,Q723006,https://www.wikidata.org/wiki/Q723006,Wikidata,Q2003663,https://www.wikidata.org/wiki/Q2003663,CC0 1.0,2026-08-19T17:27:06+00:00,"{""heritage_designation_ids"":[""Q19683138""],""heritage_designation_labels"":[""Ramsar site""],""instance_ids"":[""Q158454"",""Q46169""],""instance_labels"":[""biosphere reserve"",""national park""],""located_in_district_id"":""Q723006"",""query_district_name"":""Hambantota"",""wikipedia_url"":""https://en.wikipedia.org/wiki/Bundala_National_Park""}",candidate_unverified,,
wikidata-Q12975379-jaffna,Kayts Island Fort,9.700808,79.852035,fort,Jaffna,Q1520182,https://www.wikidata.org/wiki/Q1520182,Wikidata,Q12975379,https://www.wikidata.org/wiki/Q12975379,CC0 1.0,2026-08-19T17:27:06+00:00,"{""heritage_designation_ids"":[""Q38080272""],""heritage_designation_labels"":[""Heritage of Portuguese Influence""],""instance_ids"":[""Q1785071""],""instance_labels"":[""fort""],""located_in_district_id"":""Q1520182"",""query_district_name"":""Jaffna"",""wikipedia_url"":""https://en.wikipedia.org/wiki/Kayts_Island_Fort""}",candidate_unverified,dup-7b0d8e80917b,osm-node-5627300060-jaffna
wikidata-Q7332903-kurunegala,Ridi Viharaya,7.55,80.4833333,Buddhist temple,Kurunegala,Q745073,https://www.wikidata.org/wiki/Q745073,Wikidata,Q7332903,https://www.wikidata.org/wiki/Q7332903,CC0 1.0,2026-08-19T17:27:06+00:00,"{""heritage_designation_ids"":[],""heritage_designation_labels"":[],""instance_ids"":[""Q5393308""],""instance_labels"":[""Buddhist temple""],""located_in_district_id"":""Q745073"",""query_district_name"":""Kurunegala"",""wikipedia_url"":""https://en.wikipedia.org/wiki/Ridi_Viharaya""}",candidate_unverified,,
wikidata-Q47520138-monaragala,Kanabiso Pokuna Raja Maha Vihara,6.6549444,81.1483611,Buddhist temple,Monaragala,Q923420,https://www.wikidata.org/wiki/Q923420,Wikidata,Q47520138,https://www.wikidata.org/wiki/Q47520138,CC0 1.0,2026-08-19T17:27:06+00:00,"{""heritage_designation_ids"":[],""heritage_designation_labels"":[],""instance_ids"":[""Q5393308""],""instance_labels"":[""Buddhist temple""],""located_in_district_id"":""Q923420"",""query_district_name"":""Monaragala"",""wikipedia_url"":""https://en.wikipedia.org/wiki/Kanabiso_Pokuna_Raja_Maha_Vihara""}",candidate_unverified,,
wikidata-Q21000644-nuwara-eliya,Pusulpitiya Raja Maha Vihara,7.0554,80.6482,Buddhist temple,Nuwara Eliya,Q1583950,https://www.wikidata.org/wiki/Q1583950,Wikidata,Q21000644,https://www.wikidata.org/wiki/Q21000644,CC0 1.0,2026-08-19T17:27:06+00:00,"{""heritage_designation_ids"":[],""heritage_designation_labels"":[],""instance_ids"":[""Q5393308""],""instance_labels"":[""Buddhist temple""],""located_in_district_id"":""Q1583950"",""query_district_name"":""Nuwara Eliya"",""wikipedia_url"":""https://en.wikipedia.org/wiki/Pusulpitiya_Raja_Maha_Vihara""}",candidate_unverified,,
wikidata-Q27445571-ratnapura,Kukulugala,6.6644444,80.2638889,mountain,Ratnapura,Q1587175,https://www.wikidata.org/wiki/Q1587175,Wikidata,Q27445571,https://www.wikidata.org/wiki/Q27445571,CC0 1.0,2026-08-19T17:27:06+00:00,"{""heritage_designation_ids"":[],""heritage_designation_labels"":[],""instance_ids"":[""Q8502""],""instance_labels"":[""mountain""],""located_in_district_id"":""Q1587175"",""query_district_name"":""Ratnapura"",""wikipedia_url"":""https://en.wikipedia.org/wiki/Kukulugala""}",candidate_unverified,,
wikidata-Q48733604-trincomalee,Girihandu Seya,8.8703889,81.0072778,Buddhist temple,Trincomalee,Q1493318,https://www.wikidata.org/wiki/Q1493318,Wikidata,Q48733604,https://www.wikidata.org/wiki/Q48733604,CC0 1.0,2026-08-19T17:27:06+00:00,"{""heritage_designation_ids"":[],""heritage_designation_labels"":[],""instance_ids"":[""Q5393308""],""instance_labels"":[""Buddhist temple""],""located_in_district_id"":""Q1493318"",""query_district_name"":""Trincomalee"",""wikipedia_url"":""https://en.wikipedia.org/wiki/Girihandu_Seya""}",candidate_unverified,,
osm-node-10289187718-ampara,Kitulana Tank View,6.8886092,81.7197349,tourism=viewpoint,Ampara,relation/5351718,https://www.openstreetmap.org/relation/5351718,OpenStreetMap,node/10289187718,https://www.openstreetmap.org/node/10289187718,ODbL 1.0,2026-08-19T17:27:06+00:00,"{""name"":""Kitulana Tank View"",""query_district_name"":""Ampara"",""query_district_osm_relation_id"":""5351718"",""tourism"":""viewpoint""}",candidate_unverified,,
osm-node-10877048230-anuradhapura,Sarananda Pirivena Buddha statue,8.3360224,80.3950396,historic=monument,Anuradhapura,relation/5351719,https://www.openstreetmap.org/relation/5351719,OpenStreetMap,node/10877048230,https://www.openstreetmap.org/node/10877048230,ODbL 1.0,2026-08-19T17:27:06+00:00,"{""historic"":""monument"",""name"":""Sarananda Pirivena Buddha statue"",""query_district_name"":""Anuradhapura"",""query_district_osm_relation_id"":""5351719""}",candidate_unverified,,
osm-node-12526403873-badulla,Secret Viewpoint,6.7881097,81.0039914,tourism=viewpoint,Badulla,relation/5351720,https://www.openstreetmap.org/relation/5351720,OpenStreetMap,node/12526403873,https://www.openstreetmap.org/node/12526403873,ODbL 1.0,2026-08-19T17:27:06+00:00,"{""name"":""Secret Viewpoint"",""query_district_name"":""Badulla"",""query_district_osm_relation_id"":""5351720"",""tourism"":""viewpoint""}",candidate_unverified,,
osm-way-238423280-batticaloa,St. Mary's Cathedral,7.712446,81.696032,tourism=attraction|historic=yes|amenity=place_of_worship,Batticaloa,relation/5351721,https://www.openstreetmap.org/relation/5351721,OpenStreetMap,way/238423280,https://www.openstreetmap.org/way/238423280,ODbL 1.0,2026-08-19T17:27:06+00:00,"{""amenity"":""place_of_worship"",""denomination"":""roman_catholic"",""historic"":""yes"",""name"":""புனித மரியன்னை பேராலயம்"",""name:en"":""St. Mary's Cathedral"",""query_district_name"":""Batticaloa"",""query_district_osm_relation_id"":""5351721"",""religion"":""christian"",""tourism"":""attraction"",""website"":""https://battidiocese.org/""}",candidate_unverified,,
osm-node-11134292004-colombo,Jayawadanagama Monument,6.8860539,79.9408927,historic=monument,Colombo,relation/5351774,https://www.openstreetmap.org/relation/5351774,OpenStreetMap,node/11134292004,https://www.openstreetmap.org/node/11134292004,ODbL 1.0,2026-08-19T17:27:06+00:00,"{""historic"":""monument"",""name"":""Jayawadanagama Monument"",""query_district_name"":""Colombo"",""query_district_osm_relation_id"":""5351774""}",candidate_unverified,,
osm-node-4087936840-gampaha,Navy War Heros Monument,7.0189474,79.89985,historic=monument,Gampaha,relation/5351775,https://www.openstreetmap.org/relation/5351775,OpenStreetMap,node/4087936840,https://www.openstreetmap.org/node/4087936840,ODbL 1.0,2026-08-19T17:27:06+00:00,"{""historic"":""monument"",""name"":""Navy War Heros Monument"",""query_district_name"":""Gampaha"",""query_district_osm_relation_id"":""5351775""}",candidate_unverified,,
osm-node-12310552216-hambantota,Gonagala Ancient Temple,6.33052,81.4492465,historic=ruins,Hambantota,relation/5337945,https://www.openstreetmap.org/relation/5337945,OpenStreetMap,node/12310552216,https://www.openstreetmap.org/node/12310552216,ODbL 1.0,2026-08-19T17:27:06+00:00,"{""historic"":""ruins"",""name"":""Gonagala Ancient Temple"",""query_district_name"":""Hambantota"",""query_district_osm_relation_id"":""5337945""}",candidate_unverified,,
osm-node-1841131303-jaffna,Manal Kadu Beach,9.7727564,80.2764737,tourism=viewpoint,Jaffna,relation/3237345,https://www.openstreetmap.org/relation/3237345,OpenStreetMap,node/1841131303,https://www.openstreetmap.org/node/1841131303,ODbL 1.0,2026-08-19T17:27:06+00:00,"{""name"":""Manal Kadu Beach"",""query_district_name"":""Jaffna"",""query_district_osm_relation_id"":""3237345"",""tourism"":""viewpoint""}",candidate_unverified,,
wikidata-Q6415081-monaragala,Kiri Vehera,6.7,81.55,stupa,Monaragala,Q923420,https://www.wikidata.org/wiki/Q923420,Wikidata,Q6415081,https://www.wikidata.org/wiki/Q6415081,CC0 1.0,2026-08-19T17:27:06+00:00,"{""heritage_designation_ids"":[],""heritage_designation_labels"":[],""instance_ids"":[""Q180987""],""instance_labels"":[""stupa""],""located_in_district_id"":""Q923420"",""query_district_name"":""Monaragala"",""wikipedia_url"":""https://en.wikipedia.org/wiki/Kiri_Vehera""}",candidate_unverified,,
wikidata-Q23584970-nuwara-eliya,Conical Hill,6.9125,80.7758333,mountain,Nuwara Eliya,Q1583950,https://www.wikidata.org/wiki/Q1583950,Wikidata,Q23584970,https://www.wikidata.org/wiki/Q23584970,CC0 1.0,2026-08-19T17:27:06+00:00,"{""heritage_designation_ids"":[],""heritage_designation_labels"":[],""instance_ids"":[""Q8502""],""instance_labels"":[""mountain""],""located_in_district_id"":""Q1583950"",""query_district_name"":""Nuwara Eliya"",""wikipedia_url"":""https://en.wikipedia.org/wiki/Conical_Hill_(Sri_Lanka)""}",candidate_unverified,,
wikidata-Q33101684-ratnapura,Aramanapola Raja Maha Vihara,6.6345278,80.5228333,Buddhist temple,Ratnapura,Q1587175,https://www.wikidata.org/wiki/Q1587175,Wikidata,Q33101684,https://www.wikidata.org/wiki/Q33101684,CC0 1.0,2026-08-19T17:27:06+00:00,"{""heritage_designation_ids"":[],""heritage_designation_labels"":[],""instance_ids"":[""Q5393308""],""instance_labels"":[""Buddhist temple""],""located_in_district_id"":""Q1587175"",""query_district_name"":""Ratnapura"",""wikipedia_url"":""https://en.wikipedia.org/wiki/Aramanapola_Raja_Maha_Vihara""}",candidate_unverified,,
wikidata-Q7193301-trincomalee,Pigeon Island National Park,8.7166667,81.2,national park,Trincomalee,Q1493318,https://www.wikidata.org/wiki/Q1493318,Wikidata,Q7193301,https://www.wikidata.org/wiki/Q7193301,CC0 1.0,2026-08-19T17:27:06+00:00,"{""heritage_designation_ids"":[],""heritage_designation_labels"":[],""instance_ids"":[""Q46169""],""instance_labels"":[""national park""],""located_in_district_id"":""Q1493318"",""query_district_name"":""Trincomalee"",""wikipedia_url"":""https://en.wikipedia.org/wiki/Pigeon_Island_National_Park""}",candidate_unverified,,
wikidata-Q25637751-ampara,Piyangala Forest Hermitage,7.4961111,81.6315556,Buddhist temple,Ampara,Q474395,https://www.wikidata.org/wiki/Q474395,Wikidata,Q25637751,https://www.wikidata.org/wiki/Q25637751,CC0 1.0,2026-08-19T17:27:06+00:00,"{""heritage_designation_ids"":[],""heritage_designation_labels"":[],""instance_ids"":[""Q5393308""],""instance_labels"":[""Buddhist temple""],""located_in_district_id"":""Q474395"",""query_district_name"":""Ampara"",""wikipedia_url"":""https://en.wikipedia.org/wiki/Piyangala_Aranya_Senasanaya""}",candidate_unverified,,
wikidata-Q1961579-anuradhapura,Jetavanaramaya,8.351667,80.403611,stupa,Anuradhapura,Q612614,https://www.wikidata.org/wiki/Q612614,Wikidata,Q1961579,https://www.wikidata.org/wiki/Q1961579,CC0 1.0,2026-08-19T17:27:06+00:00,"{""heritage_designation_ids"":[],""heritage_designation_labels"":[],""instance_ids"":[""Q180987""],""instance_labels"":[""stupa""],""located_in_district_id"":""Q612614"",""query_district_name"":""Anuradhapura"",""wikipedia_url"":""https://en.wikipedia.org/wiki/Jetavanaramaya""}",candidate_unverified,,
wikidata-Q18708370-badulla,Haldummulla fort,6.76435,80.882657,military base,Badulla,Q799713,https://www.wikidata.org/wiki/Q799713,Wikidata,Q18708370,https://www.wikidata.org/wiki/Q18708370,CC0 1.0,2026-08-19T17:27:06+00:00,"{""heritage_designation_ids"":[""Q38080272""],""heritage_designation_labels"":[""Heritage of Portuguese Influence""],""instance_ids"":[""Q245016""],""instance_labels"":[""military base""],""located_in_district_id"":""Q799713"",""query_district_name"":""Badulla"",""wikipedia_url"":""https://en.wikipedia.org/wiki/Haldummulla_fort""}",candidate_unverified,,
wikidata-Q20987385-batticaloa,"Church of Our Lady of Presentation, Batticaloa",7.720159,81.69526,church building,Batticaloa,Q810960,https://www.wikidata.org/wiki/Q810960,Wikidata,Q20987385,https://www.wikidata.org/wiki/Q20987385,CC0 1.0,2026-08-19T17:27:06+00:00,"{""heritage_designation_ids"":[],""heritage_designation_labels"":[],""instance_ids"":[""Q16970""],""instance_labels"":[""church building""],""located_in_district_id"":""Q810960"",""query_district_name"":""Batticaloa"",""wikipedia_url"":""https://en.wikipedia.org/wiki/Church_of_Our_Lady_of_Presentation,_Batticaloa""}",candidate_unverified,,
wikidata-Q18164047-colombo,Cathedral of Christ the Living Saviour,6.90382,79.8733,cathedral,Colombo,Q606287,https://www.wikidata.org/wiki/Q606287,Wikidata,Q18164047,https://www.wikidata.org/wiki/Q18164047,CC0 1.0,2026-08-19T17:27:06+00:00,"{""heritage_designation_ids"":[],""heritage_designation_labels"":[],""instance_ids"":[""Q2977""],""instance_labels"":[""cathedral""],""located_in_district_id"":""Q606287"",""query_district_name"":""Colombo"",""wikipedia_url"":""https://en.wikipedia.org/wiki/Cathedral_of_Christ_the_Living_Saviour""}",candidate_unverified,,
wikidata-Q18756153-gampaha,Negombo Fort,7.208333,79.830556,fort,Gampaha,Q206344,https://www.wikidata.org/wiki/Q206344,Wikidata,Q18756153,https://www.wikidata.org/wiki/Q18756153,CC0 1.0,2026-08-19T17:27:06+00:00,"{""heritage_designation_ids"":[""Q38080272""],""heritage_designation_labels"":[""Heritage of Portuguese Influence""],""instance_ids"":[""Q1785071""],""instance_labels"":[""fort""],""located_in_district_id"":""Q206344"",""query_district_name"":""Gampaha"",""wikipedia_url"":""https://en.wikipedia.org/wiki/Negombo_fort""}",candidate_unverified,dup-aeedab17bd85,osm-way-196057979-gampaha
wikidata-Q20216036-hambantota,Mulkirigala Raja Maha Vihara,6.12305,80.7364,Buddhist temple,Hambantota,Q723006,https://www.wikidata.org/wiki/Q723006,Wikidata,Q20216036,https://www.wikidata.org/wiki/Q20216036,CC0 1.0,2026-08-19T17:27:06+00:00,"{""heritage_designation_ids"":[],""heritage_designation_labels"":[],""instance_ids"":[""Q5393308""],""instance_labels"":[""Buddhist temple""],""located_in_district_id"":""Q723006"",""query_district_name"":""Hambantota"",""wikipedia_url"":""https://en.wikipedia.org/wiki/Mulkirigala_Raja_Maha_Vihara""}",candidate_unverified,,
wikidata-Q15263839-jaffna,Old Park,9.6587222,80.0294722,park,Jaffna,Q1520182,https://www.wikidata.org/wiki/Q1520182,Wikidata,Q15263839,https://www.wikidata.org/wiki/Q15263839,CC0 1.0,2026-08-19T17:27:06+00:00,"{""heritage_designation_ids"":[],""heritage_designation_labels"":[],""instance_ids"":[""Q22698""],""instance_labels"":[""park""],""located_in_district_id"":""Q1520182"",""query_district_name"":""Jaffna"",""wikipedia_url"":""https://en.wikipedia.org/wiki/Old_Park""}",candidate_unverified,,
wikidata-Q23585009-nuwara-eliya,Kudahagala,6.8130556,80.7830556,mountain,Nuwara Eliya,Q1583950,https://www.wikidata.org/wiki/Q1583950,Wikidata,Q23585009,https://www.wikidata.org/wiki/Q23585009,CC0 1.0,2026-08-19T17:27:06+00:00,"{""heritage_designation_ids"":[],""heritage_designation_labels"":[],""instance_ids"":[""Q8502""],""instance_labels"":[""mountain""],""located_in_district_id"":""Q1583950"",""query_district_name"":""Nuwara Eliya"",""wikipedia_url"":""https://en.wikipedia.org/wiki/Kudahagala""}",candidate_unverified,,
wikidata-Q38250559-ratnapura,Uggal Aluthnuwara Kataragama Devalaya,6.6841667,80.7468611,temple,Ratnapura,Q1587175,https://www.wikidata.org/wiki/Q1587175,Wikidata,Q38250559,https://www.wikidata.org/wiki/Q38250559,CC0 1.0,2026-08-19T17:27:06+00:00,"{""heritage_designation_ids"":[],""heritage_designation_labels"":[],""instance_ids"":[""Q44539""],""instance_labels"":[""temple""],""located_in_district_id"":""Q1587175"",""query_district_name"":""Ratnapura"",""wikipedia_url"":""https://en.wikipedia.org/wiki/Uggal_Aluthnuwara_Kataragama_Devalaya""}",candidate_unverified,,
wikidata-Q840346-trincomalee,Koneswaram Temple,8.5825,81.2455556,temple,Trincomalee,Q1493318,https://www.wikidata.org/wiki/Q1493318,Wikidata,Q840346,https://www.wikidata.org/wiki/Q840346,CC0 1.0,2026-08-19T17:27:06+00:00,"{""heritage_designation_ids"":[],""heritage_designation_labels"":[],""instance_ids"":[""Q44539""],""instance_labels"":[""temple""],""located_in_district_id"":""Q1493318"",""query_district_name"":""Trincomalee"",""wikipedia_url"":""https://en.wikipedia.org/wiki/Koneswaram_Temple""}",candidate_unverified,,
osm-node-10537478691-ampara,Bambaragasthalawa Naga Pabbatha Monastery,6.6443041,81.7221168,historic=archaeological_site,Ampara,relation/5351718,https://www.openstreetmap.org/relation/5351718,OpenStreetMap,node/10537478691,https://www.openstreetmap.org/node/10537478691,ODbL 1.0,2026-08-19T17:27:06+00:00,"{""historic"":""archaeological_site"",""name"":""Bambaragasthalawa Naga Pabbatha Monastery"",""query_district_name"":""Ampara"",""query_district_osm_relation_id"":""5351718"",""religion"":""buddhist""}",candidate_unverified,,
osm-node-11482826691-anuradhapura,Ranmasu Uyana - Star Gate,8.3372563,80.3899496,historic=monument,Anuradhapura,relation/5351719,https://www.openstreetmap.org/relation/5351719,OpenStreetMap,node/11482826691,https://www.openstreetmap.org/node/11482826691,ODbL 1.0,2026-08-19T17:27:06+00:00,"{""historic"":""monument"",""name"":""Ranmasu Uyana - Star Gate"",""query_district_name"":""Anuradhapura"",""query_district_osm_relation_id"":""5351719""}",candidate_unverified,,
osm-node-12578912787-badulla,Black Bridge,6.8226545,80.8334106,tourism=attraction,Badulla,relation/5351720,https://www.openstreetmap.org/relation/5351720,OpenStreetMap,node/12578912787,https://www.openstreetmap.org/node/12578912787,ODbL 1.0,2026-08-19T17:27:06+00:00,"{""name"":""Black Bridge"",""query_district_name"":""Badulla"",""query_district_osm_relation_id"":""5351720"",""tourism"":""attraction""}",candidate_unverified,,
osm-way-457180593-batticaloa,M.S.W.Cultural hall,7.6116461,81.7090862,tourism=museum,Batticaloa,relation/5351721,https://www.openstreetmap.org/relation/5351721,OpenStreetMap,way/457180593,https://www.openstreetmap.org/way/457180593,ODbL 1.0,2026-08-19T17:27:06+00:00,"{""name"":""M.S.W.Cultural hall"",""query_district_name"":""Batticaloa"",""query_district_osm_relation_id"":""5351721"",""tourism"":""museum""}",candidate_unverified,,
osm-node-13011179161-colombo,Good Market fair trade and organic market,6.9061323,79.8644793,tourism=attraction,Colombo,relation/5351774,https://www.openstreetmap.org/relation/5351774,OpenStreetMap,node/13011179161,https://www.openstreetmap.org/node/13011179161,ODbL 1.0,2026-08-19T17:27:06+00:00,"{""name"":""Good Market fair trade and organic market"",""query_district_name"":""Colombo"",""query_district_osm_relation_id"":""5351774"",""tourism"":""attraction""}",candidate_unverified,,
osm-node-4148240216-gampaha,Buddha Statue,7.0883159,80.0116014,historic=monument,Gampaha,relation/5351775,https://www.openstreetmap.org/relation/5351775,OpenStreetMap,node/4148240216,https://www.openstreetmap.org/node/4148240216,ODbL 1.0,2026-08-19T17:27:06+00:00,"{""historic"":""monument"",""name"":""Buddha Statue"",""query_district_name"":""Gampaha"",""query_district_osm_relation_id"":""5351775""}",candidate_unverified,,
osm-node-12310552370-hambantota,Kanabiso Galge Buddhist Monastic Complex,6.5061832,81.6072485,historic=ruins,Hambantota,relation/5337945,https://www.openstreetmap.org/relation/5337945,OpenStreetMap,node/12310552370,https://www.openstreetmap.org/node/12310552370,ODbL 1.0,2026-08-19T17:27:06+00:00,"{""historic"":""ruins"",""name"":""Kanabiso Galge Buddhist Monastic Complex"",""query_district_name"":""Hambantota"",""query_district_osm_relation_id"":""5337945""}",candidate_unverified,,
osm-node-2059494458-jaffna,Thileepan Memorial,9.6736935,80.0273674,historic=monument,Jaffna,relation/3237345,https://www.openstreetmap.org/relation/3237345,OpenStreetMap,node/2059494458,https://www.openstreetmap.org/node/2059494458,ODbL 1.0,2026-08-19T17:27:06+00:00,"{""historic"":""monument"",""name"":""Thileepan Memorial"",""query_district_name"":""Jaffna"",""query_district_osm_relation_id"":""3237345""}",candidate_unverified,,
wikidata-Q23585049-nuwara-eliya,One Tree Hill,6.9577778,80.7625,mountain,Nuwara Eliya,Q1583950,https://www.wikidata.org/wiki/Q1583950,Wikidata,Q23585049,https://www.wikidata.org/wiki/Q23585049,CC0 1.0,2026-08-19T17:27:06+00:00,"{""heritage_designation_ids"":[],""heritage_designation_labels"":[],""instance_ids"":[""Q8502""],""instance_labels"":[""mountain""],""located_in_district_id"":""Q1583950"",""query_district_name"":""Nuwara Eliya"",""wikipedia_url"":""https://en.wikipedia.org/wiki/One_Tree_Hill_(Sri_Lanka)""}",candidate_unverified,,
wikidata-Q51878918-ratnapura,Surathali Falls,6.7458333,80.8288889,waterfall,Ratnapura,Q1587175,https://www.wikidata.org/wiki/Q1587175,Wikidata,Q51878918,https://www.wikidata.org/wiki/Q51878918,CC0 1.0,2026-08-19T17:27:06+00:00,"{""heritage_designation_ids"":[],""heritage_designation_labels"":[],""instance_ids"":[""Q34038""],""instance_labels"":[""waterfall""],""located_in_district_id"":""Q1587175"",""query_district_name"":""Ratnapura"",""wikipedia_url"":""https://en.wikipedia.org/wiki/Surathali_Falls""}",candidate_unverified,,
wikidata-Q96658222-trincomalee,Lankapatuna Samudragiri Viharaya,8.3572,81.3896,Buddhist temple,Trincomalee,Q1493318,https://www.wikidata.org/wiki/Q1493318,Wikidata,Q96658222,https://www.wikidata.org/wiki/Q96658222,CC0 1.0,2026-08-19T17:27:06+00:00,"{""heritage_designation_ids"":[],""heritage_designation_labels"":[],""instance_ids"":[""Q5393308""],""instance_labels"":[""Buddhist temple""],""located_in_district_id"":""Q1493318"",""query_district_name"":""Trincomalee"",""wikipedia_url"":""https://en.wikipedia.org/wiki/Lankapatuna_Samudragiri_Viharaya""}",candidate_unverified,,
wikidata-Q25637783-ampara,Udayagiri Raja Maha Vihara,7.3824167,81.6326111,Buddhist temple,Ampara,Q474395,https://www.wikidata.org/wiki/Q474395,Wikidata,Q25637783,https://www.wikidata.org/wiki/Q25637783,CC0 1.0,2026-08-19T17:27:06+00:00,"{""heritage_designation_ids"":[],""heritage_designation_labels"":[],""instance_ids"":[""Q5393308""],""instance_labels"":[""Buddhist temple""],""located_in_district_id"":""Q474395"",""query_district_name"":""Ampara"",""wikipedia_url"":""https://en.wikipedia.org/wiki/Udayagiri_Raja_Maha_Vihara""}",candidate_unverified,,
wikidata-Q19719626-anuradhapura,Ritigala,8.1086111,80.6561111,mountain,Anuradhapura,Q612614,https://www.wikidata.org/wiki/Q612614,Wikidata,Q19719626,https://www.wikidata.org/wiki/Q19719626,CC0 1.0,2026-08-19T17:27:06+00:00,"{""heritage_designation_ids"":[],""heritage_designation_labels"":[],""instance_ids"":[""Q8502""],""instance_labels"":[""mountain""],""located_in_district_id"":""Q612614"",""query_district_name"":""Anuradhapura"",""wikipedia_url"":""https://en.wikipedia.org/wiki/Ritigala""}",candidate_unverified,,
wikidata-Q19718381-badulla,Mahiyangana Raja Maha Vihara,7.3220556,80.9908056,Buddhist temple,Badulla,Q799713,https://www.wikidata.org/wiki/Q799713,Wikidata,Q19718381,https://www.wikidata.org/wiki/Q19718381,CC0 1.0,2026-08-19T17:27:06+00:00,"{""heritage_designation_ids"":[],""heritage_designation_labels"":[],""instance_ids"":[""Q5393308""],""instance_labels"":[""Buddhist temple""],""located_in_district_id"":""Q799713"",""query_district_name"":""Badulla"",""wikipedia_url"":""https://en.wikipedia.org/wiki/Mahiyangana_Raja_Maha_Vihara""}",candidate_unverified,,
wikidata-Q25551289-batticaloa,Kokkadicholai Thaanthonreeswarar Temple,7.6166667,81.7166667,Hindu temple,Batticaloa,Q810960,https://www.wikidata.org/wiki/Q810960,Wikidata,Q25551289,https://www.wikidata.org/wiki/Q25551289,CC0 1.0,2026-08-19T17:27:06+00:00,"{""heritage_designation_ids"":[],""heritage_designation_labels"":[],""instance_ids"":[""Q842402""],""instance_labels"":[""Hindu temple""],""located_in_district_id"":""Q810960"",""query_district_name"":""Batticaloa"",""wikipedia_url"":""https://en.wikipedia.org/wiki/Kokkadicholai_Thaanthonreeswarar_Temple""}",candidate_unverified,,
wikidata-Q18708372-colombo,Hanwella fort,6.909695,80.082496,military base,Colombo,Q606287,https://www.wikidata.org/wiki/Q606287,Wikidata,Q18708372,https://www.wikidata.org/wiki/Q18708372,CC0 1.0,2026-08-19T17:27:06+00:00,"{""heritage_designation_ids"":[""Q38080272""],""heritage_designation_labels"":[""Heritage of Portuguese Influence""],""instance_ids"":[""Q245016""],""instance_labels"":[""military base""],""located_in_district_id"":""Q606287"",""query_district_name"":""Colombo"",""wikipedia_url"":""https://en.wikipedia.org/wiki/Hanwella_fort""}",candidate_unverified,,
wikidata-Q19707959-gampaha,"Asgiriya Raja Maha Vihara, Gampaha",7.111,79.9896389,Buddhist temple|religious building,Gampaha,Q206344,https://www.wikidata.org/wiki/Q206344,Wikidata,Q19707959,https://www.wikidata.org/wiki/Q19707959,CC0 1.0,2026-08-19T17:27:06+00:00,"{""heritage_designation_ids"":[],""heritage_designation_labels"":[],""instance_ids"":[""Q24398318"",""Q5393308""],""instance_labels"":[""Buddhist temple"",""religious building""],""located_in_district_id"":""Q206344"",""query_district_name"":""Gampaha"",""wikipedia_url"":""https://en.wikipedia.org/wiki/Asgiriya_Raja_Maha_Vihara,_Gampaha""}",candidate_unverified,,
wikidata-Q20823160-hambantota,Kasagala Raja Maha Vihara,6.1363611,80.8125,Buddhist temple,Hambantota,Q723006,https://www.wikidata.org/wiki/Q723006,Wikidata,Q20823160,https://www.wikidata.org/wiki/Q20823160,CC0 1.0,2026-08-19T17:27:06+00:00,"{""heritage_designation_ids"":[],""heritage_designation_labels"":[],""instance_ids"":[""Q5393308""],""instance_labels"":[""Buddhist temple""],""located_in_district_id"":""Q723006"",""query_district_name"":""Hambantota"",""wikipedia_url"":""https://en.wikipedia.org/wiki/Kasagala_Raja_Maha_Vihara""}",candidate_unverified,,
wikidata-Q16309175-jaffna,Maviddapuram Kandaswamy Temple,9.8011111,80.0350556,temple,Jaffna,Q1520182,https://www.wikidata.org/wiki/Q1520182,Wikidata,Q16309175,https://www.wikidata.org/wiki/Q16309175,CC0 1.0,2026-08-19T17:27:06+00:00,"{""heritage_designation_ids"":[],""heritage_designation_labels"":[],""instance_ids"":[""Q44539""],""instance_labels"":[""temple""],""located_in_district_id"":""Q1520182"",""query_district_name"":""Jaffna"",""wikipedia_url"":""https://en.wikipedia.org/wiki/Maviddapuram_Kandaswamy_Temple""}",candidate_unverified,,
wikidata-Q27445713-nuwara-eliya,Mahakudagala,7.0430556,80.8444444,mountain,Nuwara Eliya,Q1583950,https://www.wikidata.org/wiki/Q1583950,Wikidata,Q27445713,https://www.wikidata.org/wiki/Q27445713,CC0 1.0,2026-08-19T17:27:06+00:00,"{""heritage_designation_ids"":[],""heritage_designation_labels"":[],""instance_ids"":[""Q8502""],""instance_labels"":[""mountain""],""located_in_district_id"":""Q1583950"",""query_district_name"":""Nuwara Eliya"",""wikipedia_url"":""https://en.wikipedia.org/wiki/Mahakudagala""}",candidate_unverified,,
wikidata-Q5581213-ratnapura,Gonmollikanda,6.7666667,80.8091667,mountain,Ratnapura,Q1587175,https://www.wikidata.org/wiki/Q1587175,Wikidata,Q5581213,https://www.wikidata.org/wiki/Q5581213,CC0 1.0,2026-08-19T17:27:06+00:00,"{""heritage_designation_ids"":[],""heritage_designation_labels"":[],""instance_ids"":[""Q8502""],""instance_labels"":[""mountain""],""located_in_district_id"":""Q1587175"",""query_district_name"":""Ratnapura"",""wikipedia_url"":""https://en.wikipedia.org/wiki/Gonmollikanda""}",candidate_unverified,,
osm-node-10690856522-ampara,Eco Tourism Center Urani,6.9195136,81.8376765,tourism=attraction,Ampara,relation/5351718,https://www.openstreetmap.org/relation/5351718,OpenStreetMap,node/10690856522,https://www.openstreetmap.org/node/10690856522,ODbL 1.0,2026-08-19T17:27:06+00:00,"{""name"":""Eco Tourism Center Urani"",""query_district_name"":""Ampara"",""query_district_osm_relation_id"":""5351718"",""tourism"":""attraction""}",candidate_unverified,,
osm-node-12592876801-anuradhapura,Comunity Based Tourism Office,8.0401961,80.750841,tourism=attraction,Anuradhapura,relation/5351719,https://www.openstreetmap.org/relation/5351719,OpenStreetMap,node/12592876801,https://www.openstreetmap.org/node/12592876801,ODbL 1.0,2026-08-19T17:27:06+00:00,"{""name"":""Comunity Based Tourism Office"",""query_district_name"":""Anuradhapura"",""query_district_osm_relation_id"":""5351719"",""tourism"":""attraction""}",candidate_unverified,,
osm-node-12629721901-badulla,Beautyful view point over tea plantations,6.7848669,81.0143378,tourism=viewpoint,Badulla,relation/5351720,https://www.openstreetmap.org/relation/5351720,OpenStreetMap,node/12629721901,https://www.openstreetmap.org/node/12629721901,ODbL 1.0,2026-08-19T17:27:06+00:00,"{""name"":""Beautyful view point over tea plantations"",""query_district_name"":""Badulla"",""query_district_osm_relation_id"":""5351720"",""tourism"":""viewpoint""}",candidate_unverified,,
osm-way-816573828-batticaloa,Kadakan Kal,7.7247596,81.5849193,tourism=attraction|natural=rock,Batticaloa,relation/5351721,https://www.openstreetmap.org/relation/5351721,OpenStreetMap,way/816573828,https://www.openstreetmap.org/way/816573828,ODbL 1.0,2026-08-19T17:27:06+00:00,"{""name"":""Kadakan Kal"",""natural"":""rock"",""query_district_name"":""Batticaloa"",""query_district_osm_relation_id"":""5351721"",""tourism"":""attraction""}",candidate_unverified,,
osm-node-13233966301-colombo,Train Viewpoint,6.928196,79.8599153,tourism=viewpoint,Colombo,relation/5351774,https://www.openstreetmap.org/relation/5351774,OpenStreetMap,node/13233966301,https://www.openstreetmap.org/node/13233966301,ODbL 1.0,2026-08-19T17:27:06+00:00,"{""name"":""Train Viewpoint"",""query_district_name"":""Colombo"",""query_district_osm_relation_id"":""5351774"",""tourism"":""viewpoint""}",candidate_unverified,,
osm-node-4350574691-gampaha,Water World Lanka,6.9446162,79.9423218,tourism=theme_park,Gampaha,relation/5351775,https://www.openstreetmap.org/relation/5351775,OpenStreetMap,node/4350574691,https://www.openstreetmap.org/node/4350574691,ODbL 1.0,2026-08-19T17:27:06+00:00,"{""name"":""Water World Lanka"",""query_district_name"":""Gampaha"",""query_district_osm_relation_id"":""5351775"",""tourism"":""theme_park""}",candidate_unverified,,
osm-node-12310552371-hambantota,Kottadamuhela Archaeological Ruins,6.5157877,81.6034372,historic=ruins,Hambantota,relation/5337945,https://www.openstreetmap.org/relation/5337945,OpenStreetMap,node/12310552371,https://www.openstreetmap.org/node/12310552371,ODbL 1.0,2026-08-19T17:27:06+00:00,"{""historic"":""ruins"",""name"":""Kottadamuhela Archaeological Ruins"",""query_district_name"":""Hambantota"",""query_district_osm_relation_id"":""5337945""}",candidate_unverified,,
osm-node-3492774176-jaffna,Charty Beach,9.6331561,79.9198682,tourism=viewpoint,Jaffna,relation/3237345,https://www.openstreetmap.org/relation/3237345,OpenStreetMap,node/3492774176,https://www.openstreetmap.org/node/3492774176,ODbL 1.0,2026-08-19T17:27:06+00:00,"{""name"":""Charty Beach"",""query_district_name"":""Jaffna"",""query_district_osm_relation_id"":""3237345"",""tourism"":""viewpoint""}",candidate_unverified,,
wikidata-Q27447565-nuwara-eliya,Kikilimana,6.985,80.7466667,mountain,Nuwara Eliya,Q1583950,https://www.wikidata.org/wiki/Q1583950,Wikidata,Q27447565,https://www.wikidata.org/wiki/Q27447565,CC0 1.0,2026-08-19T17:27:06+00:00,"{""heritage_designation_ids"":[],""heritage_designation_labels"":[],""instance_ids"":[""Q8502""],""instance_labels"":[""mountain""],""located_in_district_id"":""Q1583950"",""query_district_name"":""Nuwara Eliya"",""wikipedia_url"":""https://en.wikipedia.org/wiki/Kikilimana""}",candidate_unverified,,
wikidata-Q60789-ratnapura,Adam's Peak,6.8094444,80.4997222,mountain,Ratnapura,Q1587175,https://www.wikidata.org/wiki/Q1587175,Wikidata,Q60789,https://www.wikidata.org/wiki/Q60789,CC0 1.0,2026-08-19T17:27:06+00:00,"{""heritage_designation_ids"":[],""heritage_designation_labels"":[],""instance_ids"":[""Q8502""],""instance_labels"":[""mountain""],""located_in_district_id"":""Q1587175"",""query_district_name"":""Ratnapura"",""wikipedia_url"":""https://en.wikipedia.org/wiki/Adam%27s_Peak""}",candidate_unverified,,
wikidata-Q25637912-ampara,Gonagolla Vihara,7.4155278,81.6557222,Buddhist temple,Ampara,Q474395,https://www.wikidata.org/wiki/Q474395,Wikidata,Q25637912,https://www.wikidata.org/wiki/Q25637912,CC0 1.0,2026-08-19T17:27:06+00:00,"{""heritage_designation_ids"":[],""heritage_designation_labels"":[],""instance_ids"":[""Q5393308""],""instance_labels"":[""Buddhist temple""],""located_in_district_id"":""Q474395"",""query_district_name"":""Ampara"",""wikipedia_url"":""https://en.wikipedia.org/wiki/Gonagolla_Vihara""}",candidate_unverified,,
wikidata-Q20640029-anuradhapura,Anuradhapura Museum,8.3473,80.3936,museum,Anuradhapura,Q612614,https://www.wikidata.org/wiki/Q612614,Wikidata,Q20640029,https://www.wikidata.org/wiki/Q20640029,CC0 1.0,2026-08-19T17:27:06+00:00,"{""heritage_designation_ids"":[],""heritage_designation_labels"":[],""instance_ids"":[""Q33506""],""instance_labels"":[""museum""],""located_in_district_id"":""Q612614"",""query_district_name"":""Anuradhapura"",""wikipedia_url"":""https://en.wikipedia.org/wiki/Anuradhapura_Museum""}",candidate_unverified,,
wikidata-Q20823240-badulla,Badulla Kataragama Devalaya,6.9871944,81.0577778,temple,Badulla,Q799713,https://www.wikidata.org/wiki/Q799713,Wikidata,Q20823240,https://www.wikidata.org/wiki/Q20823240,CC0 1.0,2026-08-19T17:27:06+00:00,"{""heritage_designation_ids"":[],""heritage_designation_labels"":[],""instance_ids"":[""Q44539""],""instance_labels"":[""temple""],""located_in_district_id"":""Q799713"",""query_district_name"":""Badulla"",""wikipedia_url"":""https://en.wikipedia.org/wiki/Badulla_Kataragama_Devalaya""}",candidate_unverified,,
wikidata-Q63248173-batticaloa,"Zion Church, Batticaloa",7.709972,81.695528,church building,Batticaloa,Q810960,https://www.wikidata.org/wiki/Q810960,Wikidata,Q63248173,https://www.wikidata.org/wiki/Q63248173,CC0 1.0,2026-08-19T17:27:06+00:00,"{""heritage_designation_ids"":[],""heritage_designation_labels"":[],""instance_ids"":[""Q16970""],""instance_labels"":[""church building""],""located_in_district_id"":""Q810960"",""query_district_name"":""Batticaloa"",""wikipedia_url"":""https://en.wikipedia.org/wiki/Zion_Church,_Batticaloa""}",candidate_unverified,,
wikidata-Q20098593-colombo,"Postal museum, Colombo",6.92803,79.8581,museum,Colombo,Q606287,https://www.wikidata.org/wiki/Q606287,Wikidata,Q20098593,https://www.wikidata.org/wiki/Q20098593,CC0 1.0,2026-08-19T17:27:06+00:00,"{""heritage_designation_ids"":[],""heritage_designation_labels"":[],""instance_ids"":[""Q33506""],""instance_labels"":[""museum""],""located_in_district_id"":""Q606287"",""query_district_name"":""Colombo"",""wikipedia_url"":""https://en.wikipedia.org/wiki/Postal_museum,_Colombo""}",candidate_unverified,,
wikidata-Q19716317-gampaha,Pilikuththuwa Raja Maha Vihara,7.0639444,80.0503056,Buddhist temple,Gampaha,Q206344,https://www.wikidata.org/wiki/Q206344,Wikidata,Q19716317,https://www.wikidata.org/wiki/Q19716317,CC0 1.0,2026-08-19T17:27:06+00:00,"{""heritage_designation_ids"":[],""heritage_designation_labels"":[],""instance_ids"":[""Q5393308""],""instance_labels"":[""Buddhist temple""],""located_in_district_id"":""Q206344"",""query_district_name"":""Gampaha"",""wikipedia_url"":""https://en.wikipedia.org/wiki/Pilikuththuwa_Raja_Maha_Vihara""}",candidate_unverified,,
wikidata-Q20823221-hambantota,Naigala Raja Maha Vihara,6.148406,80.784767,Buddhist temple,Hambantota,Q723006,https://www.wikidata.org/wiki/Q723006,Wikidata,Q20823221,https://www.wikidata.org/wiki/Q20823221,CC0 1.0,2026-08-19T17:27:06+00:00,"{""heritage_designation_ids"":[],""heritage_designation_labels"":[],""instance_ids"":[""Q5393308""],""instance_labels"":[""Buddhist temple""],""located_in_district_id"":""Q723006"",""query_district_name"":""Hambantota"",""wikipedia_url"":""https://en.wikipedia.org/wiki/Naigala_Raja_Maha_Vihara""}",candidate_unverified,,
wikidata-Q16311487-jaffna,Delft Island Fort,9.540736,79.677769,fort,Jaffna,Q1520182,https://www.wikidata.org/wiki/Q1520182,Wikidata,Q16311487,https://www.wikidata.org/wiki/Q16311487,CC0 1.0,2026-08-19T17:27:06+00:00,"{""heritage_designation_ids"":[""Q38080272""],""heritage_designation_labels"":[""Heritage of Portuguese Influence""],""instance_ids"":[""Q1785071""],""instance_labels"":[""fort""],""located_in_district_id"":""Q1520182"",""query_district_name"":""Jaffna"",""wikipedia_url"":""https://en.wikipedia.org/wiki/Delft_Island_fort""}",candidate_unverified,,
wikidata-Q37551-nuwara-eliya,Devon Falls,6.9516667,80.6297222,waterfall,Nuwara Eliya,Q1583950,https://www.wikidata.org/wiki/Q1583950,Wikidata,Q37551,https://www.wikidata.org/wiki/Q37551,CC0 1.0,2026-08-19T17:27:06+00:00,"{""heritage_designation_ids"":[],""heritage_designation_labels"":[],""instance_ids"":[""Q34038""],""instance_labels"":[""waterfall""],""located_in_district_id"":""Q1583950"",""query_district_name"":""Nuwara Eliya"",""wikipedia_url"":""https://en.wikipedia.org/wiki/Devon_Falls""}",candidate_unverified,,
osm-node-10904565810-ampara,Pankanda Hela Archaeological Ruins,6.8198275,81.8231383,historic=ruins,Ampara,relation/5351718,https://www.openstreetmap.org/relation/5351718,OpenStreetMap,node/10904565810,https://www.openstreetmap.org/node/10904565810,ODbL 1.0,2026-08-19T17:27:06+00:00,"{""historic"":""ruins"",""name"":""Pankanda Hela Archaeological Ruins"",""query_district_name"":""Ampara"",""query_district_osm_relation_id"":""5351718""}",candidate_unverified,,
osm-node-12985856596-anuradhapura,Galge Viharaya Ruins,8.3025067,79.9795071,historic=ruins,Anuradhapura,relation/5351719,https://www.openstreetmap.org/relation/5351719,OpenStreetMap,node/12985856596,https://www.openstreetmap.org/node/12985856596,ODbL 1.0,2026-08-19T17:27:06+00:00,"{""historic"":""ruins"",""name"":""Galge Viharaya Ruins"",""query_district_name"":""Anuradhapura"",""query_district_osm_relation_id"":""5351719""}",candidate_unverified,,
osm-node-12662215601-badulla,Zipline Start,6.8654438,81.0624401,tourism=theme_park,Badulla,relation/5351720,https://www.openstreetmap.org/relation/5351720,OpenStreetMap,node/12662215601,https://www.openstreetmap.org/node/12662215601,ODbL 1.0,2026-08-19T17:27:06+00:00,"{""name"":""Zipline Start"",""query_district_name"":""Badulla"",""query_district_osm_relation_id"":""5351720"",""tourism"":""theme_park""}",candidate_unverified,,
osm-node-1523621150-colombo,Railway Museum,6.9317214,79.858871,tourism=museum,Colombo,relation/5351774,https://www.openstreetmap.org/relation/5351774,OpenStreetMap,node/1523621150,https://www.openstreetmap.org/node/1523621150,ODbL 1.0,2026-08-19T17:27:06+00:00,"{""name"":""Railway Museum"",""query_district_name"":""Colombo"",""query_district_osm_relation_id"":""5351774"",""tourism"":""museum""}",candidate_unverified,,
osm-node-4350776194-gampaha,Statue of lord buddha,7.0704454,80.093311,historic=monument,Gampaha,relation/5351775,https://www.openstreetmap.org/relation/5351775,OpenStreetMap,node/4350776194,https://www.openstreetmap.org/node/4350776194,ODbL 1.0,2026-08-19T17:27:06+00:00,"{""historic"":""monument"",""name"":""Statue of lord buddha"",""query_district_name"":""Gampaha"",""query_district_osm_relation_id"":""5351775""}",candidate_unverified,,
osm-node-12310552484-hambantota,Mandagala Archaeological Ruins,6.5143997,81.6206614,historic=ruins,Hambantota,relation/5337945,https://www.openstreetmap.org/relation/5337945,OpenStreetMap,node/12310552484,https://www.openstreetmap.org/node/12310552484,ODbL 1.0,2026-08-19T17:27:06+00:00,"{""historic"":""ruins"",""name"":""Mandagala Archaeological Ruins"",""query_district_name"":""Hambantota"",""query_district_osm_relation_id"":""5337945""}",candidate_unverified,,
osm-node-4053989518-jaffna,Gen. Kobbekaduwa Memorial. Arali,9.6715993,79.925188,tourism=viewpoint,Jaffna,relation/3237345,https://www.openstreetmap.org/relation/3237345,OpenStreetMap,node/4053989518,https://www.openstreetmap.org/node/4053989518,ODbL 1.0,2026-08-19T17:27:06+00:00,"{""name"":""Gen. Kobbekaduwa Memorial. Arali"",""query_district_name"":""Jaffna"",""query_district_osm_relation_id"":""3237345"",""tourism"":""viewpoint""}",candidate_unverified,,
wikidata-Q375975-nuwara-eliya,Kirigalpoththa,6.7991667,80.7666667,mountain,Nuwara Eliya,Q1583950,https://www.wikidata.org/wiki/Q1583950,Wikidata,Q375975,https://www.wikidata.org/wiki/Q375975,CC0 1.0,2026-08-19T17:27:06+00:00,"{""heritage_designation_ids"":[],""heritage_designation_labels"":[],""instance_ids"":[""Q8502""],""instance_labels"":[""mountain""],""located_in_district_id"":""Q1583950"",""query_district_name"":""Nuwara Eliya"",""wikipedia_url"":""https://en.wikipedia.org/wiki/Kirigalpoththa""}",candidate_unverified,,
wikidata-Q28243056-ampara,Neelagiriseya,6.8508333,81.70175,Buddhist temple,Ampara,Q474395,https://www.wikidata.org/wiki/Q474395,Wikidata,Q28243056,https://www.wikidata.org/wiki/Q28243056,CC0 1.0,2026-08-19T17:27:06+00:00,"{""heritage_designation_ids"":[],""heritage_designation_labels"":[],""instance_ids"":[""Q5393308""],""instance_labels"":[""Buddhist temple""],""located_in_district_id"":""Q474395"",""query_district_name"":""Ampara"",""wikipedia_url"":""https://en.wikipedia.org/wiki/Neelagiriseya""}",candidate_unverified,,
wikidata-Q20987407-anuradhapura,Folk Museum,8.2057,80.2339,museum,Anuradhapura,Q612614,https://www.wikidata.org/wiki/Q612614,Wikidata,Q20987407,https://www.wikidata.org/wiki/Q20987407,CC0 1.0,2026-08-19T17:27:06+00:00,"{""heritage_designation_ids"":[],""heritage_designation_labels"":[],""instance_ids"":[""Q33506""],""instance_labels"":[""museum""],""located_in_district_id"":""Q612614"",""query_district_name"":""Anuradhapura"",""wikipedia_url"":""https://en.wikipedia.org/wiki/Folk_Museum_(Anuradhapura)""}",candidate_unverified,,
wikidata-Q22666003-badulla,Mawaragala Forest Hermitage,7.3981944,81.0965556,Buddhist temple,Badulla,Q799713,https://www.wikidata.org/wiki/Q799713,Wikidata,Q22666003,https://www.wikidata.org/wiki/Q22666003,CC0 1.0,2026-08-19T17:27:06+00:00,"{""heritage_designation_ids"":[],""heritage_designation_labels"":[],""instance_ids"":[""Q5393308""],""instance_labels"":[""Buddhist temple""],""located_in_district_id"":""Q799713"",""query_district_name"":""Badulla"",""wikipedia_url"":""https://en.wikipedia.org/wiki/Mawaragala_Aranya_Senasanaya""}",candidate_unverified,,
wikidata-Q2033487-colombo,National Museum of Colombo,6.91,79.8608333,national museum,Colombo,Q606287,https://www.wikidata.org/wiki/Q606287,Wikidata,Q2033487,https://www.wikidata.org/wiki/Q2033487,CC0 1.0,2026-08-19T17:27:06+00:00,"{""heritage_designation_ids"":[],""heritage_designation_labels"":[],""instance_ids"":[""Q17431399""],""instance_labels"":[""national museum""],""located_in_district_id"":""Q606287"",""query_district_name"":""Colombo"",""wikipedia_url"":""https://en.wikipedia.org/wiki/Colombo_National_Museum""}",candidate_unverified,,
wikidata-Q19718656-gampaha,Maligatenna Raja Maha Vihara,7.0668611,80.0644444,Buddhist temple,Gampaha,Q206344,https://www.wikidata.org/wiki/Q206344,Wikidata,Q19718656,https://www.wikidata.org/wiki/Q19718656,CC0 1.0,2026-08-19T17:27:06+00:00,"{""heritage_designation_ids"":[],""heritage_designation_labels"":[],""instance_ids"":[""Q5393308""],""instance_labels"":[""Buddhist temple""],""located_in_district_id"":""Q206344"",""query_district_name"":""Gampaha"",""wikipedia_url"":""https://en.wikipedia.org/wiki/Maligatenna_Raja_Maha_Vihara""}",candidate_unverified,,
osm-node-12310552500-hambantota,Modaragala Monastic Ruins,6.3894802,81.4708668,historic=ruins,Hambantota,relation/5337945,https://www.openstreetmap.org/relation/5337945,OpenStreetMap,node/12310552500,https://www.openstreetmap.org/node/12310552500,ODbL 1.0,2026-08-19T17:27:06+00:00,"{""historic"":""ruins"",""name"":""Modaragala Monastic Ruins"",""query_district_name"":""Hambantota"",""query_district_osm_relation_id"":""5337945""}",candidate_unverified,,
wikidata-Q16313757-jaffna,St. Mary's Cathedral,9.65614,80.0228,cathedral,Jaffna,Q1520182,https://www.wikidata.org/wiki/Q1520182,Wikidata,Q16313757,https://www.wikidata.org/wiki/Q16313757,CC0 1.0,2026-08-19T17:27:06+00:00,"{""heritage_designation_ids"":[],""heritage_designation_labels"":[],""instance_ids"":[""Q2977""],""instance_labels"":[""cathedral""],""located_in_district_id"":""Q1520182"",""query_district_name"":""Jaffna"",""wikipedia_url"":""https://en.wikipedia.org/wiki/St._Mary%27s_Cathedral,_Jaffna""}",candidate_unverified,,
wikidata-Q37700-nuwara-eliya,Elgin Falls,6.8666667,80.7666667,waterfall,Nuwara Eliya,Q1583950,https://www.wikidata.org/wiki/Q1583950,Wikidata,Q37700,https://www.wikidata.org/wiki/Q37700,CC0 1.0,2026-08-19T17:27:06+00:00,"{""heritage_designation_ids"":[],""heritage_designation_labels"":[],""instance_ids"":[""Q34038""],""instance_labels"":[""waterfall""],""located_in_district_id"":""Q1583950"",""query_district_name"":""Nuwara Eliya"",""wikipedia_url"":""https://en.wikipedia.org/wiki/Elgin_Falls""}",candidate_unverified,,
osm-node-10904565811-ampara,Shastrawela Monastic Temple,6.8101065,81.8241188,historic=ruins,Ampara,relation/5351718,https://www.openstreetmap.org/relation/5351718,OpenStreetMap,node/10904565811,https://www.openstreetmap.org/node/10904565811,ODbL 1.0,2026-08-19T17:27:06+00:00,"{""historic"":""ruins"",""name"":""Shastrawela Monastic Temple"",""query_district_name"":""Ampara"",""query_district_osm_relation_id"":""5351718""}",candidate_unverified,,
osm-node-12985856598-anuradhapura,Thimbiripokuna Palamgala,8.2201232,80.0667948,historic=ruins,Anuradhapura,relation/5351719,https://www.openstreetmap.org/relation/5351719,OpenStreetMap,node/12985856598,https://www.openstreetmap.org/node/12985856598,ODbL 1.0,2026-08-19T17:27:06+00:00,"{""historic"":""ruins"",""name"":""Thimbiripokuna Palamgala"",""query_district_name"":""Anuradhapura"",""query_district_osm_relation_id"":""5351719""}",candidate_unverified,,
osm-node-12662215701-badulla,Zipline End,6.8675114,81.0587829,tourism=theme_park,Badulla,relation/5351720,https://www.openstreetmap.org/relation/5351720,OpenStreetMap,node/12662215701,https://www.openstreetmap.org/node/12662215701,ODbL 1.0,2026-08-19T17:27:06+00:00,"{""name"":""Zipline End"",""query_district_name"":""Badulla"",""query_district_osm_relation_id"":""5351720"",""tourism"":""theme_park""}",candidate_unverified,,
osm-node-1730307197-colombo,National Puppet Museum,6.8614077,79.8664848,tourism=museum,Colombo,relation/5351774,https://www.openstreetmap.org/relation/5351774,OpenStreetMap,node/1730307197,https://www.openstreetmap.org/node/1730307197,ODbL 1.0,2026-08-19T17:27:06+00:00,"{""name"":""National Puppet Museum"",""query_district_name"":""Colombo"",""query_district_osm_relation_id"":""5351774"",""tourism"":""museum""}",candidate_unverified,,
osm-node-5485934622-gampaha,Turtle Farm,7.138189,79.833261,tourism=zoo,Gampaha,relation/5351775,https://www.openstreetmap.org/relation/5351775,OpenStreetMap,node/5485934622,https://www.openstreetmap.org/node/5485934622,ODbL 1.0,2026-08-19T17:27:06+00:00,"{""name"":""Turtle Farm"",""query_district_name"":""Gampaha"",""query_district_osm_relation_id"":""5351775"",""tourism"":""zoo""}",candidate_unverified,,
osm-node-12310552501-hambantota,Padikema Ruins,6.3406243,81.4934776,historic=ruins,Hambantota,relation/5337945,https://www.openstreetmap.org/relation/5337945,OpenStreetMap,node/12310552501,https://www.openstreetmap.org/node/12310552501,ODbL 1.0,2026-08-19T17:27:06+00:00,"{""historic"":""ruins"",""name"":""Padikema Ruins"",""query_district_name"":""Hambantota"",""query_district_osm_relation_id"":""5337945""}",candidate_unverified,,
osm-node-4354081548-jaffna,Theru Moodi Madam,9.823373,80.2379196,historic=archaeological_site,Jaffna,relation/3237345,https://www.openstreetmap.org/relation/3237345,OpenStreetMap,node/4354081548,https://www.openstreetmap.org/node/4354081548,ODbL 1.0,2026-08-19T17:27:06+00:00,"{""historic"":""archaeological_site"",""name"":""Theru Moodi Madam"",""query_district_name"":""Jaffna"",""query_district_osm_relation_id"":""3237345""}",candidate_unverified,,
wikidata-Q38350-nuwara-eliya,St. Clair's Falls,6.9511778,80.6478778,waterfall,Nuwara Eliya,Q1583950,https://www.wikidata.org/wiki/Q1583950,Wikidata,Q38350,https://www.wikidata.org/wiki/Q38350,CC0 1.0,2026-08-19T17:27:06+00:00,"{""heritage_designation_ids"":[],""heritage_designation_labels"":[],""instance_ids"":[""Q34038""],""instance_labels"":[""waterfall""],""located_in_district_id"":""Q1583950"",""query_district_name"":""Nuwara Eliya"",""wikipedia_url"":""https://en.wikipedia.org/wiki/St._Clair%27s_Falls""}",candidate_unverified,,
wikidata-Q28379706-ampara,Lahugala Kota Vehera,6.8780833,81.7529444,Buddhist temple,Ampara,Q474395,https://www.wikidata.org/wiki/Q474395,Wikidata,Q28379706,https://www.wikidata.org/wiki/Q28379706,CC0 1.0,2026-08-19T17:27:06+00:00,"{""heritage_designation_ids"":[],""heritage_designation_labels"":[],""instance_ids"":[""Q5393308""],""instance_labels"":[""Buddhist temple""],""located_in_district_id"":""Q474395"",""query_district_name"":""Ampara"",""wikipedia_url"":""https://en.wikipedia.org/wiki/Lahugala_Kota_Vehera""}",candidate_unverified,,
wikidata-Q320543-anuradhapura,Abhayagiri vihāra,8.3709444,80.39525,vihara,Anuradhapura,Q612614,https://www.wikidata.org/wiki/Q612614,Wikidata,Q320543,https://www.wikidata.org/wiki/Q320543,CC0 1.0,2026-08-19T17:27:06+00:00,"{""heritage_designation_ids"":[],""heritage_designation_labels"":[],""instance_ids"":[""Q844619""],""instance_labels"":[""vihara""],""located_in_district_id"":""Q612614"",""query_district_name"":""Anuradhapura"",""wikipedia_url"":""https://en.wikipedia.org/wiki/Abhayagiri_Vih%C4%81ra""}",candidate_unverified,,
wikidata-Q27919202-badulla,Halpe Pattini Devalaya,6.8900278,81.0414722,temple,Badulla,Q799713,https://www.wikidata.org/wiki/Q799713,Wikidata,Q27919202,https://www.wikidata.org/wiki/Q27919202,CC0 1.0,2026-08-19T17:27:06+00:00,"{""heritage_designation_ids"":[],""heritage_designation_labels"":[],""instance_ids"":[""Q44539""],""instance_labels"":[""temple""],""located_in_district_id"":""Q799713"",""query_district_name"":""Badulla"",""wikipedia_url"":""https://en.wikipedia.org/wiki/Halpe_Pattini_Devalaya""}",candidate_unverified,,
wikidata-Q20823295-colombo,Sri Lanka Planetarium,6.900762,79.862916,museum,Colombo,Q606287,https://www.wikidata.org/wiki/Q606287,Wikidata,Q20823295,https://www.wikidata.org/wiki/Q20823295,CC0 1.0,2026-08-19T17:27:06+00:00,"{""heritage_designation_ids"":[],""heritage_designation_labels"":[],""instance_ids"":[""Q33506""],""instance_labels"":[""museum""],""located_in_district_id"":""Q606287"",""query_district_name"":""Colombo"",""wikipedia_url"":""https://en.wikipedia.org/wiki/Sri_Lanka_Planetarium""}",candidate_unverified,,
wikidata-Q19735846-gampaha,Warana Raja Maha Vihara,7.10425,80.0746944,Buddhist temple,Gampaha,Q206344,https://www.wikidata.org/wiki/Q206344,Wikidata,Q19735846,https://www.wikidata.org/wiki/Q19735846,CC0 1.0,2026-08-19T17:27:06+00:00,"{""heritage_designation_ids"":[],""heritage_designation_labels"":[],""instance_ids"":[""Q5393308""],""instance_labels"":[""Buddhist temple""],""located_in_district_id"":""Q206344"",""query_district_name"":""Gampaha"",""wikipedia_url"":""https://en.wikipedia.org/wiki/Warana_Raja_Maha_Vihara""}",candidate_unverified,,
osm-node-12310552558-hambantota,Seelawakanda Monastic Ruins,6.3093975,81.4301333,historic=ruins,Hambantota,relation/5337945,https://www.openstreetmap.org/relation/5337945,OpenStreetMap,node/12310552558,https://www.openstreetmap.org/node/12310552558,ODbL 1.0,2026-08-19T17:27:06+00:00,"{""historic"":""ruins"",""name"":""Seelawakanda Monastic Ruins"",""query_district_name"":""Hambantota"",""query_district_osm_relation_id"":""5337945""}",candidate_unverified,,
wikidata-Q1963636-jaffna,Naguleswaram temple,9.6744444,80.0294444,Hindu temple,Jaffna,Q1520182,https://www.wikidata.org/wiki/Q1520182,Wikidata,Q1963636,https://www.wikidata.org/wiki/Q1963636,CC0 1.0,2026-08-19T17:27:06+00:00,"{""heritage_designation_ids"":[],""heritage_designation_labels"":[],""instance_ids"":[""Q842402""],""instance_labels"":[""Hindu temple""],""located_in_district_id"":""Q1520182"",""query_district_name"":""Jaffna"",""wikipedia_url"":""https://en.wikipedia.org/wiki/Naguleswaram_temple""}",candidate_unverified,,
wikidata-Q5640438-nuwara-eliya,Hakgala,6.9169444,80.8138889,mountain,Nuwara Eliya,Q1583950,https://www.wikidata.org/wiki/Q1583950,Wikidata,Q5640438,https://www.wikidata.org/wiki/Q5640438,CC0 1.0,2026-08-19T17:27:06+00:00,"{""heritage_designation_ids"":[],""heritage_designation_labels"":[],""instance_ids"":[""Q8502""],""instance_labels"":[""mountain""],""located_in_district_id"":""Q1583950"",""query_district_name"":""Nuwara Eliya"",""wikipedia_url"":""https://en.wikipedia.org/wiki/Hakgala""}",candidate_unverified,,
osm-node-11210479158-ampara,Kiripokunahela Monastic Ruins,6.6154371,81.7246752,historic=ruins,Ampara,relation/5351718,https://www.openstreetmap.org/relation/5351718,OpenStreetMap,node/11210479158,https://www.openstreetmap.org/node/11210479158,ODbL 1.0,2026-08-19T17:27:06+00:00,"{""historic"":""ruins"",""name"":""Kiripokunahela Monastic Ruins"",""query_district_name"":""Ampara"",""query_district_osm_relation_id"":""5351718""}",candidate_unverified,,
osm-node-12985856599-anuradhapura,Hunuvilagama Ruins,8.3020206,80.144129,historic=ruins,Anuradhapura,relation/5351719,https://www.openstreetmap.org/relation/5351719,OpenStreetMap,node/12985856599,https://www.openstreetmap.org/node/12985856599,ODbL 1.0,2026-08-19T17:27:06+00:00,"{""historic"":""ruins"",""name"":""Hunuvilagama Ruins"",""query_district_name"":""Anuradhapura"",""query_district_osm_relation_id"":""5351719""}",candidate_unverified,,
osm-node-13076684157-badulla,Thomas Seat,6.7666726,80.9390668,tourism=viewpoint,Badulla,relation/5351720,https://www.openstreetmap.org/relation/5351720,OpenStreetMap,node/13076684157,https://www.openstreetmap.org/node/13076684157,ODbL 1.0,2026-08-19T17:27:06+00:00,"{""name"":""Thomas Seat"",""query_district_name"":""Badulla"",""query_district_osm_relation_id"":""5351720"",""tourism"":""viewpoint""}",candidate_unverified,,
osm-node-2034206138-colombo,Chitrasena Art Gallery,6.8892618,79.8767137,tourism=gallery,Colombo,relation/5351774,https://www.openstreetmap.org/relation/5351774,OpenStreetMap,node/2034206138,https://www.openstreetmap.org/node/2034206138,ODbL 1.0,2026-08-19T17:27:06+00:00,"{""name"":""Chitrasena Art Gallery"",""query_district_name"":""Colombo"",""query_district_osm_relation_id"":""5351774"",""tourism"":""gallery""}",candidate_unverified,,
osm-node-8292429534-gampaha,Dikkande Mansion,7.067806,80.0968967,tourism=attraction,Gampaha,relation/5351775,https://www.openstreetmap.org/relation/5351775,OpenStreetMap,node/8292429534,https://www.openstreetmap.org/node/8292429534,ODbL 1.0,2026-08-19T17:27:06+00:00,"{""name"":""Dikkande Mansion"",""query_district_name"":""Gampaha"",""query_district_osm_relation_id"":""5351775"",""tourism"":""attraction""}",candidate_unverified,,
osm-node-12374149862-hambantota,Handunnoruwa Ancient Site,6.3778541,81.5079048,historic=ruins,Hambantota,relation/5337945,https://www.openstreetmap.org/relation/5337945,OpenStreetMap,node/12374149862,https://www.openstreetmap.org/node/12374149862,ODbL 1.0,2026-08-19T17:27:06+00:00,"{""historic"":""ruins"",""name"":""Handunnoruwa Ancient Site"",""query_district_name"":""Hambantota"",""query_district_osm_relation_id"":""5337945""}",candidate_unverified,,
osm-node-4511724347-jaffna,Mayakkai Well,9.8143717,80.2166694,tourism=viewpoint,Jaffna,relation/3237345,https://www.openstreetmap.org/relation/3237345,OpenStreetMap,node/4511724347,https://www.openstreetmap.org/node/4511724347,ODbL 1.0,2026-08-19T17:27:06+00:00,"{""name"":""Mayakkai Well"",""query_district_name"":""Jaffna"",""query_district_osm_relation_id"":""3237345"",""tourism"":""viewpoint""}",candidate_unverified,,
wikidata-Q7796948-nuwara-eliya,Totapolakanda,6.8330556,80.8197222,mountain,Nuwara Eliya,Q1583950,https://www.wikidata.org/wiki/Q1583950,Wikidata,Q7796948,https://www.wikidata.org/wiki/Q7796948,CC0 1.0,2026-08-19T17:27:06+00:00,"{""heritage_designation_ids"":[],""heritage_designation_labels"":[],""instance_ids"":[""Q8502""],""instance_labels"":[""mountain""],""located_in_district_id"":""Q1583950"",""query_district_name"":""Nuwara Eliya"",""wikipedia_url"":""https://en.wikipedia.org/wiki/Totapolakanda""}",candidate_unverified,dup-881e504b4a54,osm-node-4825524195-badulla
wikidata-Q28379814-ampara,Lahugala Kiri Vehera,6.8699167,81.7197222,Buddhist temple,Ampara,Q474395,https://www.wikidata.org/wiki/Q474395,Wikidata,Q28379814,https://www.wikidata.org/wiki/Q28379814,CC0 1.0,2026-08-19T17:27:06+00:00,"{""heritage_designation_ids"":[],""heritage_designation_labels"":[],""instance_ids"":[""Q5393308""],""instance_labels"":[""Buddhist temple""],""located_in_district_id"":""Q474395"",""query_district_name"":""Ampara"",""wikipedia_url"":""https://en.wikipedia.org/wiki/Lahugala_Kiri_Vehera""}",candidate_unverified,,
wikidata-Q3534755-anuradhapura,Ruwanweli Maha Saya,8.35,80.3964,Buddhist temple|stupa,Anuradhapura,Q612614,https://www.wikidata.org/wiki/Q612614,Wikidata,Q3534755,https://www.wikidata.org/wiki/Q3534755,CC0 1.0,2026-08-19T17:27:06+00:00,"{""heritage_designation_ids"":[],""heritage_designation_labels"":[],""instance_ids"":[""Q180987"",""Q5393308""],""instance_labels"":[""Buddhist temple"",""stupa""],""located_in_district_id"":""Q612614"",""query_district_name"":""Anuradhapura"",""wikipedia_url"":""https://en.wikipedia.org/wiki/Ruwanwelisaya""}",candidate_unverified,,
wikidata-Q30850773-badulla,Lindamulla Pattini Devalaya,6.9798889,81.0696389,temple,Badulla,Q799713,https://www.wikidata.org/wiki/Q799713,Wikidata,Q30850773,https://www.wikidata.org/wiki/Q30850773,CC0 1.0,2026-08-19T17:27:06+00:00,"{""heritage_designation_ids"":[],""heritage_designation_labels"":[],""instance_ids"":[""Q44539""],""instance_labels"":[""temple""],""located_in_district_id"":""Q799713"",""query_district_name"":""Badulla"",""wikipedia_url"":""https://en.wikipedia.org/wiki/Lindamulla_Pattini_Devalaya""}",candidate_unverified,,
wikidata-Q20987389-colombo,Currency museum,6.9345278,79.8430556,museum,Colombo,Q606287,https://www.wikidata.org/wiki/Q606287,Wikidata,Q20987389,https://www.wikidata.org/wiki/Q20987389,CC0 1.0,2026-08-19T17:27:06+00:00,"{""heritage_designation_ids"":[],""heritage_designation_labels"":[],""instance_ids"":[""Q33506""],""instance_labels"":[""museum""],""located_in_district_id"":""Q606287"",""query_district_name"":""Colombo"",""wikipedia_url"":""https://en.wikipedia.org/wiki/Economic_History_Museum""}",candidate_unverified,,
wikidata-Q22338432-gampaha,Aluthepola Vihara,7.2058778,79.9623861,Buddhist temple,Gampaha,Q206344,https://www.wikidata.org/wiki/Q206344,Wikidata,Q22338432,https://www.wikidata.org/wiki/Q22338432,CC0 1.0,2026-08-19T17:27:06+00:00,"{""heritage_designation_ids"":[],""heritage_designation_labels"":[],""instance_ids"":[""Q5393308""],""instance_labels"":[""Buddhist temple""],""located_in_district_id"":""Q206344"",""query_district_name"":""Gampaha"",""wikipedia_url"":""https://en.wikipedia.org/wiki/Aluthepola_Ganekanda_Raja_Maha_Vihara""}",candidate_unverified,,
osm-node-12629722001-hambantota,Mawella beach,5.9954466,80.7461264,tourism=viewpoint,Hambantota,relation/5337945,https://www.openstreetmap.org/relation/5337945,OpenStreetMap,node/12629722001,https://www.openstreetmap.org/node/12629722001,ODbL 1.0,2026-08-19T17:27:06+00:00,"{""name"":""Mawella beach"",""query_district_name"":""Hambantota"",""query_district_osm_relation_id"":""5337945"",""tourism"":""viewpoint""}",candidate_unverified,,
wikidata-Q21975633-jaffna,Kadurugoda Vihara,9.75,80.0166667,Buddhist temple,Jaffna,Q1520182,https://www.wikidata.org/wiki/Q1520182,Wikidata,Q21975633,https://www.wikidata.org/wiki/Q21975633,CC0 1.0,2026-08-19T17:27:06+00:00,"{""heritage_designation_ids"":[],""heritage_designation_labels"":[],""instance_ids"":[""Q5393308""],""instance_labels"":[""Buddhist temple""],""located_in_district_id"":""Q1520182"",""query_district_name"":""Jaffna"",""wikipedia_url"":""https://en.wikipedia.org/wiki/Ancient_Kadurugoda_Viharaya""}",candidate_unverified,,
wikidata-Q97262496-nuwara-eliya,Kurundu Oya Waterfall,7.0785278,80.8499444,waterfall,Nuwara Eliya,Q1583950,https://www.wikidata.org/wiki/Q1583950,Wikidata,Q97262496,https://www.wikidata.org/wiki/Q97262496,CC0 1.0,2026-08-19T17:27:06+00:00,"{""heritage_designation_ids"":[],""heritage_designation_labels"":[],""instance_ids"":[""Q34038""],""instance_labels"":[""waterfall""],""located_in_district_id"":""Q1583950"",""query_district_name"":""Nuwara Eliya"",""wikipedia_url"":""https://en.wikipedia.org/wiki/Kurundu_Oya_Falls""}",candidate_unverified,,
osm-node-11210754426-ampara,Crocodile Ponds,6.7591941,81.7851014,tourism=attraction,Ampara,relation/5351718,https://www.openstreetmap.org/relation/5351718,OpenStreetMap,node/11210754426,https://www.openstreetmap.org/node/11210754426,ODbL 1.0,2026-08-19T17:27:06+00:00,"{""name"":""Crocodile Ponds"",""query_district_name"":""Ampara"",""query_district_osm_relation_id"":""5351718"",""tourism"":""attraction""}",candidate_unverified,,
osm-node-12985856600-anuradhapura,Weeransole Ruins,8.3392737,80.1289893,historic=ruins,Anuradhapura,relation/5351719,https://www.openstreetmap.org/relation/5351719,OpenStreetMap,node/12985856600,https://www.openstreetmap.org/node/12985856600,ODbL 1.0,2026-08-19T17:27:06+00:00,"{""historic"":""ruins"",""name"":""Weeransole Ruins"",""query_district_name"":""Anuradhapura"",""query_district_osm_relation_id"":""5351719""}",candidate_unverified,,
osm-node-13428292423-badulla,Waterfall,6.8658202,81.0443542,tourism=viewpoint,Badulla,relation/5351720,https://www.openstreetmap.org/relation/5351720,OpenStreetMap,node/13428292423,https://www.openstreetmap.org/node/13428292423,ODbL 1.0,2026-08-19T17:27:06+00:00,"{""name"":""Waterfall"",""query_district_name"":""Badulla"",""query_district_osm_relation_id"":""5351720"",""tourism"":""viewpoint""}",candidate_unverified,,
osm-node-2141657994-colombo,Thummodara Ranmudu Ella,6.8647276,80.1708905,tourism=attraction,Colombo,relation/5351774,https://www.openstreetmap.org/relation/5351774,OpenStreetMap,node/2141657994,https://www.openstreetmap.org/node/2141657994,ODbL 1.0,2026-08-19T17:27:06+00:00,"{""name"":""Thummodara Ranmudu Ella"",""query_district_name"":""Colombo"",""query_district_osm_relation_id"":""5351774"",""tourism"":""attraction""}",candidate_unverified,,
osm-way-196057979-gampaha,Negombo Dutch Fort,7.2086978,79.8312875,historic=archaeological_site,Gampaha,relation/5351775,https://www.openstreetmap.org/relation/5351775,OpenStreetMap,way/196057979,https://www.openstreetmap.org/way/196057979,ODbL 1.0,2026-08-19T17:27:06+00:00,"{""historic"":""archaeological_site"",""name"":""Negombo Dutch Fort"",""query_district_name"":""Gampaha"",""query_district_osm_relation_id"":""5351775"",""wikipedia"":""en:Negombo_fort""}",candidate_unverified,dup-aeedab17bd85,wikidata-Q18756153-gampaha
osm-node-13074409554-hambantota,Weheragala Ruins,6.3749043,81.3336562,historic=ruins,Hambantota,relation/5337945,https://www.openstreetmap.org/relation/5337945,OpenStreetMap,node/13074409554,https://www.openstreetmap.org/node/13074409554,ODbL 1.0,2026-08-19T17:27:06+00:00,"{""historic"":""ruins"",""name"":""Weheragala Ruins"",""query_district_name"":""Hambantota"",""query_district_osm_relation_id"":""5337945""}",candidate_unverified,,
osm-node-4511724378-jaffna,Mayakkai Cave,9.8121018,80.2157173,tourism=viewpoint,Jaffna,relation/3237345,https://www.openstreetmap.org/relation/3237345,OpenStreetMap,node/4511724378,https://www.openstreetmap.org/node/4511724378,ODbL 1.0,2026-08-19T17:27:06+00:00,"{""name"":""Mayakkai Cave"",""query_district_name"":""Jaffna"",""query_district_osm_relation_id"":""3237345"",""tourism"":""viewpoint""}",candidate_unverified,,
wikidata-Q28379866-ampara,Samanabedda cave temple,7.3430833,81.6497222,Buddhist temple,Ampara,Q474395,https://www.wikidata.org/wiki/Q474395,Wikidata,Q28379866,https://www.wikidata.org/wiki/Q28379866,CC0 1.0,2026-08-19T17:27:06+00:00,"{""heritage_designation_ids"":[],""heritage_designation_labels"":[],""instance_ids"":[""Q5393308""],""instance_labels"":[""Buddhist temple""],""located_in_district_id"":""Q474395"",""query_district_name"":""Ampara"",""wikipedia_url"":""https://en.wikipedia.org/wiki/Samanabedda_cave_temple""}",candidate_unverified,,
wikidata-Q3610571-anuradhapura,Isurumuniya,8.3346,80.3904,vihara,Anuradhapura,Q612614,https://www.wikidata.org/wiki/Q612614,Wikidata,Q3610571,https://www.wikidata.org/wiki/Q3610571,CC0 1.0,2026-08-19T17:27:06+00:00,"{""heritage_designation_ids"":[],""heritage_designation_labels"":[],""instance_ids"":[""Q844619""],""instance_labels"":[""vihara""],""located_in_district_id"":""Q612614"",""query_district_name"":""Anuradhapura"",""wikipedia_url"":""https://en.wikipedia.org/wiki/Isurumuniya""}",candidate_unverified,,
wikidata-Q37424-badulla,Ravana Falls,6.9038889,81.0516667,waterfall,Badulla,Q799713,https://www.wikidata.org/wiki/Q799713,Wikidata,Q37424,https://www.wikidata.org/wiki/Q37424,CC0 1.0,2026-08-19T17:27:06+00:00,"{""heritage_designation_ids"":[],""heritage_designation_labels"":[],""instance_ids"":[""Q34038""],""instance_labels"":[""waterfall""],""located_in_district_id"":""Q799713"",""query_district_name"":""Badulla"",""wikipedia_url"":""https://en.wikipedia.org/wiki/Ravana_Ella""}",candidate_unverified,,
wikidata-Q20987412-colombo,Independence Memorial Museum,6.9045833,79.8672778,museum,Colombo,Q606287,https://www.wikidata.org/wiki/Q606287,Wikidata,Q20987412,https://www.wikidata.org/wiki/Q20987412,CC0 1.0,2026-08-19T17:27:06+00:00,"{""heritage_designation_ids"":[],""heritage_designation_labels"":[],""instance_ids"":[""Q33506""],""instance_labels"":[""museum""],""located_in_district_id"":""Q606287"",""query_district_name"":""Colombo"",""wikipedia_url"":""https://en.wikipedia.org/wiki/Independence_Memorial_Museum""}",candidate_unverified,,
wikidata-Q25055443-gampaha,"Saint Stephen's Church, Negombo",7.255,79.832,church building,Gampaha,Q206344,https://www.wikidata.org/wiki/Q206344,Wikidata,Q25055443,https://www.wikidata.org/wiki/Q25055443,CC0 1.0,2026-08-19T17:27:06+00:00,"{""heritage_designation_ids"":[],""heritage_designation_labels"":[],""instance_ids"":[""Q16970""],""instance_labels"":[""church building""],""located_in_district_id"":""Q206344"",""query_district_name"":""Gampaha"",""wikipedia_url"":""https://en.wikipedia.org/wiki/Saint_Stephen%27s_Church,_Negombo""}",candidate_unverified,,
osm-node-1727709368-hambantota,Sandagiri Stupa,6.2807167,81.2948619,historic=archaeological_site,Hambantota,relation/5337945,https://www.openstreetmap.org/relation/5337945,OpenStreetMap,node/1727709368,https://www.openstreetmap.org/node/1727709368,ODbL 1.0,2026-08-19T17:27:06+00:00,"{""historic"":""archaeological_site"",""name"":""Sandagiri Stupa"",""query_district_name"":""Hambantota"",""query_district_osm_relation_id"":""5337945""}",candidate_unverified,,
wikidata-Q24044791-jaffna,Delft National Park,9.4972222,79.7,national park,Jaffna,Q1520182,https://www.wikidata.org/wiki/Q1520182,Wikidata,Q24044791,https://www.wikidata.org/wiki/Q24044791,CC0 1.0,2026-08-19T17:27:06+00:00,"{""heritage_designation_ids"":[],""heritage_designation_labels"":[],""instance_ids"":[""Q46169""],""instance_labels"":[""national park""],""located_in_district_id"":""Q1520182"",""query_district_name"":""Jaffna"",""wikipedia_url"":""https://en.wikipedia.org/wiki/Delft_National_Park""}",candidate_unverified,,
osm-node-11212455353-ampara,Abayasinghepura Archaeological Site,6.7665023,81.8143634,historic=ruins,Ampara,relation/5351718,https://www.openstreetmap.org/relation/5351718,OpenStreetMap,node/11212455353,https://www.openstreetmap.org/node/11212455353,ODbL 1.0,2026-08-19T17:27:06+00:00,"{""historic"":""ruins"",""name"":""Abayasinghepura Archaeological Site"",""query_district_name"":""Ampara"",""query_district_osm_relation_id"":""5351718""}",candidate_unverified,,
osm-node-12985856601-anuradhapura,Kuda Vilachchiya Wewa and its Ruins,8.4480507,80.1528823,historic=ruins,Anuradhapura,relation/5351719,https://www.openstreetmap.org/relation/5351719,OpenStreetMap,node/12985856601,https://www.openstreetmap.org/node/12985856601,ODbL 1.0,2026-08-19T17:27:06+00:00,"{""historic"":""ruins"",""name"":""Kuda Vilachchiya Wewa and its Ruins"",""query_district_name"":""Anuradhapura"",""query_district_osm_relation_id"":""5351719""}",candidate_unverified,,
osm-node-1712902149-badulla,Diyaluma Falls,6.7332925,81.0314914,tourism=viewpoint,Badulla,relation/5351720,https://www.openstreetmap.org/relation/5351720,OpenStreetMap,node/1712902149,https://www.openstreetmap.org/node/1712902149,ODbL 1.0,2026-08-19T17:27:06+00:00,"{""name"":""Diyaluma Falls"",""query_district_name"":""Badulla"",""query_district_osm_relation_id"":""5351720"",""tourism"":""viewpoint""}",candidate_unverified,,
osm-node-2141663842-colombo,Ella Uda Ella,6.8899887,80.1766836,tourism=attraction,Colombo,relation/5351774,https://www.openstreetmap.org/relation/5351774,OpenStreetMap,node/2141663842,https://www.openstreetmap.org/node/2141663842,ODbL 1.0,2026-08-19T17:27:06+00:00,"{""name"":""Ella Uda Ella"",""query_district_name"":""Colombo"",""query_district_osm_relation_id"":""5351774"",""tourism"":""attraction""}",candidate_unverified,,
osm-way-343482760-gampaha,Al Mubarak Kids Park,6.9548608,80.0161331,tourism=theme_park,Gampaha,relation/5351775,https://www.openstreetmap.org/relation/5351775,OpenStreetMap,way/343482760,https://www.openstreetmap.org/way/343482760,ODbL 1.0,2026-08-19T17:27:06+00:00,"{""name"":""Al Mubarak Kids Park"",""query_district_name"":""Gampaha"",""query_district_osm_relation_id"":""5351775"",""tourism"":""theme_park""}",candidate_unverified,,
osm-node-1783873595-hambantota,Tomb of Andare: the Court Jester,6.1763674,81.1639278,historic=monument,Hambantota,relation/5337945,https://www.openstreetmap.org/relation/5337945,OpenStreetMap,node/1783873595,https://www.openstreetmap.org/node/1783873595,ODbL 1.0,2026-08-19T17:27:06+00:00,"{""historic"":""monument"",""name"":""Tomb of Andare: the Court Jester"",""query_district_name"":""Hambantota"",""query_district_osm_relation_id"":""5337945""}",candidate_unverified,,
osm-node-4518860265-jaffna,Kadurugoda Viharaya Archaeological Site - Kantharodai,9.7468646,80.0066385,tourism=viewpoint,Jaffna,relation/3237345,https://www.openstreetmap.org/relation/3237345,OpenStreetMap,node/4518860265,https://www.openstreetmap.org/node/4518860265,ODbL 1.0,2026-08-19T17:27:06+00:00,"{""name"":""Kadurugoda Viharaya Archaeological Site - Kantharodai"",""query_district_name"":""Jaffna"",""query_district_osm_relation_id"":""3237345"",""tourism"":""viewpoint""}",candidate_unverified,dup-8677e95a1db0,osm-way-161471513-jaffna
wikidata-Q29575291-ampara,Samangala Forest Hermitage,7.4109722,81.5811944,Buddhist temple,Ampara,Q474395,https://www.wikidata.org/wiki/Q474395,Wikidata,Q29575291,https://www.wikidata.org/wiki/Q29575291,CC0 1.0,2026-08-19T17:27:06+00:00,"{""heritage_designation_ids"":[],""heritage_designation_labels"":[],""instance_ids"":[""Q5393308""],""instance_labels"":[""Buddhist temple""],""located_in_district_id"":""Q474395"",""query_district_name"":""Ampara"",""wikipedia_url"":""https://en.wikipedia.org/wiki/Samangala_Aranya_Senasanaya""}",candidate_unverified,,
wikidata-Q5209967-anuradhapura,Dakkhina Stupa,8.3411111,80.395,Buddhist temple,Anuradhapura,Q612614,https://www.wikidata.org/wiki/Q612614,Wikidata,Q5209967,https://www.wikidata.org/wiki/Q5209967,CC0 1.0,2026-08-19T17:27:06+00:00,"{""heritage_designation_ids"":[],""heritage_designation_labels"":[],""instance_ids"":[""Q5393308""],""instance_labels"":[""Buddhist temple""],""located_in_district_id"":""Q612614"",""query_district_name"":""Anuradhapura"",""wikipedia_url"":""https://en.wikipedia.org/wiki/Dakkhina_Stupa""}",candidate_unverified,,
wikidata-Q65060480-badulla,"St. Mary’s Cathedral, Badulla",6.990617,81.058538,Catholic cathedral,Badulla,Q799713,https://www.wikidata.org/wiki/Q799713,Wikidata,Q65060480,https://www.wikidata.org/wiki/Q65060480,CC0 1.0,2026-08-19T17:27:06+00:00,"{""heritage_designation_ids"":[],""heritage_designation_labels"":[],""instance_ids"":[""Q56242215""],""instance_labels"":[""Catholic cathedral""],""located_in_district_id"":""Q799713"",""query_district_name"":""Badulla"",""wikipedia_url"":""https://en.wikipedia.org/wiki/St._Mary%27s_Cathedral,_Badulla""}",candidate_unverified,,
wikidata-Q20987445-colombo,National Museum of Natural History,6.9111944,79.8610833,national museum|natural history museum,Colombo,Q606287,https://www.wikidata.org/wiki/Q606287,Wikidata,Q20987445,https://www.wikidata.org/wiki/Q20987445,CC0 1.0,2026-08-19T17:27:06+00:00,"{""heritage_designation_ids"":[],""heritage_designation_labels"":[],""instance_ids"":[""Q17431399"",""Q1970365""],""instance_labels"":[""national museum"",""natural history museum""],""located_in_district_id"":""Q606287"",""query_district_name"":""Colombo"",""wikipedia_url"":""https://en.wikipedia.org/wiki/National_Museum_of_Natural_History,_Colombo""}",candidate_unverified,,
wikidata-Q25055515-gampaha,St. Sebastian’s Church,7.219,79.839,church building,Gampaha,Q206344,https://www.wikidata.org/wiki/Q206344,Wikidata,Q25055515,https://www.wikidata.org/wiki/Q25055515,CC0 1.0,2026-08-19T17:27:06+00:00,"{""heritage_designation_ids"":[],""heritage_designation_labels"":[],""instance_ids"":[""Q16970""],""instance_labels"":[""church building""],""located_in_district_id"":""Q206344"",""query_district_name"":""Gampaha"",""wikipedia_url"":""https://en.wikipedia.org/wiki/St._Sebastian%27s_Church,_Wellaweediya""}",candidate_unverified,,
osm-node-2918580550-hambantota,Birds Research Center & Resort,6.2166468,81.090144,tourism=zoo,Hambantota,relation/5337945,https://www.openstreetmap.org/relation/5337945,OpenStreetMap,node/2918580550,https://www.openstreetmap.org/node/2918580550,ODbL 1.0,2026-08-19T17:27:06+00:00,"{""name"":""Birds Research Center & Resort"",""query_district_name"":""Hambantota"",""query_district_osm_relation_id"":""5337945"",""tourism"":""zoo""}",candidate_unverified,,
wikidata-Q24949100-jaffna,"St. Thomas' Cathedral, Vaddukoddai",9.7293611,79.9490556,church building,Jaffna,Q1520182,https://www.wikidata.org/wiki/Q1520182,Wikidata,Q24949100,https://www.wikidata.org/wiki/Q24949100,CC0 1.0,2026-08-19T17:27:06+00:00,"{""heritage_designation_ids"":[],""heritage_designation_labels"":[],""instance_ids"":[""Q16970""],""instance_labels"":[""church building""],""located_in_district_id"":""Q1520182"",""query_district_name"":""Jaffna"",""wikipedia_url"":""https://en.wikipedia.org/wiki/St._Thomas%27_Cathedral,_Vaddukoddai""}",candidate_unverified,,
osm-node-11212455354-ampara,Radella Archaeological Site I,6.8162489,81.7660678,historic=ruins,Ampara,relation/5351718,https://www.openstreetmap.org/relation/5351718,OpenStreetMap,node/11212455354,https://www.openstreetmap.org/node/11212455354,ODbL 1.0,2026-08-19T17:27:06+00:00,"{""historic"":""ruins"",""name"":""Radella Archaeological Site I"",""query_district_name"":""Ampara"",""query_district_osm_relation_id"":""5351718""}",candidate_unverified,,
osm-node-12985877731-anuradhapura,Galbendi Neeravia Archaeological Ruins,8.4391121,80.0891632,historic=ruins,Anuradhapura,relation/5351719,https://www.openstreetmap.org/relation/5351719,OpenStreetMap,node/12985877731,https://www.openstreetmap.org/node/12985877731,ODbL 1.0,2026-08-19T17:27:06+00:00,"{""historic"":""ruins"",""name"":""Galbendi Neeravia Archaeological Ruins"",""query_district_name"":""Anuradhapura"",""query_district_osm_relation_id"":""5351719""}",candidate_unverified,,
osm-node-1743021897-badulla,Sunrise viewpoint,6.8560235,81.0530765,tourism=viewpoint,Badulla,relation/5351720,https://www.openstreetmap.org/relation/5351720,OpenStreetMap,node/1743021897,https://www.openstreetmap.org/node/1743021897,ODbL 1.0,2026-08-19T17:27:06+00:00,"{""name"":""Sunrise viewpoint"",""query_district_name"":""Badulla"",""query_district_osm_relation_id"":""5351720"",""tourism"":""viewpoint""}",candidate_unverified,,
osm-node-3516467775-colombo,Srimath Anagarika Dharmapala Statue,6.9105256,79.8935704,historic=monument,Colombo,relation/5351774,https://www.openstreetmap.org/relation/5351774,OpenStreetMap,node/3516467775,https://www.openstreetmap.org/node/3516467775,ODbL 1.0,2026-08-19T17:27:06+00:00,"{""historic"":""monument"",""name"":""Srimath Anagarika Dharmapala Statue"",""query_district_name"":""Colombo"",""query_district_osm_relation_id"":""5351774""}",candidate_unverified,,
osm-way-376324583-gampaha,Railway Museum,7.0926426,79.9930476,tourism=museum,Gampaha,relation/5351775,https://www.openstreetmap.org/relation/5351775,OpenStreetMap,way/376324583,https://www.openstreetmap.org/way/376324583,ODbL 1.0,2026-08-19T17:27:06+00:00,"{""name"":""Railway Museum"",""query_district_name"":""Gampaha"",""query_district_osm_relation_id"":""5351775"",""tourism"":""museum""}",candidate_unverified,,
osm-node-4391700339-hambantota,Turtles View,6.0461535,80.8559105,tourism=zoo,Hambantota,relation/5337945,https://www.openstreetmap.org/relation/5337945,OpenStreetMap,node/4391700339,https://www.openstreetmap.org/node/4391700339,ODbL 1.0,2026-08-19T17:27:06+00:00,"{""name"":""Turtles View"",""query_district_name"":""Hambantota"",""query_district_osm_relation_id"":""5337945"",""tourism"":""zoo""}",candidate_unverified,,
osm-node-4623193537-jaffna,Dutch Fort Pyle Ruins,9.5933741,80.4361752,historic=ruins,Jaffna,relation/3237345,https://www.openstreetmap.org/relation/3237345,OpenStreetMap,node/4623193537,https://www.openstreetmap.org/node/4623193537,ODbL 1.0,2026-08-19T17:27:06+00:00,"{""historic"":""ruins"",""name"":""Dutch Fort Pyle Ruins"",""query_district_name"":""Jaffna"",""query_district_osm_relation_id"":""3237345""}",candidate_unverified,,
wikidata-Q3533266-ampara,Thambiluvil Sri Kannaki amman temple,7.13333,81.85,Hindu temple,Ampara,Q474395,https://www.wikidata.org/wiki/Q474395,Wikidata,Q3533266,https://www.wikidata.org/wiki/Q3533266,CC0 1.0,2026-08-19T17:27:06+00:00,"{""heritage_designation_ids"":[],""heritage_designation_labels"":[],""instance_ids"":[""Q842402""],""instance_labels"":[""Hindu temple""],""located_in_district_id"":""Q474395"",""query_district_name"":""Ampara"",""wikipedia_url"":""https://en.wikipedia.org/wiki/Thambiluvil_Kannaki_Amman_Temple""}",candidate_unverified,,
wikidata-Q542107-anuradhapura,Mahavihara of Anuradhapura,8.3446872,80.3965484,mahavihara,Anuradhapura,Q612614,https://www.wikidata.org/wiki/Q612614,Wikidata,Q542107,https://www.wikidata.org/wiki/Q542107,CC0 1.0,2026-08-19T17:27:06+00:00,"{""heritage_designation_ids"":[],""heritage_designation_labels"":[],""instance_ids"":[""Q19323827""],""instance_labels"":[""mahavihara""],""located_in_district_id"":""Q612614"",""query_district_name"":""Anuradhapura"",""wikipedia_url"":""https://en.wikipedia.org/wiki/Anuradhapura_Maha_Viharaya""}",candidate_unverified,,
osm-node-2520519763-badulla,ISM Logo,6.8148211,80.9589389,historic=monument,Badulla,relation/5351720,https://www.openstreetmap.org/relation/5351720,OpenStreetMap,node/2520519763,https://www.openstreetmap.org/node/2520519763,ODbL 1.0,2026-08-19T17:27:06+00:00,"{""historic"":""monument"",""name"":""ISM Logo"",""query_district_name"":""Badulla"",""query_district_osm_relation_id"":""5351720""}",candidate_unverified,,
wikidata-Q22906291-colombo,All Saints' Church,6.92087,79.87512,church building,Colombo,Q606287,https://www.wikidata.org/wiki/Q606287,Wikidata,Q22906291,https://www.wikidata.org/wiki/Q22906291,CC0 1.0,2026-08-19T17:27:06+00:00,"{""heritage_designation_ids"":[],""heritage_designation_labels"":[],""instance_ids"":[""Q16970""],""instance_labels"":[""church building""],""located_in_district_id"":""Q606287"",""query_district_name"":""Colombo"",""wikipedia_url"":""https://en.wikipedia.org/wiki/All_Saints%27_Church,_Borella""}",candidate_unverified,,
wikidata-Q25226752-gampaha,St. Mary’s Church,7.201,79.838,church building,Gampaha,Q206344,https://www.wikidata.org/wiki/Q206344,Wikidata,Q25226752,https://www.wikidata.org/wiki/Q25226752,CC0 1.0,2026-08-19T17:27:06+00:00,"{""heritage_designation_ids"":[],""heritage_designation_labels"":[],""instance_ids"":[""Q16970""],""instance_labels"":[""church building""],""located_in_district_id"":""Q206344"",""query_district_name"":""Gampaha"",""wikipedia_url"":""https://en.wikipedia.org/wiki/St._Mary%27s_Church,_Negombo""}",candidate_unverified,,
osm-node-4794762722-hambantota,Godavaya wildlife sanctuary viewpoint,6.1067418,81.05071,tourism=viewpoint,Hambantota,relation/5337945,https://www.openstreetmap.org/relation/5337945,OpenStreetMap,node/4794762722,https://www.openstreetmap.org/node/4794762722,ODbL 1.0,2026-08-19T17:27:06+00:00,"{""name"":""Godavaya wildlife sanctuary viewpoint"",""query_district_name"":""Hambantota"",""query_district_osm_relation_id"":""5337945"",""tourism"":""viewpoint""}",candidate_unverified,,
wikidata-Q24949103-jaffna,"St. James' Church, Nallur",9.6735556,80.0376667,church building,Jaffna,Q1520182,https://www.wikidata.org/wiki/Q1520182,Wikidata,Q24949103,https://www.wikidata.org/wiki/Q24949103,CC0 1.0,2026-08-19T17:27:06+00:00,"{""heritage_designation_ids"":[],""heritage_designation_labels"":[],""instance_ids"":[""Q16970""],""instance_labels"":[""church building""],""located_in_district_id"":""Q1520182"",""query_district_name"":""Jaffna"",""wikipedia_url"":""https://en.wikipedia.org/wiki/St._James%27_Church,_Nallur""}",candidate_unverified,,
osm-node-11212455355-ampara,Radella Archaeological Site II,6.8212359,81.7698375,historic=ruins,Ampara,relation/5351718,https://www.openstreetmap.org/relation/5351718,OpenStreetMap,node/11212455355,https://www.openstreetmap.org/node/11212455355,ODbL 1.0,2026-08-19T17:27:06+00:00,"{""historic"":""ruins"",""name"":""Radella Archaeological Site II"",""query_district_name"":""Ampara"",""query_district_osm_relation_id"":""5351718""}",candidate_unverified,,
osm-node-12986104935-anuradhapura,Tammannawala Archaeological Ruins,8.3534805,80.1178332,historic=ruins,Anuradhapura,relation/5351719,https://www.openstreetmap.org/relation/5351719,OpenStreetMap,node/12986104935,https://www.openstreetmap.org/node/12986104935,ODbL 1.0,2026-08-19T17:27:06+00:00,"{""historic"":""ruins"",""name"":""Tammannawala Archaeological Ruins"",""query_district_name"":""Anuradhapura"",""query_district_osm_relation_id"":""5351719""}",candidate_unverified,,
osm-node-3278487272-badulla,Eagle Rock,6.7625011,80.9806723,tourism=viewpoint,Badulla,relation/5351720,https://www.openstreetmap.org/relation/5351720,OpenStreetMap,node/3278487272,https://www.openstreetmap.org/node/3278487272,ODbL 1.0,2026-08-19T17:27:06+00:00,"{""name"":""Eagle Rock"",""query_district_name"":""Badulla"",""query_district_osm_relation_id"":""5351720"",""tourism"":""viewpoint""}",candidate_unverified,,
osm-node-3516468007-colombo,Veediye Bandara Statue,6.9093858,79.8959575,historic=monument,Colombo,relation/5351774,https://www.openstreetmap.org/relation/5351774,OpenStreetMap,node/3516468007,https://www.openstreetmap.org/node/3516468007,ODbL 1.0,2026-08-19T17:27:06+00:00,"{""historic"":""monument"",""name"":""Veediye Bandara Statue"",""query_district_name"":""Colombo"",""query_district_osm_relation_id"":""5351774""}",candidate_unverified,,
osm-way-382387841-gampaha,Buddha Statue,7.0833607,79.922738,historic=monument,Gampaha,relation/5351775,https://www.openstreetmap.org/relation/5351775,OpenStreetMap,way/382387841,https://www.openstreetmap.org/way/382387841,ODbL 1.0,2026-08-19T17:27:06+00:00,"{""historic"":""monument"",""name"":""Buddha Statue"",""query_district_name"":""Gampaha"",""query_district_osm_relation_id"":""5351775""}",candidate_unverified,,
osm-node-5167036321-hambantota,Abarana Ella,6.1875733,80.9702458,tourism=viewpoint,Hambantota,relation/5337945,https://www.openstreetmap.org/relation/5337945,OpenStreetMap,node/5167036321,https://www.openstreetmap.org/node/5167036321,ODbL 1.0,2026-08-19T17:27:06+00:00,"{""name"":""Abarana Ella"",""query_district_name"":""Hambantota"",""query_district_osm_relation_id"":""5337945"",""tourism"":""viewpoint""}",candidate_unverified,,
osm-node-5313882055-jaffna,Old Co-operative Shop,9.734175,80.0969705,historic=ruins,Jaffna,relation/3237345,https://www.openstreetmap.org/relation/3237345,OpenStreetMap,node/5313882055,https://www.openstreetmap.org/node/5313882055,ODbL 1.0,2026-08-19T17:27:06+00:00,"{""historic"":""ruins"",""name"":""Old Co-operative Shop"",""query_district_name"":""Jaffna"",""query_district_osm_relation_id"":""3237345""}",candidate_unverified,,
wikidata-Q38043552-ampara,Sri Dharmendrarama Raja Maha Vihara,7.4271111,81.6339722,Buddhist temple,Ampara,Q474395,https://www.wikidata.org/wiki/Q474395,Wikidata,Q38043552,https://www.wikidata.org/wiki/Q38043552,CC0 1.0,2026-08-19T17:27:06+00:00,"{""heritage_designation_ids"":[],""heritage_designation_labels"":[],""instance_ids"":[""Q5393308""],""instance_labels"":[""Buddhist temple""],""located_in_district_id"":""Q474395"",""query_district_name"":""Ampara"",""wikipedia_url"":""https://en.wikipedia.org/wiki/Sri_Dharmendrarama_Raja_Maha_Vihara""}",candidate_unverified,,
wikidata-Q5724-anuradhapura,Anuradhapura,8.335,80.4108333,archaeological site|city|sacred place,Anuradhapura,Q612614,https://www.wikidata.org/wiki/Q612614,Wikidata,Q5724,https://www.wikidata.org/wiki/Q5724,CC0 1.0,2026-08-19T17:27:06+00:00,"{""heritage_designation_ids"":[""Q9259""],""heritage_designation_labels"":[""World Heritage Site""],""instance_ids"":[""Q4588528"",""Q515"",""Q839954""],""instance_labels"":[""archaeological site"",""city"",""sacred place""],""located_in_district_id"":""Q612614"",""query_district_name"":""Anuradhapura"",""wikipedia_url"":""https://en.wikipedia.org/wiki/Anuradhapura""}",candidate_unverified,,
osm-node-3301935943-badulla,Dunhinda Falls,7.0169435,81.063492,tourism=attraction,Badulla,relation/5351720,https://www.openstreetmap.org/relation/5351720,OpenStreetMap,node/3301935943,https://www.openstreetmap.org/node/3301935943,ODbL 1.0,2026-08-19T17:27:06+00:00,"{""name"":""Dunhinda Falls"",""query_district_name"":""Badulla"",""query_district_osm_relation_id"":""5351720"",""tourism"":""attraction"",""wikidata"":""Q38347""}",candidate_unverified,,
wikidata-Q24239464-colombo,Seema Malaka,6.917623,79.853257,Buddhist temple,Colombo,Q606287,https://www.wikidata.org/wiki/Q606287,Wikidata,Q24239464,https://www.wikidata.org/wiki/Q24239464,CC0 1.0,2026-08-19T17:27:06+00:00,"{""heritage_designation_ids"":[],""heritage_designation_labels"":[],""instance_ids"":[""Q5393308""],""instance_labels"":[""Buddhist temple""],""located_in_district_id"":""Q606287"",""query_district_name"":""Colombo"",""wikipedia_url"":""https://en.wikipedia.org/wiki/Seema_Malaka""}",candidate_unverified,,
wikidata-Q26904723-gampaha,Yatawatte Purana Vihara,7.0889167,79.9862778,Buddhist temple,Gampaha,Q206344,https://www.wikidata.org/wiki/Q206344,Wikidata,Q26904723,https://www.wikidata.org/wiki/Q26904723,CC0 1.0,2026-08-19T17:27:06+00:00,"{""heritage_designation_ids"":[],""heritage_designation_labels"":[],""instance_ids"":[""Q5393308""],""instance_labels"":[""Buddhist temple""],""located_in_district_id"":""Q206344"",""query_district_name"":""Gampaha"",""wikipedia_url"":""https://en.wikipedia.org/wiki/Yatawatte_Purana_Vihara""}",candidate_unverified,,
osm-node-5627298468-hambantota,Katuwana Dutch Fort,6.2675009,80.6952354,tourism=attraction,Hambantota,relation/5337945,https://www.openstreetmap.org/relation/5337945,OpenStreetMap,node/5627298468,https://www.openstreetmap.org/node/5627298468,ODbL 1.0,2026-08-19T17:27:06+00:00,"{""name"":""Katuwana Dutch Fort"",""query_district_name"":""Hambantota"",""query_district_osm_relation_id"":""5337945"",""tourism"":""attraction""}",candidate_unverified,,
wikidata-Q2607851-jaffna,Nallur Kandaswamy Devasthanam,9.6747222,80.0297222,Hindu temple,Jaffna,Q1520182,https://www.wikidata.org/wiki/Q1520182,Wikidata,Q2607851,https://www.wikidata.org/wiki/Q2607851,CC0 1.0,2026-08-19T17:27:06+00:00,"{""heritage_designation_ids"":[],""heritage_designation_labels"":[],""instance_ids"":[""Q842402""],""instance_labels"":[""Hindu temple""],""located_in_district_id"":""Q1520182"",""query_district_name"":""Jaffna"",""wikipedia_url"":""https://en.wikipedia.org/wiki/Nallur_Kandaswamy_temple""}",candidate_unverified,,
osm-node-11212455356-ampara,Radella Reservoir Archaeological Site,6.8258117,81.7601313,historic=ruins,Ampara,relation/5351718,https://www.openstreetmap.org/relation/5351718,OpenStreetMap,node/11212455356,https://www.openstreetmap.org/node/11212455356,ODbL 1.0,2026-08-19T17:27:06+00:00,"{""historic"":""ruins"",""name"":""Radella Reservoir Archaeological Site"",""query_district_name"":""Ampara"",""query_district_osm_relation_id"":""5351718""}",candidate_unverified,,
osm-node-12986104963-anuradhapura,Mahaandaragollewa Wewa Archaeological Ruins,8.3365807,80.0882529,historic=ruins,Anuradhapura,relation/5351719,https://www.openstreetmap.org/relation/5351719,OpenStreetMap,node/12986104963,https://www.openstreetmap.org/node/12986104963,ODbL 1.0,2026-08-19T17:27:06+00:00,"{""historic"":""ruins"",""name"":""Mahaandaragollewa Wewa Archaeological Ruins"",""query_district_name"":""Anuradhapura"",""query_district_osm_relation_id"":""5351719""}",candidate_unverified,,
osm-node-3516426597-badulla,Ella Spice Garden,6.8740364,81.0494507,tourism=attraction,Badulla,relation/5351720,https://www.openstreetmap.org/relation/5351720,OpenStreetMap,node/3516426597,https://www.openstreetmap.org/node/3516426597,ODbL 1.0,2026-08-19T17:27:06+00:00,"{""name"":""Ella Spice Garden"",""query_district_name"":""Badulla"",""query_district_osm_relation_id"":""5351720"",""tourism"":""attraction""}",candidate_unverified,,
osm-node-3922519072-colombo,Horse made out of vehicle parts,6.9343887,79.8659923,historic=monument,Colombo,relation/5351774,https://www.openstreetmap.org/relation/5351774,OpenStreetMap,node/3922519072,https://www.openstreetmap.org/node/3922519072,ODbL 1.0,2026-08-19T17:27:06+00:00,"{""historic"":""monument"",""name"":""Horse made out of vehicle parts"",""query_district_name"":""Colombo"",""query_district_osm_relation_id"":""5351774""}",candidate_unverified,,
osm-way-424873471-gampaha,Children park,7.1408374,79.8966971,tourism=theme_park,Gampaha,relation/5351775,https://www.openstreetmap.org/relation/5351775,OpenStreetMap,way/424873471,https://www.openstreetmap.org/way/424873471,ODbL 1.0,2026-08-19T17:27:06+00:00,"{""name"":""Children park"",""query_district_name"":""Gampaha"",""query_district_osm_relation_id"":""5351775"",""tourism"":""theme_park""}",candidate_unverified,,
osm-node-7100580078-hambantota,Indika Art Gallery,6.0363228,80.8044047,tourism=gallery,Hambantota,relation/5337945,https://www.openstreetmap.org/relation/5337945,OpenStreetMap,node/7100580078,https://www.openstreetmap.org/node/7100580078,ODbL 1.0,2026-08-19T17:27:06+00:00,"{""name"":""Indika Art Gallery"",""query_district_name"":""Hambantota"",""query_district_osm_relation_id"":""5337945"",""tourism"":""gallery""}",candidate_unverified,,
osm-node-5627300060-jaffna,Kayts Fort,9.7007306,79.8519663,tourism=attraction,Jaffna,relation/3237345,https://www.openstreetmap.org/relation/3237345,OpenStreetMap,node/5627300060,https://www.openstreetmap.org/node/5627300060,ODbL 1.0,2026-08-19T17:27:06+00:00,"{""name"":""Kayts Fort"",""query_district_name"":""Jaffna"",""query_district_osm_relation_id"":""3237345"",""tourism"":""attraction"",""wikidata"":""Q12975379"",""wikipedia"":""en:Kayts Island Fort""}",candidate_unverified,dup-7b0d8e80917b,wikidata-Q12975379-jaffna
wikidata-Q38236009-ampara,"Galmaduwa Raja Maha Vihara, Ampara",7.2624722,81.6890278,Buddhist temple,Ampara,Q474395,https://www.wikidata.org/wiki/Q474395,Wikidata,Q38236009,https://www.wikidata.org/wiki/Q38236009,CC0 1.0,2026-08-19T17:27:06+00:00,"{""heritage_designation_ids"":[],""heritage_designation_labels"":[],""instance_ids"":[""Q5393308""],""instance_labels"":[""Buddhist temple""],""located_in_district_id"":""Q474395"",""query_district_name"":""Ampara"",""wikipedia_url"":""https://en.wikipedia.org/wiki/Galmaduwa_Raja_Maha_Vihara,_Ampara""}",candidate_unverified,,
wikidata-Q6733056-anuradhapura,Mahamevnāwa Park in Anuradhapura,8.361609,80.393538,park,Anuradhapura,Q612614,https://www.wikidata.org/wiki/Q612614,Wikidata,Q6733056,https://www.wikidata.org/wiki/Q6733056,CC0 1.0,2026-08-19T17:27:06+00:00,"{""heritage_designation_ids"":[],""heritage_designation_labels"":[],""instance_ids"":[""Q22698""],""instance_labels"":[""park""],""located_in_district_id"":""Q612614"",""query_district_name"":""Anuradhapura"",""wikipedia_url"":""https://en.wikipedia.org/wiki/Mahamevn%C4%81wa_Uyana""}",candidate_unverified,,
osm-node-3819344497-badulla,Badulla Museum,6.9841404,81.0622983,tourism=museum,Badulla,relation/5351720,https://www.openstreetmap.org/relation/5351720,OpenStreetMap,node/3819344497,https://www.openstreetmap.org/node/3819344497,ODbL 1.0,2026-08-19T17:27:06+00:00,"{""name"":""Badulla Museum"",""query_district_name"":""Badulla"",""query_district_osm_relation_id"":""5351720"",""tourism"":""museum""}",candidate_unverified,,
wikidata-Q28402355-colombo,Diyatha Uyana,6.9045,79.9098,park,Colombo,Q606287,https://www.wikidata.org/wiki/Q606287,Wikidata,Q28402355,https://www.wikidata.org/wiki/Q28402355,CC0 1.0,2026-08-19T17:27:06+00:00,"{""heritage_designation_ids"":[],""heritage_designation_labels"":[],""instance_ids"":[""Q22698""],""instance_labels"":[""park""],""located_in_district_id"":""Q606287"",""query_district_name"":""Colombo"",""wikipedia_url"":""https://en.wikipedia.org/wiki/Diyatha_Uyana""}",candidate_unverified,,
wikidata-Q28002465-gampaha,Uruwala Valagamba Raja Maha Vihara,7.0563611,80.0518333,Buddhist temple,Gampaha,Q206344,https://www.wikidata.org/wiki/Q206344,Wikidata,Q28002465,https://www.wikidata.org/wiki/Q28002465,CC0 1.0,2026-08-19T17:27:06+00:00,"{""heritage_designation_ids"":[],""heritage_designation_labels"":[],""instance_ids"":[""Q5393308""],""instance_labels"":[""Buddhist temple""],""located_in_district_id"":""Q206344"",""query_district_name"":""Gampaha"",""wikipedia_url"":""https://en.wikipedia.org/wiki/Uruwala_Valagamba_Raja_Maha_Vihara""}",candidate_unverified,,
osm-node-9133023966-hambantota,Vilpita Rajamaha Viharaya,6.2304953,81.2886697,historic=ruins|amenity=place_of_worship,Hambantota,relation/5337945,https://www.openstreetmap.org/relation/5337945,OpenStreetMap,node/9133023966,https://www.openstreetmap.org/node/9133023966,ODbL 1.0,2026-08-19T17:27:06+00:00,"{""amenity"":""place_of_worship"",""historic"":""ruins"",""name"":""Vilpita Rajamaha Viharaya"",""query_district_name"":""Hambantota"",""query_district_osm_relation_id"":""5337945"",""religion"":""buddhist""}",candidate_unverified,,
wikidata-Q2756663-jaffna,Jaffna Fort,9.6621244,80.0083028,fort,Jaffna,Q1520182,https://www.wikidata.org/wiki/Q1520182,Wikidata,Q2756663,https://www.wikidata.org/wiki/Q2756663,CC0 1.0,2026-08-19T17:27:06+00:00,"{""heritage_designation_ids"":[""Q38080272""],""heritage_designation_labels"":[""Heritage of Portuguese Influence""],""instance_ids"":[""Q1785071""],""instance_labels"":[""fort""],""located_in_district_id"":""Q1520182"",""query_district_name"":""Jaffna"",""wikipedia_url"":""https://en.wikipedia.org/wiki/Jaffna_Fort""}",candidate_unverified,dup-d82638eb8964,osm-way-99282968-jaffna
osm-node-11212455357-ampara,Kunukala Lagoon Archaeological Site,6.7069962,81.7928761,historic=ruins,Ampara,relation/5351718,https://www.openstreetmap.org/relation/5351718,OpenStreetMap,node/11212455357,https://www.openstreetmap.org/node/11212455357,ODbL 1.0,2026-08-19T17:27:06+00:00,"{""historic"":""ruins"",""name"":""Kunukala Lagoon Archaeological Site"",""query_district_name"":""Ampara"",""query_district_osm_relation_id"":""5351718""}",candidate_unverified,,
osm-node-12986131701-anuradhapura,Monastic Ruins,8.3474923,80.0629562,historic=ruins,Anuradhapura,relation/5351719,https://www.openstreetmap.org/relation/5351719,OpenStreetMap,node/12986131701,https://www.openstreetmap.org/node/12986131701,ODbL 1.0,2026-08-19T17:27:06+00:00,"{""historic"":""ruins"",""name"":""Monastic Ruins"",""query_district_name"":""Anuradhapura"",""query_district_osm_relation_id"":""5351719""}",candidate_unverified,,
osm-node-3880457728-badulla,Bogoda Wooden Bridge,7.0079106,80.9963053,tourism=viewpoint,Badulla,relation/5351720,https://www.openstreetmap.org/relation/5351720,OpenStreetMap,node/3880457728,https://www.openstreetmap.org/node/3880457728,ODbL 1.0,2026-08-19T17:27:06+00:00,"{""name"":""Bogoda Wooden Bridge"",""query_district_name"":""Badulla"",""query_district_osm_relation_id"":""5351720"",""tourism"":""viewpoint"",""wikipedia"":""en:Bogoda Wooden Bridge""}",candidate_unverified,,
osm-node-3967352533-colombo,Helanka Art Gallery,6.9056728,79.9268472,tourism=gallery,Colombo,relation/5351774,https://www.openstreetmap.org/relation/5351774,OpenStreetMap,node/3967352533,https://www.openstreetmap.org/node/3967352533,ODbL 1.0,2026-08-19T17:27:06+00:00,"{""name"":""Helanka Art Gallery"",""query_district_name"":""Colombo"",""query_district_osm_relation_id"":""5351774"",""tourism"":""gallery""}",candidate_unverified,,
osm-way-432072883-gampaha,Buddha Statue,7.1107671,79.9503717,historic=monument,Gampaha,relation/5351775,https://www.openstreetmap.org/relation/5351775,OpenStreetMap,way/432072883,https://www.openstreetmap.org/way/432072883,ODbL 1.0,2026-08-19T17:27:06+00:00,"{""historic"":""monument"",""name"":""Buddha Statue"",""query_district_name"":""Gampaha"",""query_district_osm_relation_id"":""5351775""}",candidate_unverified,,
osm-node-9133024384-hambantota,Telulla Archaeological Site,6.1962886,81.291645,historic=archaeological_site,Hambantota,relation/5337945,https://www.openstreetmap.org/relation/5337945,OpenStreetMap,node/9133024384,https://www.openstreetmap.org/node/9133024384,ODbL 1.0,2026-08-19T17:27:06+00:00,"{""historic"":""archaeological_site"",""name"":""Telulla Archaeological Site"",""query_district_name"":""Hambantota"",""query_district_osm_relation_id"":""5337945""}",candidate_unverified,,
osm-node-6228415614-jaffna,Ariyalai heritage centennial monument,9.660728,80.0424655,historic=monument,Jaffna,relation/3237345,https://www.openstreetmap.org/relation/3237345,OpenStreetMap,node/6228415614,https://www.openstreetmap.org/node/6228415614,ODbL 1.0,2026-08-19T17:27:06+00:00,"{""historic"":""monument"",""name"":""Ariyalai heritage centennial monument"",""query_district_name"":""Jaffna"",""query_district_osm_relation_id"":""3237345""}",candidate_unverified,,
wikidata-Q38257137-ampara,Muwangala Raja Maha Vihara,7.2501944,81.6638889,Buddhist temple,Ampara,Q474395,https://www.wikidata.org/wiki/Q474395,Wikidata,Q38257137,https://www.wikidata.org/wiki/Q38257137,CC0 1.0,2026-08-19T17:27:06+00:00,"{""heritage_designation_ids"":[],""heritage_designation_labels"":[],""instance_ids"":[""Q5393308""],""instance_labels"":[""Buddhist temple""],""located_in_district_id"":""Q474395"",""query_district_name"":""Ampara"",""wikipedia_url"":""https://en.wikipedia.org/wiki/Muwangala_Raja_Maha_Vihara""}",candidate_unverified,,
wikidata-Q7799227-anuradhapura,Thuparamaya,8.35528,80.3961,Buddhist temple,Anuradhapura,Q612614,https://www.wikidata.org/wiki/Q612614,Wikidata,Q7799227,https://www.wikidata.org/wiki/Q7799227,CC0 1.0,2026-08-19T17:27:06+00:00,"{""heritage_designation_ids"":[],""heritage_designation_labels"":[],""instance_ids"":[""Q5393308""],""instance_labels"":[""Buddhist temple""],""located_in_district_id"":""Q612614"",""query_district_name"":""Anuradhapura"",""wikipedia_url"":""https://en.wikipedia.org/wiki/Thuparamaya""}",candidate_unverified,,
osm-node-3880551572-badulla,Sorabora Wewa,7.3614175,81.0058211,tourism=viewpoint,Badulla,relation/5351720,https://www.openstreetmap.org/relation/5351720,OpenStreetMap,node/3880551572,https://www.openstreetmap.org/node/3880551572,ODbL 1.0,2026-08-19T17:27:06+00:00,"{""name"":""Sorabora Wewa"",""query_district_name"":""Badulla"",""query_district_osm_relation_id"":""5351720"",""tourism"":""viewpoint"",""wikidata"":""Q24896741"",""wikipedia"":""en:Sorabora Wewa""}",candidate_unverified,,
wikidata-Q28775147-colombo,Karagampitiya Vihara,6.8488889,79.8683056,Buddhist temple,Colombo,Q606287,https://www.wikidata.org/wiki/Q606287,Wikidata,Q28775147,https://www.wikidata.org/wiki/Q28775147,CC0 1.0,2026-08-19T17:27:06+00:00,"{""heritage_designation_ids"":[],""heritage_designation_labels"":[],""instance_ids"":[""Q5393308""],""instance_labels"":[""Buddhist temple""],""located_in_district_id"":""Q606287"",""query_district_name"":""Colombo"",""wikipedia_url"":""https://en.wikipedia.org/wiki/Sri_Subodharama_Raja_Maha_Vihara""}",candidate_unverified,,
wikidata-Q28002504-gampaha,Koskandawala Raja Maha Vihara,7.0796667,80.0522778,Buddhist temple,Gampaha,Q206344,https://www.wikidata.org/wiki/Q206344,Wikidata,Q28002504,https://www.wikidata.org/wiki/Q28002504,CC0 1.0,2026-08-19T17:27:06+00:00,"{""heritage_designation_ids"":[],""heritage_designation_labels"":[],""instance_ids"":[""Q5393308""],""instance_labels"":[""Buddhist temple""],""located_in_district_id"":""Q206344"",""query_district_name"":""Gampaha"",""wikipedia_url"":""https://en.wikipedia.org/wiki/Koskandawala_Raja_Maha_Vihara""}",candidate_unverified,,
osm-node-9133039312-hambantota,Silapassa Pirivena Archaeological Site,6.2765314,81.290579,historic=ruins,Hambantota,relation/5337945,https://www.openstreetmap.org/relation/5337945,OpenStreetMap,node/9133039312,https://www.openstreetmap.org/node/9133039312,ODbL 1.0,2026-08-19T17:27:06+00:00,"{""historic"":""ruins"",""name"":""Silapassa Pirivena Archaeological Site"",""query_district_name"":""Hambantota"",""query_district_osm_relation_id"":""5337945""}",candidate_unverified,,
wikidata-Q27983273-jaffna,Vannarpannai Vaitheeswaran Temple,9.6715278,80.01025,temple,Jaffna,Q1520182,https://www.wikidata.org/wiki/Q1520182,Wikidata,Q27983273,https://www.wikidata.org/wiki/Q27983273,CC0 1.0,2026-08-19T17:27:06+00:00,"{""heritage_designation_ids"":[],""heritage_designation_labels"":[],""instance_ids"":[""Q44539""],""instance_labels"":[""temple""],""located_in_district_id"":""Q1520182"",""query_district_name"":""Jaffna"",""wikipedia_url"":""https://en.wikipedia.org/wiki/Vannarpannai_Vaitheeswaran_Temple""}",candidate_unverified,,
osm-node-11212455391-ampara,Nelumpath Pokuna Ruins,6.5791693,81.6970547,historic=ruins,Ampara,relation/5351718,https://www.openstreetmap.org/relation/5351718,OpenStreetMap,node/11212455391,https://www.openstreetmap.org/node/11212455391,ODbL 1.0,2026-08-19T17:27:06+00:00,"{""historic"":""ruins"",""name"":""Nelumpath Pokuna Ruins"",""query_district_name"":""Ampara"",""query_district_osm_relation_id"":""5351718""}",candidate_unverified,,
osm-node-12986131735-anuradhapura,Stone Pillar Manufature Site,8.3615576,80.065435,historic=ruins,Anuradhapura,relation/5351719,https://www.openstreetmap.org/relation/5351719,OpenStreetMap,node/12986131735,https://www.openstreetmap.org/node/12986131735,ODbL 1.0,2026-08-19T17:27:06+00:00,"{""historic"":""ruins"",""name"":""Stone Pillar Manufature Site"",""query_district_name"":""Anuradhapura"",""query_district_osm_relation_id"":""5351719""}",candidate_unverified,,
osm-node-3880552693-badulla,Union of two rivers,6.9158121,80.9546795,tourism=attraction,Badulla,relation/5351720,https://www.openstreetmap.org/relation/5351720,OpenStreetMap,node/3880552693,https://www.openstreetmap.org/node/3880552693,ODbL 1.0,2026-08-19T17:27:06+00:00,"{""name"":""Union of two rivers"",""query_district_name"":""Badulla"",""query_district_osm_relation_id"":""5351720"",""tourism"":""attraction""}",candidate_unverified,,
osm-node-4109157989-colombo,Maradana Railway Station,6.9284655,79.8648826,tourism=viewpoint,Colombo,relation/5351774,https://www.openstreetmap.org/relation/5351774,OpenStreetMap,node/4109157989,https://www.openstreetmap.org/node/4109157989,ODbL 1.0,2026-08-19T17:27:06+00:00,"{""name"":""railway station"",""name:en"":""Maradana Railway Station"",""query_district_name"":""Colombo"",""query_district_osm_relation_id"":""5351774"",""tourism"":""viewpoint""}",candidate_unverified,,
osm-way-432075400-gampaha,Buddha Statue,7.1071887,79.9527808,historic=monument,Gampaha,relation/5351775,https://www.openstreetmap.org/relation/5351775,OpenStreetMap,way/432075400,https://www.openstreetmap.org/way/432075400,ODbL 1.0,2026-08-19T17:27:06+00:00,"{""historic"":""monument"",""name"":""Buddha Statue"",""query_district_name"":""Gampaha"",""query_district_osm_relation_id"":""5351775""}",candidate_unverified,,
osm-node-9133054679-hambantota,Yahangala Archaeological Ruins,6.2188764,81.1654546,historic=ruins,Hambantota,relation/5337945,https://www.openstreetmap.org/relation/5337945,OpenStreetMap,node/9133054679,https://www.openstreetmap.org/node/9133054679,ODbL 1.0,2026-08-19T17:27:06+00:00,"{""historic"":""ruins"",""name"":""Yahangala Archaeological Ruins"",""query_district_name"":""Hambantota"",""query_district_osm_relation_id"":""5337945""}",candidate_unverified,,
osm-node-7257129485-jaffna,Growing Stone,9.5203414,79.7211376,tourism=attraction,Jaffna,relation/3237345,https://www.openstreetmap.org/relation/3237345,OpenStreetMap,node/7257129485,https://www.openstreetmap.org/node/7257129485,ODbL 1.0,2026-08-19T17:27:06+00:00,"{""name"":""Growing Stone"",""query_district_name"":""Jaffna"",""query_district_osm_relation_id"":""3237345"",""tourism"":""attraction""}",candidate_unverified,,
wikidata-Q39050356-ampara,Uththara Jayamaha Vihara,7.2216111,81.6793611,Buddhist temple,Ampara,Q474395,https://www.wikidata.org/wiki/Q474395,Wikidata,Q39050356,https://www.wikidata.org/wiki/Q39050356,CC0 1.0,2026-08-19T17:27:06+00:00,"{""heritage_designation_ids"":[],""heritage_designation_labels"":[],""instance_ids"":[""Q5393308""],""instance_labels"":[""Buddhist temple""],""located_in_district_id"":""Q474395"",""query_district_name"":""Ampara"",""wikipedia_url"":""https://en.wikipedia.org/wiki/Uththara_Jayamaha_Vihara""}",candidate_unverified,,
osm-node-12986132033-anuradhapura,Nai Pena Guhawa Archaeological Ruins,8.2426265,80.0818901,historic=ruins,Anuradhapura,relation/5351719,https://www.openstreetmap.org/relation/5351719,OpenStreetMap,node/12986132033,https://www.openstreetmap.org/node/12986132033,ODbL 1.0,2026-08-19T17:27:06+00:00,"{""historic"":""ruins"",""name"":""Nai Pena Guhawa Archaeological Ruins"",""query_district_name"":""Anuradhapura"",""query_district_osm_relation_id"":""5351719""}",candidate_unverified,,
osm-node-4107227192-badulla,Waterfall,6.8329061,81.0501314,tourism=attraction,Badulla,relation/5351720,https://www.openstreetmap.org/relation/5351720,OpenStreetMap,node/4107227192,https://www.openstreetmap.org/node/4107227192,ODbL 1.0,2026-08-19T17:27:06+00:00,"{""name"":""Waterfall"",""query_district_name"":""Badulla"",""query_district_osm_relation_id"":""5351720"",""tourism"":""attraction""}",candidate_unverified,,
wikidata-Q28914248-colombo,Samudrasanna Vihara,6.8289167,79.8640833,Buddhist temple,Colombo,Q606287,https://www.wikidata.org/wiki/Q606287,Wikidata,Q28914248,https://www.wikidata.org/wiki/Q28914248,CC0 1.0,2026-08-19T17:27:06+00:00,"{""heritage_designation_ids"":[],""heritage_designation_labels"":[],""instance_ids"":[""Q5393308""],""instance_labels"":[""Buddhist temple""],""located_in_district_id"":""Q606287"",""query_district_name"":""Colombo"",""wikipedia_url"":""https://en.wikipedia.org/wiki/Samudrasanna_Vihara""}",candidate_unverified,,
wikidata-Q31977697-gampaha,Sri Saddharmagupta Piriven Vihara,7.124,79.9845,Buddhist temple,Gampaha,Q206344,https://www.wikidata.org/wiki/Q206344,Wikidata,Q31977697,https://www.wikidata.org/wiki/Q31977697,CC0 1.0,2026-08-19T17:27:06+00:00,"{""heritage_designation_ids"":[],""heritage_designation_labels"":[],""instance_ids"":[""Q5393308""],""instance_labels"":[""Buddhist temple""],""located_in_district_id"":""Q206344"",""query_district_name"":""Gampaha"",""wikipedia_url"":""https://en.wikipedia.org/wiki/Sri_Saddharmagupta_Piriven_Vihara""}",candidate_unverified,,
osm-node-917949443-hambantota,Hummanaya Blow Hole,5.9776154,80.7387267,tourism=attraction|natural=blowhole,Hambantota,relation/5337945,https://www.openstreetmap.org/relation/5337945,OpenStreetMap,node/917949443,https://www.openstreetmap.org/node/917949443,ODbL 1.0,2026-08-19T17:27:06+00:00,"{""name"":""Hummanaya Blow Hole"",""natural"":""blowhole"",""query_district_name"":""Hambantota"",""query_district_osm_relation_id"":""5337945"",""tourism"":""attraction""}",candidate_unverified,,
wikidata-Q6958314-jaffna,Nagadeepa Purana Viharaya,9.61275,79.7739722,Buddhist temple,Jaffna,Q1520182,https://www.wikidata.org/wiki/Q1520182,Wikidata,Q6958314,https://www.wikidata.org/wiki/Q6958314,CC0 1.0,2026-08-19T17:27:06+00:00,"{""heritage_designation_ids"":[],""heritage_designation_labels"":[],""instance_ids"":[""Q5393308""],""instance_labels"":[""Buddhist temple""],""located_in_district_id"":""Q1520182"",""query_district_name"":""Jaffna"",""wikipedia_url"":""https://en.wikipedia.org/wiki/Nagadeepa_Purana_Vihara""}",candidate_unverified,,
osm-node-11212455392-ampara,Kongala,6.567654,81.7007441,historic=ruins,Ampara,relation/5351718,https://www.openstreetmap.org/relation/5351718,OpenStreetMap,node/11212455392,https://www.openstreetmap.org/node/11212455392,ODbL 1.0,2026-08-19T17:27:06+00:00,"{""historic"":""ruins"",""name"":""Kongala"",""query_district_name"":""Ampara"",""query_district_osm_relation_id"":""5351718""}",candidate_unverified,,
osm-node-12986132212-anuradhapura,Veheragala Ruins,8.2781484,80.1254368,historic=ruins,Anuradhapura,relation/5351719,https://www.openstreetmap.org/relation/5351719,OpenStreetMap,node/12986132212,https://www.openstreetmap.org/node/12986132212,ODbL 1.0,2026-08-19T17:27:06+00:00,"{""historic"":""ruins"",""name"":""Veheragala Ruins"",""query_district_name"":""Anuradhapura"",""query_district_osm_relation_id"":""5351719""}",candidate_unverified,,
osm-node-4122645228-badulla,Demodera Railway Spiral,6.9023894,81.061171,tourism=attraction,Badulla,relation/5351720,https://www.openstreetmap.org/relation/5351720,OpenStreetMap,node/4122645228,https://www.openstreetmap.org/node/4122645228,ODbL 1.0,2026-08-19T17:27:06+00:00,"{""name"":""Demodera Railway Spiral"",""query_district_name"":""Badulla"",""query_district_osm_relation_id"":""5351720"",""tourism"":""attraction""}",candidate_unverified,,
osm-node-4304782810-colombo,St. Lucia Church,6.9481148,79.8645241,tourism=attraction|historic=yes|amenity=place_of_worship,Colombo,relation/5351774,https://www.openstreetmap.org/relation/5351774,OpenStreetMap,node/4304782810,https://www.openstreetmap.org/node/4304782810,ODbL 1.0,2026-08-19T17:27:06+00:00,"{""amenity"":""place_of_worship"",""denomination"":""roman_catholic"",""historic"":""yes"",""name"":""St. Lucia Church"",""query_district_name"":""Colombo"",""query_district_osm_relation_id"":""5351774"",""religion"":""christian"",""tourism"":""attraction"",""wikidata"":""Q4426067"",""wikipedia"":""en:St. Lucia's Cathedral""}",candidate_unverified,,
osm-way-432338062-gampaha,Buddha Statue,7.0999733,79.9567697,historic=monument,Gampaha,relation/5351775,https://www.openstreetmap.org/relation/5351775,OpenStreetMap,way/432338062,https://www.openstreetmap.org/way/432338062,ODbL 1.0,2026-08-19T17:27:06+00:00,"{""historic"":""monument"",""name"":""Buddha Statue"",""query_district_name"":""Gampaha"",""query_district_osm_relation_id"":""5351775""}",candidate_unverified,,
osm-node-9269381913-hambantota,War Heroes' Monument,6.0196661,80.7952092,historic=monument,Hambantota,relation/5337945,https://www.openstreetmap.org/relation/5337945,OpenStreetMap,node/9269381913,https://www.openstreetmap.org/node/9269381913,ODbL 1.0,2026-08-19T17:27:06+00:00,"{""historic"":""monument"",""name"":""War Heroes' Monument"",""query_district_name"":""Hambantota"",""query_district_osm_relation_id"":""5337945""}",candidate_unverified,,
osm-relation-12695936-jaffna,Jaffna Archeological Museum,9.668839,80.0240543,tourism=museum,Jaffna,relation/3237345,https://www.openstreetmap.org/relation/3237345,OpenStreetMap,relation/12695936,https://www.openstreetmap.org/relation/12695936,ODbL 1.0,2026-08-19T17:27:06+00:00,"{""name"":""Archaeological Museum Jaffna"",""name:en"":""Jaffna Archeological Museum"",""query_district_name"":""Jaffna"",""query_district_osm_relation_id"":""3237345"",""tourism"":""museum"",""wikidata"":""Q11310066""}",candidate_unverified,dup-46341a68e262,osm-way-569288810-jaffna|wikidata-Q11310066-jaffna
wikidata-Q39061040-ampara,Padiyadora Raja Maha Vihara,7.398,81.25225,Buddhist temple,Ampara,Q474395,https://www.wikidata.org/wiki/Q474395,Wikidata,Q39061040,https://www.wikidata.org/wiki/Q39061040,CC0 1.0,2026-08-19T17:27:06+00:00,"{""heritage_designation_ids"":[],""heritage_designation_labels"":[],""instance_ids"":[""Q5393308""],""instance_labels"":[""Buddhist temple""],""located_in_district_id"":""Q474395"",""query_district_name"":""Ampara"",""wikipedia_url"":""https://en.wikipedia.org/wiki/Padiyadora_Raja_Maha_Vihara""}",candidate_unverified,,
osm-node-13570488105-anuradhapura,Archaeological museum,8.333969,80.3895529,tourism=museum,Anuradhapura,relation/5351719,https://www.openstreetmap.org/relation/5351719,OpenStreetMap,node/13570488105,https://www.openstreetmap.org/node/13570488105,ODbL 1.0,2026-08-19T17:27:06+00:00,"{""name"":""Archaeological museum"",""query_district_name"":""Anuradhapura"",""query_district_osm_relation_id"":""5351719"",""tourism"":""museum""}",candidate_unverified,,
osm-node-4145907903-badulla,Kalthota Doowili Ella (Water fall),6.6625117,80.8657403,tourism=attraction,Badulla,relation/5351720,https://www.openstreetmap.org/relation/5351720,OpenStreetMap,node/4145907903,https://www.openstreetmap.org/node/4145907903,ODbL 1.0,2026-08-19T17:27:06+00:00,"{""name"":""Kalthota Doowili Ella (Water fall)"",""query_district_name"":""Badulla"",""query_district_osm_relation_id"":""5351720"",""tourism"":""attraction""}",candidate_unverified,dup-ed08ece03f24,osm-node-4145909761-badulla
wikidata-Q28938639-colombo,"Sri Pushparama Vihara, Ratmalana",6.8217778,79.8711667,Buddhist temple,Colombo,Q606287,https://www.wikidata.org/wiki/Q606287,Wikidata,Q28938639,https://www.wikidata.org/wiki/Q28938639,CC0 1.0,2026-08-19T17:27:06+00:00,"{""heritage_designation_ids"":[],""heritage_designation_labels"":[],""instance_ids"":[""Q5393308""],""instance_labels"":[""Buddhist temple""],""located_in_district_id"":""Q606287"",""query_district_name"":""Colombo"",""wikipedia_url"":""https://en.wikipedia.org/wiki/Sri_Pushparama_Vihara,_Ratmalana""}",candidate_unverified,,
wikidata-Q32964820-gampaha,"Uththararama Purana Vihara, Udugampola",7.1293611,79.9828333,Buddhist temple,Gampaha,Q206344,https://www.wikidata.org/wiki/Q206344,Wikidata,Q32964820,https://www.wikidata.org/wiki/Q32964820,CC0 1.0,2026-08-19T17:27:06+00:00,"{""heritage_designation_ids"":[],""heritage_designation_labels"":[],""instance_ids"":[""Q5393308""],""instance_labels"":[""Buddhist temple""],""located_in_district_id"":""Q206344"",""query_district_name"":""Gampaha"",""wikipedia_url"":""https://en.wikipedia.org/wiki/Uththararama_Purana_Vihara,_Udugampola""}",candidate_unverified,,
osm-relation-18201458-hambantota,Great and Little Basses FMA,6.2676592,81.6512862,leisure=nature_reserve,Hambantota,relation/5337945,https://www.openstreetmap.org/relation/5337945,OpenStreetMap,relation/18201458,https://www.openstreetmap.org/relation/18201458,ODbL 1.0,2026-08-19T17:27:06+00:00,"{""boundary"":""protected_area"",""leisure"":""nature_reserve"",""name"":""Great and Little Basses FMA"",""query_district_name"":""Hambantota"",""query_district_osm_relation_id"":""5337945""}",candidate_unverified,,
osm-way-161471513-jaffna,Kadurugoda Viharaya Archaeological Site - Kantharodai,9.7468909,80.00661,historic=archaeological_site,Jaffna,relation/3237345,https://www.openstreetmap.org/relation/3237345,OpenStreetMap,way/161471513,https://www.openstreetmap.org/way/161471513,ODbL 1.0,2026-08-19T17:27:06+00:00,"{""denomination"":""theravada"",""historic"":""archaeological_site"",""name"":""Kadurugoda Viharaya Archaeological Site - Kantharodai"",""query_district_name"":""Jaffna"",""query_district_osm_relation_id"":""3237345"",""wikidata"":""Q21975633"",""wikipedia"":""en:Ancient Kadurugoda Viharaya""}",candidate_unverified,dup-8677e95a1db0,osm-node-4518860265-jaffna
osm-node-11212568699-ampara,Sengamuwa Archaeological Site,6.8930634,81.7655667,historic=ruins,Ampara,relation/5351718,https://www.openstreetmap.org/relation/5351718,OpenStreetMap,node/11212568699,https://www.openstreetmap.org/node/11212568699,ODbL 1.0,2026-08-19T17:27:06+00:00,"{""historic"":""ruins"",""name"":""Sengamuwa Archaeological Site"",""query_district_name"":""Ampara"",""query_district_osm_relation_id"":""5351718""}",candidate_unverified,,
osm-node-1402637232-anuradhapura,Sinha Pokuna,8.3512032,80.514095,historic=ruins,Anuradhapura,relation/5351719,https://www.openstreetmap.org/relation/5351719,OpenStreetMap,node/1402637232,https://www.openstreetmap.org/node/1402637232,ODbL 1.0,2026-08-19T17:27:06+00:00,"{""historic"":""ruins"",""name"":""Sinha Pokuna"",""query_district_name"":""Anuradhapura"",""query_district_osm_relation_id"":""5351719""}",candidate_unverified,,
osm-node-4145909761-badulla,Kalthota Doowili Ella 2 (Water Fall),6.6634939,80.8655644,tourism=attraction,Badulla,relation/5351720,https://www.openstreetmap.org/relation/5351720,OpenStreetMap,node/4145909761,https://www.openstreetmap.org/node/4145909761,ODbL 1.0,2026-08-19T17:27:06+00:00,"{""name"":""Kalthota Doowili Ella 2 (Water Fall)"",""query_district_name"":""Badulla"",""query_district_osm_relation_id"":""5351720"",""tourism"":""attraction""}",candidate_unverified,dup-ed08ece03f24,osm-node-4145907903-badulla
osm-node-4354445603-colombo,Dutch Colonial Museum,6.9360639,79.8516492,tourism=museum,Colombo,relation/5351774,https://www.openstreetmap.org/relation/5351774,OpenStreetMap,node/4354445603,https://www.openstreetmap.org/node/4354445603,ODbL 1.0,2026-08-19T17:27:06+00:00,"{""name"":""Dutch Colonial Museum"",""query_district_name"":""Colombo"",""query_district_osm_relation_id"":""5351774"",""tourism"":""museum""}",candidate_unverified,,
osm-way-691531446-gampaha,Club Sha Lanka,7.2398015,79.8419128,tourism=attraction|amenity=car_rental,Gampaha,relation/5351775,https://www.openstreetmap.org/relation/5351775,OpenStreetMap,way/691531446,https://www.openstreetmap.org/way/691531446,ODbL 1.0,2026-08-19T17:27:06+00:00,"{""amenity"":""car_rental"",""name"":""Club Sha Lanka"",""query_district_name"":""Gampaha"",""query_district_osm_relation_id"":""5351775"",""tourism"":""attraction""}",candidate_unverified,,
osm-relation-5892245-hambantota,Rekawa Beach,6.0354425,80.82929,tourism=attraction|natural=beach,Hambantota,relation/5337945,https://www.openstreetmap.org/relation/5337945,OpenStreetMap,relation/5892245,https://www.openstreetmap.org/relation/5892245,ODbL 1.0,2026-08-19T17:27:06+00:00,"{""name"":""Rekawa Beach"",""natural"":""beach"",""query_district_name"":""Hambantota"",""query_district_osm_relation_id"":""5337945"",""tourism"":""attraction""}",candidate_unverified,,
osm-way-229440971-jaffna,Kachcheri Ruins,9.6599683,80.0297272,historic=ruins,Jaffna,relation/3237345,https://www.openstreetmap.org/relation/3237345,OpenStreetMap,way/229440971,https://www.openstreetmap.org/way/229440971,ODbL 1.0,2026-08-19T17:27:06+00:00,"{""historic"":""ruins"",""name"":""Kachcheri Ruins"",""query_district_name"":""Jaffna"",""query_district_osm_relation_id"":""3237345""}",candidate_unverified,dup-0f50f2e3b31a,osm-way-572293451-jaffna
wikidata-Q5249992-ampara,Deeghawapi,7.2841667,81.7866667,Buddhist temple,Ampara,Q474395,https://www.wikidata.org/wiki/Q474395,Wikidata,Q5249992,https://www.wikidata.org/wiki/Q5249992,CC0 1.0,2026-08-19T17:27:06+00:00,"{""heritage_designation_ids"":[],""heritage_designation_labels"":[],""instance_ids"":[""Q5393308""],""instance_labels"":[""Buddhist temple""],""located_in_district_id"":""Q474395"",""query_district_name"":""Ampara"",""wikipedia_url"":""https://en.wikipedia.org/wiki/Deeghawapi""}",candidate_unverified,,
osm-node-1732697627-anuradhapura,Isinbessagala Buddhist Temple,8.568539,80.481452,historic=ruins|amenity=place_of_worship,Anuradhapura,relation/5351719,https://www.openstreetmap.org/relation/5351719,OpenStreetMap,node/1732697627,https://www.openstreetmap.org/node/1732697627,ODbL 1.0,2026-08-19T17:27:06+00:00,"{""amenity"":""place_of_worship"",""historic"":""ruins"",""name"":""Isinbessagala Raja Maha Viharaya"",""name:en"":""Isinbessagala Buddhist Temple"",""query_district_name"":""Anuradhapura"",""query_district_osm_relation_id"":""5351719"",""religion"":""buddhist""}",candidate_unverified,,
osm-node-44280965-badulla,Rawana Ella Falls,6.8408548,81.0545278,tourism=attraction,Badulla,relation/5351720,https://www.openstreetmap.org/relation/5351720,OpenStreetMap,node/44280965,https://www.openstreetmap.org/node/44280965,ODbL 1.0,2026-08-19T17:27:06+00:00,"{""name"":""Rawana Ella Falls"",""query_district_name"":""Badulla"",""query_district_osm_relation_id"":""5351720"",""tourism"":""attraction""}",candidate_unverified,,
wikidata-Q28972799-colombo,Siri Perakumba Pirivena,6.90275,79.9062778,Buddhist temple,Colombo,Q606287,https://www.wikidata.org/wiki/Q606287,Wikidata,Q28972799,https://www.wikidata.org/wiki/Q28972799,CC0 1.0,2026-08-19T17:27:06+00:00,"{""heritage_designation_ids"":[],""heritage_designation_labels"":[],""instance_ids"":[""Q5393308""],""instance_labels"":[""Buddhist temple""],""located_in_district_id"":""Q606287"",""query_district_name"":""Colombo"",""wikipedia_url"":""https://en.wikipedia.org/wiki/Siri_Perakumba_Pirivena""}",candidate_unverified,,
wikidata-Q3610575-gampaha,Kelaniya Raja Maha Vihara,6.9531389,79.9185278,Buddhist temple,Gampaha,Q206344,https://www.wikidata.org/wiki/Q206344,Wikidata,Q3610575,https://www.wikidata.org/wiki/Q3610575,CC0 1.0,2026-08-19T17:27:06+00:00,"{""heritage_designation_ids"":[],""heritage_designation_labels"":[],""instance_ids"":[""Q5393308""],""instance_labels"":[""Buddhist temple""],""located_in_district_id"":""Q206344"",""query_district_name"":""Gampaha"",""wikipedia_url"":""https://en.wikipedia.org/wiki/Kelaniya_Raja_Maha_Vihara""}",candidate_unverified,,
osm-relation-5926094-hambantota,Ussangoda National Park,6.0971783,80.9812523,leisure=nature_reserve|natural=wood,Hambantota,relation/5337945,https://www.openstreetmap.org/relation/5337945,OpenStreetMap,relation/5926094,https://www.openstreetmap.org/relation/5926094,ODbL 1.0,2026-08-19T17:27:06+00:00,"{""leisure"":""nature_reserve"",""name"":""Ussangoda National Park"",""natural"":""wood"",""query_district_name"":""Hambantota"",""query_district_osm_relation_id"":""5337945"",""wikidata"":""Q7902106""}",candidate_unverified,,
osm-way-357028714-jaffna,Ruined Kittu Park,9.673858,80.0358896,historic=ruins,Jaffna,relation/3237345,https://www.openstreetmap.org/relation/3237345,OpenStreetMap,way/357028714,https://www.openstreetmap.org/way/357028714,ODbL 1.0,2026-08-19T17:27:06+00:00,"{""historic"":""ruins"",""name"":""Ruined Kittu Park"",""query_district_name"":""Jaffna"",""query_district_osm_relation_id"":""3237345""}",candidate_unverified,,
osm-node-11212568700-ampara,Sengamuwa Pansalgoda Archaeological Site,6.8839571,81.7635112,historic=ruins,Ampara,relation/5351718,https://www.openstreetmap.org/relation/5351718,OpenStreetMap,node/11212568700,https://www.openstreetmap.org/node/11212568700,ODbL 1.0,2026-08-19T17:27:06+00:00,"{""historic"":""ruins"",""name"":""Sengamuwa Pansalgoda Archaeological Site"",""query_district_name"":""Ampara"",""query_district_osm_relation_id"":""5351718""}",candidate_unverified,,
osm-node-2831907385-anuradhapura,Ramakele Ruins,8.3699654,80.4218753,historic=ruins,Anuradhapura,relation/5351719,https://www.openstreetmap.org/relation/5351719,OpenStreetMap,node/2831907385,https://www.openstreetmap.org/node/2831907385,ODbL 1.0,2026-08-19T17:27:06+00:00,"{""historic"":""ruins"",""name"":""Ramakele Ruins"",""query_district_name"":""Anuradhapura"",""query_district_osm_relation_id"":""5351719""}",candidate_unverified,,
osm-node-4481226349-badulla,Hotel Ella Mount Heaven Viewpoint,6.8568623,81.058553,tourism=viewpoint,Badulla,relation/5351720,https://www.openstreetmap.org/relation/5351720,OpenStreetMap,node/4481226349,https://www.openstreetmap.org/node/4481226349,ODbL 1.0,2026-08-19T17:27:06+00:00,"{""name"":""Hotel Ella Mount Heaven Viewpoint"",""query_district_name"":""Badulla"",""query_district_osm_relation_id"":""5351720"",""tourism"":""viewpoint""}",candidate_unverified,,
osm-node-5172712575-colombo,Archaeological Museum of Kotte,6.8932566,79.9051742,tourism=museum,Colombo,relation/5351774,https://www.openstreetmap.org/relation/5351774,OpenStreetMap,node/5172712575,https://www.openstreetmap.org/node/5172712575,ODbL 1.0,2026-08-19T17:27:06+00:00,"{""name"":""Archaeological Museum of Kotte"",""query_district_name"":""Colombo"",""query_district_osm_relation_id"":""5351774"",""tourism"":""museum""}",candidate_unverified,dup-4ad6c0713157,wikidata-Q29388899-colombo
osm-way-847034837-gampaha,Thousand Buddha Hall,6.9457661,79.9512825,tourism=attraction|historic=monument,Gampaha,relation/5351775,https://www.openstreetmap.org/relation/5351775,OpenStreetMap,way/847034837,https://www.openstreetmap.org/way/847034837,ODbL 1.0,2026-08-19T17:27:06+00:00,"{""historic"":""monument"",""name"":""Thousand Buddha Hall"",""query_district_name"":""Gampaha"",""query_district_osm_relation_id"":""5351775"",""tourism"":""attraction""}",candidate_unverified,,
osm-way-403504647-hambantota,Yatala Vehera,6.2856955,81.2759233,historic=ruins,Hambantota,relation/5337945,https://www.openstreetmap.org/relation/5337945,OpenStreetMap,way/403504647,https://www.openstreetmap.org/way/403504647,ODbL 1.0,2026-08-19T17:27:06+00:00,"{""historic"":""ruins"",""name"":""Yatala Vehera"",""query_district_name"":""Hambantota"",""query_district_osm_relation_id"":""5337945""}",candidate_unverified,dup-99e55b219682,wikidata-Q19719135-hambantota
osm-way-403855079-jaffna,Nilavarai (Bottomless well),9.7543374,80.0882996,tourism=attraction|natural=water,Jaffna,relation/3237345,https://www.openstreetmap.org/relation/3237345,OpenStreetMap,way/403855079,https://www.openstreetmap.org/way/403855079,ODbL 1.0,2026-08-19T17:27:06+00:00,"{""name"":""Nilavarai (Bottomless well)"",""natural"":""water"",""query_district_name"":""Jaffna"",""query_district_osm_relation_id"":""3237345"",""tourism"":""attraction"",""wikidata"":""Q7036903"",""wikipedia"":""en:Nilavarai""}",candidate_unverified,,
wikidata-Q6573093-ampara,Muhudu maha vihara,6.8775,81.8388889,Buddhist temple,Ampara,Q474395,https://www.wikidata.org/wiki/Q474395,Wikidata,Q6573093,https://www.wikidata.org/wiki/Q6573093,CC0 1.0,2026-08-19T17:27:06+00:00,"{""heritage_designation_ids"":[],""heritage_designation_labels"":[],""instance_ids"":[""Q5393308""],""instance_labels"":[""Buddhist temple""],""located_in_district_id"":""Q474395"",""query_district_name"":""Ampara"",""wikipedia_url"":""https://en.wikipedia.org/wiki/Muhudu_Maha_Vihara""}",candidate_unverified,,
osm-node-3105221929-anuradhapura,Bodhigharaya,8.328983,80.3897024,historic=ruins,Anuradhapura,relation/5351719,https://www.openstreetmap.org/relation/5351719,OpenStreetMap,node/3105221929,https://www.openstreetmap.org/node/3105221929,ODbL 1.0,2026-08-19T17:27:06+00:00,"{""historic"":""ruins"",""name"":""Bodhigharaya"",""query_district_name"":""Anuradhapura"",""query_district_osm_relation_id"":""5351719""}",candidate_unverified,,
osm-node-4611099090-badulla,Mini World's End,7.1101824,81.1591676,tourism=viewpoint,Badulla,relation/5351720,https://www.openstreetmap.org/relation/5351720,OpenStreetMap,node/4611099090,https://www.openstreetmap.org/node/4611099090,ODbL 1.0,2026-08-19T17:27:06+00:00,"{""name"":""Mini World's End"",""query_district_name"":""Badulla"",""query_district_osm_relation_id"":""5351720"",""tourism"":""viewpoint""}",candidate_unverified,dup-dbe98b711716,wikidata-Q126653340-badulla
wikidata-Q28972804-colombo,Balapokuna Raja Maha Vihara,6.8725,79.8778056,Buddhist temple,Colombo,Q606287,https://www.wikidata.org/wiki/Q606287,Wikidata,Q28972804,https://www.wikidata.org/wiki/Q28972804,CC0 1.0,2026-08-19T17:27:06+00:00,"{""heritage_designation_ids"":[],""heritage_designation_labels"":[],""instance_ids"":[""Q5393308""],""instance_labels"":[""Buddhist temple""],""located_in_district_id"":""Q606287"",""query_district_name"":""Colombo"",""wikipedia_url"":""https://en.wikipedia.org/wiki/Balapokuna_Raja_Maha_Vihara""}",candidate_unverified,,
wikidata-Q37294763-gampaha,Panasawanarama Purana Vihara,7.1289444,79.9967222,Buddhist temple,Gampaha,Q206344,https://www.wikidata.org/wiki/Q206344,Wikidata,Q37294763,https://www.wikidata.org/wiki/Q37294763,CC0 1.0,2026-08-19T17:27:06+00:00,"{""heritage_designation_ids"":[],""heritage_designation_labels"":[],""instance_ids"":[""Q5393308""],""instance_labels"":[""Buddhist temple""],""located_in_district_id"":""Q206344"",""query_district_name"":""Gampaha"",""wikipedia_url"":""https://en.wikipedia.org/wiki/Panasawanarama_Purana_Vihara""}",candidate_unverified,,
osm-way-816769045-hambantota,Ridiyagama Safari Park,6.2414807,80.9763608,tourism=attraction|leisure=park,Hambantota,relation/5337945,https://www.openstreetmap.org/relation/5337945,OpenStreetMap,way/816769045,https://www.openstreetmap.org/way/816769045,ODbL 1.0,2026-08-19T17:27:06+00:00,"{""leisure"":""park"",""name"":""Ridiyagama Safari Park"",""operator"":""Department Of National Zoological Gardens"",""query_district_name"":""Hambantota"",""query_district_osm_relation_id"":""5337945"",""tourism"":""attraction""}",candidate_unverified,,
osm-way-404111877-jaffna,St. Anthony's Church,9.7698257,80.2728532,tourism=attraction|historic=ruins,Jaffna,relation/3237345,https://www.openstreetmap.org/relation/3237345,OpenStreetMap,way/404111877,https://www.openstreetmap.org/way/404111877,ODbL 1.0,2026-08-19T17:27:06+00:00,"{""historic"":""ruins"",""name"":""St. Anthony's Church"",""query_district_name"":""Jaffna"",""query_district_osm_relation_id"":""3237345"",""tourism"":""attraction""}",candidate_unverified,,
osm-node-11212568701-ampara,Yalpotha Reservoir Ancient Sluice,6.8692776,81.7432285,historic=ruins,Ampara,relation/5351718,https://www.openstreetmap.org/relation/5351718,OpenStreetMap,node/11212568701,https://www.openstreetmap.org/node/11212568701,ODbL 1.0,2026-08-19T17:27:06+00:00,"{""historic"":""ruins"",""name"":""Yalpotha Reservoir Ancient Sluice"",""query_district_name"":""Ampara"",""query_district_osm_relation_id"":""5351718""}",candidate_unverified,,
osm-node-3105222059-anuradhapura,Vessagiriya,8.3285247,80.3899662,historic=archaeological_site,Anuradhapura,relation/5351719,https://www.openstreetmap.org/relation/5351719,OpenStreetMap,node/3105222059,https://www.openstreetmap.org/node/3105222059,ODbL 1.0,2026-08-19T17:27:06+00:00,"{""historic"":""archaeological_site"",""name"":""Vessagiriya"",""query_district_name"":""Anuradhapura"",""query_district_osm_relation_id"":""5351719""}",candidate_unverified,,
osm-node-4683720698-badulla,Ella Rock,6.8550355,81.0523841,natural=peak,Badulla,relation/5351720,https://www.openstreetmap.org/relation/5351720,OpenStreetMap,node/4683720698,https://www.openstreetmap.org/node/4683720698,ODbL 1.0,2026-08-19T17:27:06+00:00,"{""name"":""Ella Rock"",""natural"":""peak"",""query_district_name"":""Badulla"",""query_district_osm_relation_id"":""5351720"",""wikidata"":""Q87194670""}",candidate_unverified,,
osm-node-618491025-colombo,Ananda College,6.9243358,79.8685501,historic=monument|amenity=school,Colombo,relation/5351774,https://www.openstreetmap.org/relation/5351774,OpenStreetMap,node/618491025,https://www.openstreetmap.org/node/618491025,ODbL 1.0,2026-08-19T17:27:06+00:00,"{""amenity"":""school"",""historic"":""monument"",""name"":""Ananda College"",""query_district_name"":""Colombo"",""query_district_osm_relation_id"":""5351774""}",candidate_unverified,,
wikidata-Q4867360-gampaha,Basilica of Our Lady of Lanka,7.034,79.935,minor basilica,Gampaha,Q206344,https://www.wikidata.org/wiki/Q206344,Wikidata,Q4867360,https://www.wikidata.org/wiki/Q4867360,CC0 1.0,2026-08-19T17:27:06+00:00,"{""heritage_designation_ids"":[],""heritage_designation_labels"":[],""instance_ids"":[""Q120560""],""instance_labels"":[""minor basilica""],""located_in_district_id"":""Q206344"",""query_district_name"":""Gampaha"",""wikipedia_url"":""https://en.wikipedia.org/wiki/Basilica_of_Our_Lady_of_Lanka""}",candidate_unverified,,
osm-way-569288810-jaffna,Jaffna Archeological Museum,9.6693992,80.0245341,tourism=museum,Jaffna,relation/3237345,https://www.openstreetmap.org/relation/3237345,OpenStreetMap,way/569288810,https://www.openstreetmap.org/way/569288810,ODbL 1.0,2026-08-19T17:27:06+00:00,"{""name"":""Jaffna Archeological Museum"",""query_district_name"":""Jaffna"",""query_district_osm_relation_id"":""3237345"",""tourism"":""museum""}",candidate_unverified,dup-46341a68e262,osm-relation-12695936-jaffna|wikidata-Q11310066-jaffna
wikidata-Q88281536-ampara,Kokagala,7.4166667,81.2080556,mountain,Ampara,Q474395,https://www.wikidata.org/wiki/Q474395,Wikidata,Q88281536,https://www.wikidata.org/wiki/Q88281536,CC0 1.0,2026-08-19T17:27:06+00:00,"{""heritage_designation_ids"":[],""heritage_designation_labels"":[],""instance_ids"":[""Q8502""],""instance_labels"":[""mountain""],""located_in_district_id"":""Q474395"",""query_district_name"":""Ampara"",""wikipedia_url"":""https://en.wikipedia.org/wiki/Kokagala""}",candidate_unverified,,
osm-node-3657323592-anuradhapura,Jaya Sri Maha Bodhi,8.3447103,80.3972255,tourism=attraction|natural=tree,Anuradhapura,relation/5351719,https://www.openstreetmap.org/relation/5351719,OpenStreetMap,node/3657323592,https://www.openstreetmap.org/node/3657323592,ODbL 1.0,2026-08-19T17:27:06+00:00,"{""name"":""Jaya Sri Maha Bodhi"",""natural"":""tree"",""query_district_name"":""Anuradhapura"",""query_district_osm_relation_id"":""5351719"",""religion"":""buddhist"",""tourism"":""attraction"",""wikidata"":""Q944175"",""wikipedia"":""si:ශ්‍රී මහා බෝධිය, අනුරාධපුර""}",candidate_unverified,,
osm-node-4683733160-badulla,Nine Arch Bridge Viewpoint,6.8768254,81.0627926,tourism=viewpoint,Badulla,relation/5351720,https://www.openstreetmap.org/relation/5351720,OpenStreetMap,node/4683733160,https://www.openstreetmap.org/node/4683733160,ODbL 1.0,2026-08-19T17:27:06+00:00,"{""name"":""Nine Arch Bridge Viewpoint"",""query_district_name"":""Badulla"",""query_district_osm_relation_id"":""5351720"",""tourism"":""viewpoint""}",candidate_unverified,dup-6cfe5373fec7,osm-node-5305807110-badulla
wikidata-Q29051502-colombo,St. Lawrence's Church,6.8708056,79.8634167,church building,Colombo,Q606287,https://www.wikidata.org/wiki/Q606287,Wikidata,Q29051502,https://www.wikidata.org/wiki/Q29051502,CC0 1.0,2026-08-19T17:27:06+00:00,"{""heritage_designation_ids"":[],""heritage_designation_labels"":[],""instance_ids"":[""Q16970""],""instance_labels"":[""church building""],""located_in_district_id"":""Q606287"",""query_district_name"":""Colombo"",""wikipedia_url"":""https://en.wikipedia.org/wiki/St._Lawrence%27s_Church,_Wellawatte""}",candidate_unverified,,
wikidata-Q55641352-gampaha,"Our Lady of Sorrows Church, Kandawala",7.2372222,79.8725,church building,Gampaha,Q206344,https://www.wikidata.org/wiki/Q206344,Wikidata,Q55641352,https://www.wikidata.org/wiki/Q55641352,CC0 1.0,2026-08-19T17:27:06+00:00,"{""heritage_designation_ids"":[],""heritage_designation_labels"":[],""instance_ids"":[""Q16970""],""instance_labels"":[""church building""],""located_in_district_id"":""Q206344"",""query_district_name"":""Gampaha"",""wikipedia_url"":""https://en.wikipedia.org/wiki/Our_Lady_of_Sorrows_Church,_Kandawala""}",candidate_unverified,,
osm-way-572293451-jaffna,Dutch Kachcheri Ruins,9.6599832,80.0297773,historic=ruins,Jaffna,relation/3237345,https://www.openstreetmap.org/relation/3237345,OpenStreetMap,way/572293451,https://www.openstreetmap.org/way/572293451,ODbL 1.0,2026-08-19T17:27:06+00:00,"{""historic"":""ruins"",""name"":""Dutch Kachcheri Ruins"",""query_district_name"":""Jaffna"",""query_district_osm_relation_id"":""3237345""}",candidate_unverified,dup-0f50f2e3b31a,osm-way-229440971-jaffna
osm-node-11212568702-ampara,Paranagovipola Aththani Pillar,6.8662975,81.7331567,historic=ruins,Ampara,relation/5351718,https://www.openstreetmap.org/relation/5351718,OpenStreetMap,node/11212568702,https://www.openstreetmap.org/node/11212568702,ODbL 1.0,2026-08-19T17:27:06+00:00,"{""historic"":""ruins"",""name"":""Paranagovipola Aththani Pillar"",""query_district_name"":""Ampara"",""query_district_osm_relation_id"":""5351718""}",candidate_unverified,,
osm-node-3723220027-anuradhapura,Ritigala Ancient Buddhist Monastery,8.1183328,80.6646122,historic=archaeological_site,Anuradhapura,relation/5351719,https://www.openstreetmap.org/relation/5351719,OpenStreetMap,node/3723220027,https://www.openstreetmap.org/node/3723220027,ODbL 1.0,2026-08-19T17:27:06+00:00,"{""historic"":""archaeological_site"",""name"":""Ritigala Ancient Buddhist Monastery"",""query_district_name"":""Anuradhapura"",""query_district_osm_relation_id"":""5351719""}",candidate_unverified,dup-dc4b67ac07db,wikidata-Q126650014-anuradhapura
osm-node-4750431422-badulla,Haputale Forest Reserve Trailhead,6.7703136,80.9616022,tourism=attraction,Badulla,relation/5351720,https://www.openstreetmap.org/relation/5351720,OpenStreetMap,node/4750431422,https://www.openstreetmap.org/node/4750431422,ODbL 1.0,2026-08-19T17:27:06+00:00,"{""name"":""Haputale Forest Reserve Trailhead"",""query_district_name"":""Badulla"",""query_district_osm_relation_id"":""5351720"",""tourism"":""attraction""}",candidate_unverified,,
osm-node-620382353-colombo,Independence Square,6.9046368,79.8675663,historic=monument,Colombo,relation/5351774,https://www.openstreetmap.org/relation/5351774,OpenStreetMap,node/620382353,https://www.openstreetmap.org/node/620382353,ODbL 1.0,2026-08-19T17:27:06+00:00,"{""historic"":""monument"",""name"":""Independence Square"",""query_district_name"":""Colombo"",""query_district_osm_relation_id"":""5351774""}",candidate_unverified,,
wikidata-Q63343474-gampaha,"St. Sebastian's Church, Katuwapitiya",7.2110556,79.8591667,church building,Gampaha,Q206344,https://www.wikidata.org/wiki/Q206344,Wikidata,Q63343474,https://www.wikidata.org/wiki/Q63343474,CC0 1.0,2026-08-19T17:27:06+00:00,"{""heritage_designation_ids"":[],""heritage_designation_labels"":[],""instance_ids"":[""Q16970""],""instance_labels"":[""church building""],""located_in_district_id"":""Q206344"",""query_district_name"":""Gampaha"",""wikipedia_url"":""https://en.wikipedia.org/wiki/St._Sebastian%27s_Church,_Katuwapitiya""}",candidate_unverified,,
osm-way-573924689-jaffna,St.Mary's Community Centre Gym Club,9.678715,80.0002434,tourism=theme_park,Jaffna,relation/3237345,https://www.openstreetmap.org/relation/3237345,OpenStreetMap,way/573924689,https://www.openstreetmap.org/way/573924689,ODbL 1.0,2026-08-19T17:27:06+00:00,"{""name"":""St.Mary's Community Centre Gym Club"",""query_district_name"":""Jaffna"",""query_district_osm_relation_id"":""3237345"",""tourism"":""theme_park""}",candidate_unverified,,
osm-node-11212568703-ampara,Paranagovipola Archaeological Site,6.8632064,81.7366234,historic=ruins,Ampara,relation/5351718,https://www.openstreetmap.org/relation/5351718,OpenStreetMap,node/11212568703,https://www.openstreetmap.org/node/11212568703,ODbL 1.0,2026-08-19T17:27:06+00:00,"{""historic"":""ruins"",""name"":""Paranagovipola Archaeological Site"",""query_district_name"":""Ampara"",""query_district_osm_relation_id"":""5351718""}",candidate_unverified,,
osm-node-3937246495-anuradhapura,Kaludiya Pokuna,8.3461941,80.5081449,historic=archaeological_site,Anuradhapura,relation/5351719,https://www.openstreetmap.org/relation/5351719,OpenStreetMap,node/3937246495,https://www.openstreetmap.org/node/3937246495,ODbL 1.0,2026-08-19T17:27:06+00:00,"{""historic"":""archaeological_site"",""name"":""Kaludiya Pokuna"",""query_district_name"":""Anuradhapura"",""query_district_osm_relation_id"":""5351719""}",candidate_unverified,,
osm-node-4825491386-badulla,Hakgala Peak,6.9170615,80.812374,natural=peak,Badulla,relation/5351720,https://www.openstreetmap.org/relation/5351720,OpenStreetMap,node/4825491386,https://www.openstreetmap.org/node/4825491386,ODbL 1.0,2026-08-19T17:27:06+00:00,"{""name"":""Hakgala Peak"",""natural"":""peak"",""query_district_name"":""Badulla"",""query_district_osm_relation_id"":""5351720"",""wikidata"":""Q5640438"",""wikipedia"":""en:Hakgala""}",candidate_unverified,,
wikidata-Q29051773-colombo,Kotte Raja Maha Vihara,6.8809722,79.9048056,Buddhist temple,Colombo,Q606287,https://www.wikidata.org/wiki/Q606287,Wikidata,Q29051773,https://www.wikidata.org/wiki/Q29051773,CC0 1.0,2026-08-19T17:27:06+00:00,"{""heritage_designation_ids"":[],""heritage_designation_labels"":[],""instance_ids"":[""Q5393308""],""instance_labels"":[""Buddhist temple""],""located_in_district_id"":""Q606287"",""query_district_name"":""Colombo"",""wikipedia_url"":""https://en.wikipedia.org/wiki/Kotte_Raja_Maha_Vihara""}",candidate_unverified,,
osm-way-582749544-jaffna,King Sangiliyan's Minister's Residence,9.6773902,80.0361151,historic=ruins,Jaffna,relation/3237345,https://www.openstreetmap.org/relation/3237345,OpenStreetMap,way/582749544,https://www.openstreetmap.org/way/582749544,ODbL 1.0,2026-08-19T17:27:06+00:00,"{""historic"":""ruins"",""name"":""King Sangiliyan's Minister's Residence"",""query_district_name"":""Jaffna"",""query_district_osm_relation_id"":""3237345""}",candidate_unverified,,
osm-node-11212568704-ampara,Lahugala Ethgala Archaeological Site,6.8615362,81.7359806,historic=ruins,Ampara,relation/5351718,https://www.openstreetmap.org/relation/5351718,OpenStreetMap,node/11212568704,https://www.openstreetmap.org/node/11212568704,ODbL 1.0,2026-08-19T17:27:06+00:00,"{""historic"":""ruins"",""name"":""Lahugala Ethgala Archaeological Site"",""query_district_name"":""Ampara"",""query_district_osm_relation_id"":""5351718""}",candidate_unverified,,
osm-node-3937270688-anuradhapura,Library,8.1180893,80.6636994,historic=archaeological_site,Anuradhapura,relation/5351719,https://www.openstreetmap.org/relation/5351719,OpenStreetMap,node/3937270688,https://www.openstreetmap.org/node/3937270688,ODbL 1.0,2026-08-19T17:27:06+00:00,"{""historic"":""archaeological_site"",""name"":""Library"",""query_district_name"":""Anuradhapura"",""query_district_osm_relation_id"":""5351719""}",candidate_unverified,,
osm-node-4825524195-badulla,Thotupola Kanda,6.8331199,80.8197979,natural=peak,Badulla,relation/5351720,https://www.openstreetmap.org/relation/5351720,OpenStreetMap,node/4825524195,https://www.openstreetmap.org/node/4825524195,ODbL 1.0,2026-08-19T17:27:06+00:00,"{""name"":""Thotupola Kanda"",""natural"":""peak"",""query_district_name"":""Badulla"",""query_district_osm_relation_id"":""5351720"",""wikidata"":""Q7796948"",""wikipedia"":""en:Totapolakanda""}",candidate_unverified,dup-881e504b4a54,wikidata-Q7796948-nuwara-eliya
osm-node-6235337387-colombo,W A Silva Museum,6.8766665,79.866842,tourism=museum,Colombo,relation/5351774,https://www.openstreetmap.org/relation/5351774,OpenStreetMap,node/6235337387,https://www.openstreetmap.org/node/6235337387,ODbL 1.0,2026-08-19T17:27:06+00:00,"{""name"":""W A Silva Museum"",""query_district_name"":""Colombo"",""query_district_osm_relation_id"":""5351774"",""tourism"":""museum"",""website"":""https://wasilva.org/""}",candidate_unverified,,
osm-way-99282968-jaffna,Jaffna Fort,9.6623365,80.0083112,historic=ruins,Jaffna,relation/3237345,https://www.openstreetmap.org/relation/3237345,OpenStreetMap,way/99282968,https://www.openstreetmap.org/way/99282968,ODbL 1.0,2026-08-19T17:27:06+00:00,"{""historic"":""ruins"",""name"":""Jaffna Fort"",""query_district_name"":""Jaffna"",""query_district_osm_relation_id"":""3237345"",""wikidata"":""Q2756663"",""wikipedia"":""en:Jaffna Fort""}",candidate_unverified,dup-d82638eb8964,wikidata-Q2756663-jaffna
osm-node-11212568705-ampara,Lahugala Waralanda Archaeological Site,6.8721242,81.7211703,historic=ruins,Ampara,relation/5351718,https://www.openstreetmap.org/relation/5351718,OpenStreetMap,node/11212568705,https://www.openstreetmap.org/node/11212568705,ODbL 1.0,2026-08-19T17:27:06+00:00,"{""historic"":""ruins"",""name"":""Lahugala Waralanda Archaeological Site"",""query_district_name"":""Ampara"",""query_district_osm_relation_id"":""5351718""}",candidate_unverified,,
osm-node-3944921267-anuradhapura,Relic Shrine,8.3671844,80.3923582,historic=archaeological_site,Anuradhapura,relation/5351719,https://www.openstreetmap.org/relation/5351719,OpenStreetMap,node/3944921267,https://www.openstreetmap.org/node/3944921267,ODbL 1.0,2026-08-19T17:27:06+00:00,"{""historic"":""archaeological_site"",""name"":""Relic Shrine"",""query_district_name"":""Anuradhapura"",""query_district_osm_relation_id"":""5351719""}",candidate_unverified,,
osm-node-4825681053-badulla,Huge Stone Viewpoint,6.7901117,80.8622658,tourism=viewpoint,Badulla,relation/5351720,https://www.openstreetmap.org/relation/5351720,OpenStreetMap,node/4825681053,https://www.openstreetmap.org/node/4825681053,ODbL 1.0,2026-08-19T17:27:06+00:00,"{""name"":""Huge Stone Viewpoint"",""query_district_name"":""Badulla"",""query_district_osm_relation_id"":""5351720"",""tourism"":""viewpoint""}",candidate_unverified,,
wikidata-Q29075893-colombo,"St. Anthony's Shrine, Kochchikade",6.9468889,79.8560833,church building,Colombo,Q606287,https://www.wikidata.org/wiki/Q606287,Wikidata,Q29075893,https://www.wikidata.org/wiki/Q29075893,CC0 1.0,2026-08-19T17:27:06+00:00,"{""heritage_designation_ids"":[],""heritage_designation_labels"":[],""instance_ids"":[""Q16970""],""instance_labels"":[""church building""],""located_in_district_id"":""Q606287"",""query_district_name"":""Colombo"",""wikipedia_url"":""https://en.wikipedia.org/wiki/St._Anthony%27s_Shrine,_Kochchikade""}",candidate_unverified,,
osm-node-11212568706-ampara,Lahugala Thiththawel Mandiya Welyaya Archaeological Site,6.8672845,81.7093246,historic=ruins,Ampara,relation/5351718,https://www.openstreetmap.org/relation/5351718,OpenStreetMap,node/11212568706,https://www.openstreetmap.org/node/11212568706,ODbL 1.0,2026-08-19T17:27:06+00:00,"{""historic"":""ruins"",""name"":""Lahugala Thiththawel Mandiya Welyaya Archaeological Site"",""query_district_name"":""Ampara"",""query_district_osm_relation_id"":""5351718""}",candidate_unverified,,
osm-node-3944921268-anuradhapura,Main Refectory,8.3688827,80.3916769,historic=archaeological_site,Anuradhapura,relation/5351719,https://www.openstreetmap.org/relation/5351719,OpenStreetMap,node/3944921268,https://www.openstreetmap.org/node/3944921268,ODbL 1.0,2026-08-19T17:27:06+00:00,"{""historic"":""archaeological_site"",""name"":""Main Refectory"",""query_district_name"":""Anuradhapura"",""query_district_osm_relation_id"":""5351719""}",candidate_unverified,,
osm-node-4966801151-badulla,St. Catharine's Seat,6.7984754,81.0167241,tourism=viewpoint,Badulla,relation/5351720,https://www.openstreetmap.org/relation/5351720,OpenStreetMap,node/4966801151,https://www.openstreetmap.org/node/4966801151,ODbL 1.0,2026-08-19T17:27:06+00:00,"{""name"":""St. Catharine's Seat"",""query_district_name"":""Badulla"",""query_district_osm_relation_id"":""5351720"",""tourism"":""viewpoint""}",candidate_unverified,,
osm-node-6346967804-colombo,Mondigliani Gallery,6.8771937,79.8730561,tourism=gallery,Colombo,relation/5351774,https://www.openstreetmap.org/relation/5351774,OpenStreetMap,node/6346967804,https://www.openstreetmap.org/node/6346967804,ODbL 1.0,2026-08-19T17:27:06+00:00,"{""name"":""Mondigliani Gallery"",""query_district_name"":""Colombo"",""query_district_osm_relation_id"":""5351774"",""tourism"":""gallery""}",candidate_unverified,,
osm-node-11212568707-ampara,Lahugala Elakatuwa Welyaya Archaeological Site,6.8720894,81.706259,historic=ruins,Ampara,relation/5351718,https://www.openstreetmap.org/relation/5351718,OpenStreetMap,node/11212568707,https://www.openstreetmap.org/node/11212568707,ODbL 1.0,2026-08-19T17:27:06+00:00,"{""historic"":""ruins"",""name"":""Lahugala Elakatuwa Welyaya Archaeological Site"",""query_district_name"":""Ampara"",""query_district_osm_relation_id"":""5351718""}",candidate_unverified,,
osm-node-3944921271-anuradhapura,Prasada Stupa,8.3693973,80.3898215,historic=archaeological_site,Anuradhapura,relation/5351719,https://www.openstreetmap.org/relation/5351719,OpenStreetMap,node/3944921271,https://www.openstreetmap.org/node/3944921271,ODbL 1.0,2026-08-19T17:27:06+00:00,"{""historic"":""archaeological_site"",""name"":""Prasada Stupa"",""query_district_name"":""Anuradhapura"",""query_district_osm_relation_id"":""5351719""}",candidate_unverified,,
osm-node-5167036323-badulla,Adi Hate Wala Waterfall,6.9764577,81.1862758,tourism=viewpoint,Badulla,relation/5351720,https://www.openstreetmap.org/relation/5351720,OpenStreetMap,node/5167036323,https://www.openstreetmap.org/node/5167036323,ODbL 1.0,2026-08-19T17:27:06+00:00,"{""name"":""Adi Hate Wala Waterfall"",""query_district_name"":""Badulla"",""query_district_osm_relation_id"":""5351720"",""tourism"":""viewpoint""}",candidate_unverified,,
wikidata-Q29388899-colombo,Kotte Museum,6.8932222,79.9052778,museum,Colombo,Q606287,https://www.wikidata.org/wiki/Q606287,Wikidata,Q29388899,https://www.wikidata.org/wiki/Q29388899,CC0 1.0,2026-08-19T17:27:06+00:00,"{""heritage_designation_ids"":[],""heritage_designation_labels"":[],""instance_ids"":[""Q33506""],""instance_labels"":[""museum""],""located_in_district_id"":""Q606287"",""query_district_name"":""Colombo"",""wikipedia_url"":""https://en.wikipedia.org/wiki/Kotte_Museum""}",candidate_unverified,dup-4ad6c0713157,osm-node-5172712575-colombo
osm-node-11212568710-ampara,Darampanawa Archaeological Site,6.9360838,81.7855066,historic=ruins,Ampara,relation/5351718,https://www.openstreetmap.org/relation/5351718,OpenStreetMap,node/11212568710,https://www.openstreetmap.org/node/11212568710,ODbL 1.0,2026-08-19T17:27:06+00:00,"{""historic"":""ruins"",""name"":""Darampanawa Archaeological Site"",""query_district_name"":""Ampara"",""query_district_osm_relation_id"":""5351718""}",candidate_unverified,,
osm-node-3944921272-anuradhapura,Assembly Hall,8.3687822,80.3955479,historic=archaeological_site,Anuradhapura,relation/5351719,https://www.openstreetmap.org/relation/5351719,OpenStreetMap,node/3944921272,https://www.openstreetmap.org/node/3944921272,ODbL 1.0,2026-08-19T17:27:06+00:00,"{""historic"":""archaeological_site"",""name"":""Assembly Hall"",""query_district_name"":""Anuradhapura"",""query_district_osm_relation_id"":""5351719""}",candidate_unverified,,
osm-node-5172591871-badulla,Akurukaduwa Limestone Cave and the Cascade,7.1225382,81.0577484,tourism=viewpoint,Badulla,relation/5351720,https://www.openstreetmap.org/relation/5351720,OpenStreetMap,node/5172591871,https://www.openstreetmap.org/node/5172591871,ODbL 1.0,2026-08-19T17:27:06+00:00,"{""name"":""Akurukaduwa Limestone Cave and the Cascade"",""query_district_name"":""Badulla"",""query_district_osm_relation_id"":""5351720"",""tourism"":""viewpoint""}",candidate_unverified,,
osm-node-6467964377-colombo,Junction Art Gallery,6.9062737,79.8631171,tourism=gallery,Colombo,relation/5351774,https://www.openstreetmap.org/relation/5351774,OpenStreetMap,node/6467964377,https://www.openstreetmap.org/node/6467964377,ODbL 1.0,2026-08-19T17:27:06+00:00,"{""name"":""Junction Art Gallery"",""query_district_name"":""Colombo"",""query_district_osm_relation_id"":""5351774"",""tourism"":""gallery""}",candidate_unverified,,
osm-node-11212568712-ampara,Hulannuge Heda Oya Stone Anicut,6.8907764,81.6455073,historic=ruins,Ampara,relation/5351718,https://www.openstreetmap.org/relation/5351718,OpenStreetMap,node/11212568712,https://www.openstreetmap.org/node/11212568712,ODbL 1.0,2026-08-19T17:27:06+00:00,"{""historic"":""ruins"",""name"":""Hulannuge Heda Oya Stone Anicut"",""query_district_name"":""Ampara"",""query_district_osm_relation_id"":""5351718""}",candidate_unverified,,
osm-node-3944966632-anuradhapura,Mahayana Stupa,8.3679488,80.3891156,historic=archaeological_site,Anuradhapura,relation/5351719,https://www.openstreetmap.org/relation/5351719,OpenStreetMap,node/3944966632,https://www.openstreetmap.org/node/3944966632,ODbL 1.0,2026-08-19T17:27:06+00:00,"{""historic"":""archaeological_site"",""name"":""Mahayana Stupa"",""query_district_name"":""Anuradhapura"",""query_district_osm_relation_id"":""5351719""}",candidate_unverified,,
osm-node-5195368022-badulla,Nagadeepa Dagoba,7.2634162,81.1069616,historic=monument,Badulla,relation/5351720,https://www.openstreetmap.org/relation/5351720,OpenStreetMap,node/5195368022,https://www.openstreetmap.org/node/5195368022,ODbL 1.0,2026-08-19T17:27:06+00:00,"{""historic"":""monument"",""name"":""Nagadeepa Dagoba"",""query_district_name"":""Badulla"",""query_district_osm_relation_id"":""5351720""}",candidate_unverified,,
wikidata-Q30589637-colombo,"St. Peter's Church, Colombo",6.9375,79.8447222,church building,Colombo,Q606287,https://www.wikidata.org/wiki/Q606287,Wikidata,Q30589637,https://www.wikidata.org/wiki/Q30589637,CC0 1.0,2026-08-19T17:27:06+00:00,"{""heritage_designation_ids"":[],""heritage_designation_labels"":[],""instance_ids"":[""Q16970""],""instance_labels"":[""church building""],""located_in_district_id"":""Q606287"",""query_district_name"":""Colombo"",""wikipedia_url"":""https://en.wikipedia.org/wiki/St._Peter%27s_Church,_Colombo""}",candidate_unverified,,
osm-node-11212568713-ampara,Hulannuge Heda Oya Archaeological Site,6.8906925,81.6459469,historic=ruins,Ampara,relation/5351718,https://www.openstreetmap.org/relation/5351718,OpenStreetMap,node/11212568713,https://www.openstreetmap.org/node/11212568713,ODbL 1.0,2026-08-19T17:27:06+00:00,"{""historic"":""ruins"",""name"":""Hulannuge Heda Oya Archaeological Site"",""query_district_name"":""Ampara"",""query_district_osm_relation_id"":""5351718""}",candidate_unverified,,
osm-node-3944966668-anuradhapura,Cave shelter,8.3671472,80.3897089,historic=archaeological_site,Anuradhapura,relation/5351719,https://www.openstreetmap.org/relation/5351719,OpenStreetMap,node/3944966668,https://www.openstreetmap.org/node/3944966668,ODbL 1.0,2026-08-19T17:27:06+00:00,"{""historic"":""archaeological_site"",""name"":""Cave shelter"",""query_district_name"":""Anuradhapura"",""query_district_osm_relation_id"":""5351719""}",candidate_unverified,,
osm-node-5305807110-badulla,Nine Arches Bridge Viewpoint,6.8760426,81.061567,tourism=viewpoint,Badulla,relation/5351720,https://www.openstreetmap.org/relation/5351720,OpenStreetMap,node/5305807110,https://www.openstreetmap.org/node/5305807110,ODbL 1.0,2026-08-19T17:27:06+00:00,"{""name"":""Nine Arches Bridge Viewpoint"",""query_district_name"":""Badulla"",""query_district_osm_relation_id"":""5351720"",""tourism"":""viewpoint""}",candidate_unverified,dup-6cfe5373fec7,osm-node-4683733160-badulla
osm-node-6467969244-colombo,Deshamanya Siva Ovyeskere Crafts Gallery,6.9062853,79.8630571,tourism=gallery,Colombo,relation/5351774,https://www.openstreetmap.org/relation/5351774,OpenStreetMap,node/6467969244,https://www.openstreetmap.org/node/6467969244,ODbL 1.0,2026-08-19T17:27:06+00:00,"{""name"":""Deshamanya Siva Ovyeskere Crafts Gallery"",""query_district_name"":""Colombo"",""query_district_osm_relation_id"":""5351774"",""tourism"":""gallery""}",candidate_unverified,,
osm-node-11212568714-ampara,Hedaoya Yaya Archaeological Site,6.8958962,81.6433852,historic=ruins,Ampara,relation/5351718,https://www.openstreetmap.org/relation/5351718,OpenStreetMap,node/11212568714,https://www.openstreetmap.org/node/11212568714,ODbL 1.0,2026-08-19T17:27:06+00:00,"{""historic"":""ruins"",""name"":""Hedaoya Yaya Archaeological Site"",""query_district_name"":""Ampara"",""query_district_osm_relation_id"":""5351718""}",candidate_unverified,,
osm-node-3944966680-anuradhapura,Image house,8.3698325,80.3916385,historic=archaeological_site,Anuradhapura,relation/5351719,https://www.openstreetmap.org/relation/5351719,OpenStreetMap,node/3944966680,https://www.openstreetmap.org/node/3944966680,ODbL 1.0,2026-08-19T17:27:06+00:00,"{""historic"":""archaeological_site"",""name"":""Image house"",""query_district_name"":""Anuradhapura"",""query_district_osm_relation_id"":""5351719""}",candidate_unverified,,
osm-node-5306203490-badulla,Uva Halpewatte Tea Factory,6.8895645,81.0347674,tourism=attraction,Badulla,relation/5351720,https://www.openstreetmap.org/relation/5351720,OpenStreetMap,node/5306203490,https://www.openstreetmap.org/node/5306203490,ODbL 1.0,2026-08-19T17:27:06+00:00,"{""name"":""Uva Halpewatte Tea Factory"",""query_district_name"":""Badulla"",""query_district_osm_relation_id"":""5351720"",""tourism"":""attraction"",""website"":""https://www.halpetea.com/""}",candidate_unverified,,
wikidata-Q33113341-colombo,Kshetrarama Maha Vihara,6.7962778,79.8778889,Buddhist temple,Colombo,Q606287,https://www.wikidata.org/wiki/Q606287,Wikidata,Q33113341,https://www.wikidata.org/wiki/Q33113341,CC0 1.0,2026-08-19T17:27:06+00:00,"{""heritage_designation_ids"":[],""heritage_designation_labels"":[],""instance_ids"":[""Q5393308""],""instance_labels"":[""Buddhist temple""],""located_in_district_id"":""Q606287"",""query_district_name"":""Colombo"",""wikipedia_url"":""https://en.wikipedia.org/wiki/Kshetrarama_Maha_Vihara""}",candidate_unverified,,
