,Landmark Name,Category,Province & District,GPS Coordinates,Description,History,Built By / Founder,Year Built / Historical Period,Cultural/Religious Significance,Main Attractions,Opening Hours,Average Visit Duration:,Ticket Price (Foreign),Best Time to Visit,Nearby Attractions,Nearby Hotels,Nearby Restaurants, 
1,Sigiriya,"Ancient City ,Rock Fortress","Central Province, Matale District","7.9570° N, 80.7603° E","Sigiriya is one of Sri Lanka's most iconic archaeological sites, featuring a massive rock fortress that rises approximately 200 meters above the surrounding plains. Recognized as a UNESCO World Heritage Site, it is renowned for its ancient frescoes, landscaped gardens, and remarkable engineering.","Sigiriya was developed during the reign of King Kashyapa I (477–495 CE), who transformed the enormous rock into a royal palace and fortified capital after seizing the throne from his father, King Dhatusena. The complex included sophisticated water gardens, terraced gardens, defensive moats, and elaborate palace structures atop the rock. After King Kashyapa's death in 495 CE, Sigiriya reverted to a Buddhist monastery and remained an important religious site until about the 14th century. Today, it is considered one of the finest examples of ancient urban planning and engineering in South Asia.",King Kashyapa I,Approximately 477–495 CE (Anuradhapura Period),"UNESCO World Heritage Site (designated in 1982),Outstanding example of ancient Sri Lankan architecture and engineering,Former royal capital of King Kashyapa,Later served as an important Buddhist monastic complex,One of Sri Lanka's most significant archaeological and cultural heritage sites","Sigiriya Rock Summit, Lion Gate, Sigiriya Frescoes, Mirror Wall, Water Gardens,Boulder Gardens,Terraced Gardens,Ancient Moats and Ramparts ,Royal Swimming Pool, Panoramic viewpoints from the summit",Daily: 5:30 AM – 6:00 PM,2–4 hours,US$35 per adult,January to April and Early morning,"Pidurangala Rock, Dambulla Cave Temple, Sigiriya Museum, Minneriya National Park, Ritigala Archaeological Monastery.","Hotel Sigiriya, Heritance Kandalama, Aliya Resort & Spa, EKHO Sigiriya, Water Garden Sigiriya.","Wijesiri Family Restaurant, Ahinsa Restaurant, Chooti Restaurant, Kenoli Restaurant, Pradeep Restaurant Sigiriya", 
2,Pidurangala Rock,Mountain / Historical Site,Central Province – Matale District,"7.9725° N, 80.7511° E","Pidurangala Rock is a famous natural and historical viewpoint located near Sigiriya, offering one of the best panoramic views of Sigiriya Rock Fortress. The site combines adventure trekking, ancient Buddhist heritage, and spectacular sunrise and sunset scenery.","Pidurangala has a history connected with ancient Buddhist monastic traditions. During the reign of King Kashyapa I (477–495 AD), monks who lived around Sigiriya were relocated to Pidurangala when the king developed Sigiriya as his royal palace complex. The ancient cave temple and reclining Buddha statue at the site reflect its importance as a Buddhist monastery.",Buddhist monks and later developed near Sigiriya royal complex,Ancient period; monastery expanded around 1st millennium AD,Historic Buddhist monastery site offering spiritual importance and panoramic views of Sigiriya.,"Buddha statue, cave temple, meditation caves, sunrise viewpoint, Sigiriya view.",5:00 AM – 6:00 PM,2–3 hours,Approx. USD 3–5,January–April; sunrise (5:30–7:00 AM),"Sigiriya, Dambulla Cave Temple, Minneriya National Park, Kaudulla National Park, Sigiriya Museum","Pidurangala View Resort, Sigiriya Village Hotel, Aliya Resort & Spa, Hotel Sigiriya, Sevonrich Holiday Resort","Sigiri Bird Villa Restaurant, Pradeep Restaurant, Ahinsa Restaurant, Rithu Restaurant, The Kitchen Restaurant", 
3,Dambulla Cave Temple,Temple,Central Province – Matale District,"7.8568° N, 80.6492° E","Dambulla Cave Temple is Sri Lanka’s largest and best-preserved cave temple complex, famous for its Buddhist paintings and hundreds of statues. It is a UNESCO World Heritage Site and one of the island’s most important pilgrimage destinations.","The history of Dambulla Cave Temple dates back to the 1st century BC when King Valagamba sought refuge in the caves during an invasion from South India. After regaining his throne, he transformed the caves into a Buddhist shrine. Later kings expanded and decorated the complex with murals, statues, and religious artwork.",King Valagamba (traditional attribution),1st century BC; expanded under later Kandyan kings,Sri Lanka’s largest and best-preserved cave temple complex with major Buddhist heritage value.,"Five caves, Buddha statues, murals, Golden Temple, cave paintings.",7:00 AM – 7:00 PM,1.5–2 hours,Approx. USD 10–15,January–April; morning or late afternoon,"Sigiriya, Pidurangala Rock, Minneriya National Park, Ibbankatuwa Megalithic Tombs, Rangiri Dambulla Stadium","Heritance Kandalama, Amaya Lake, Jetwing Lake, Sundaras Resort, Sigiriana Resort","Sandra Restaurant, Mango Mango Restaurant, Athula Restaurant, Perera & Sons Dambulla, Kenoli Restaurant", 
4,Temple of the Sacred Tooth Relic (Kandy),Religious Site,Central Province – Kandy District,"7.2936° N, 80.6413° E","The Temple of the Sacred Tooth Relic is Sri Lanka’s most sacred Buddhist shrine, housing the relic of the Buddha’s tooth. Located in the historic city of Kandy, it attracts pilgrims and visitors from around the world.",The temple was established during the Kandyan Kingdom to protect and honour the Sacred Tooth Relic brought to Sri Lanka in the 4th century AD. The present temple complex was mainly developed under Kandyan rulers between the 17th and 18th centuries. It became the spiritual symbol of Sri Lankan kingship and Buddhist identity.,Built by Kandyan kings; current temple developed under King Vimaladharmasuriya I and successors,16th–18th centuries,Sri Lanka’s most sacred Buddhist shrine housing the Buddha’s tooth relic.,"Tooth Relic chamber, golden canopy, temple museum, traditional rituals, lake views.",5:30 AM – 8:00 PM,2–3 hours,Approx. USD 8–15,December–April; morning puja (5:30–7:00 AM) or evening ceremony,"Kandy Lake, Royal Palace of Kandy, Bahirawakanda Statue, Peradeniya Gardens, Udawatta Kele Sanctuary","Theva Residency, Earl’s Regency, Grand Kandyan, Kings Pavilion, Cinnamon Citadel Kandy","The Empire Cafe, Balaji Dosai, Cafe Secret Garden, Devon Restaurant, Slightly Chilled Lounge Bar", 
5,"Royal Botanical Gardens, Peradeniya",Botanical Garden,Central Province – Kandy District,"7.2735° N, 80.5967° E","The Royal Botanical Gardens in Peradeniya is Sri Lanka’s largest botanical garden, famous for its diverse collection of tropical plants, orchids, and historic trees. It is a popular destination for nature lovers and families visiting Kandy.","The gardens originated as a royal pleasure garden of the Kandyan kings before being converted into a botanical garden by the British administration in 1821. It later became an important centre for botanical research, plant conservation, and agricultural development in Sri Lanka.",Developed by British colonial administration; originally royal gardens,Ancient Kandyan royal gardens; expanded in 1821,Important botanical research and heritage garden showcasing Sri Lanka’s plant diversity.,"Orchid House, Giant Javan Fig Tree, palm avenues, spice garden, river scenery.",7:30 AM – 6:00 PM,2–3 hours,Approx. USD 15,January–April; morning or late afternoon,"Kandy Temple, Kandy Lake, Gadaladeniya Temple, Lankatilaka Temple, Embekka Devalaya","Earl’s Regent Hotel, Amaya Hills, The Grand Kandyan, Cinnamon Citadel, Royal Kandyan Hotel","Slightly Chilled Lounge Bar, Cafe Secret Garden, The Whizz, Balaji Dosai, Senani Restaurant", 
6,Ambuluwawa Tower,Observation Tower,Central Province – Kandy District,"7.1647° N, 80.5353° E","Ambuluwawa Tower is a unique multi-religious and ecological landmark located on Ambuluwawa Mountain near Gampola. The tower offers breathtaking 360-degree views of surrounding mountains, forests, and villages.","Ambuluwawa was developed as a biodiversity complex and religious harmony centre by the Sri Lankan government. The iconic tower was constructed in the early 2000s as part of a project promoting environmental conservation, cultural diversity, and spiritual unity.",Concept developed by Sri Lankan government; built as a biodiversity complex,Opened in 2009,Multi-religious landmark symbolizing harmony among Sri Lanka’s communities.,"Spiral tower, mountain views, biodiversity centre, walking trails, viewpoints.",8:00 AM – 5:00 PM,2–3 hours,Approx. USD 3–5,January–April; early morning for clear views,"Gampola Town, Lankatilaka Temple, Gadaladeniya Temple, Kandy, Peradeniya Gardens","Ambuluwawa View Resort, Theva Residency, Earl’s Regency, Mount Havana, Kandy Cabana","Cafe Aroma Inn, Foodlands, Balaji Dosai, Slightly Chilled, Senani Restaurant", 
7,Bahirawakanda Buddha Statue,Religious Site,Central Province – Kandy District,"7.2829° N, 80.6272° E","Bahirawakanda Buddha Statue is a giant white Buddha statue overlooking Kandy city and one of the most recognizable landmarks in the area. It provides beautiful views of the Temple of the Tooth, Kandy Lake, and surrounding hills.","The statue was built as part of a modern Buddhist development project and was unveiled in 1993. Although not an ancient monument, it has become an important religious and cultural symbol for Buddhists visiting Kandy.",Built by Buddhist devotees under Ven. Ampitiye Dammarama Thero,Completed in 1993,Major Buddhist monument overlooking Kandy city.,"Giant Buddha statue, panoramic Kandy views, meditation area, city viewpoint.",6:00 AM – 7:00 PM,1 hour,Approx. USD 1–2,January–April; sunset time,"Temple of Tooth, Kandy Lake, Udawatta Kele, Royal Palace, Peradeniya Gardens","Grand Kandyan, Theva Residency, Earl’s Regency, Kings Pavilion, Cinnamon Citadel","Balaji Dosai, Empire Cafe, Cafe Secret Garden, Devon Restaurant, Slightly Chilled", 
8,Kandy Lake,Lake,Central Province – Kandy District,"7.2936° N, 80.6414° E","Kandy Lake is a historic artificial lake located beside the Temple of the Sacred Tooth Relic in the heart of Kandy. It is known for its peaceful surroundings, scenic beauty, and cultural importance.","Kandy Lake was constructed by King Sri Wickrama Rajasinghe, the last king of the Kandyan Kingdom, between 1807 and 1812. The lake was built as part of the royal city landscape and remains an important feature of Kandy’s historical environment.",Built by King Sri Wickrama Rajasinghe,1807 AD,Historic royal lake and cultural landmark beside the Temple of the Tooth.,"Walking path, island, lake views, boat rides, surrounding temples.",Open all day,1–2 hours,Free,January–April; evening (4:00–6:30 PM),"Temple of Tooth, Bahirawakanda, Udawatta Kele, Kandy Museum, Royal Palace","Grand Kandyan, Queens Hotel, Earl’s Regency, Cinnamon Citadel, Theva Residency","The Empire Cafe, Cafe Secret Garden, Devon Restaurant, Balaji Dosai, Slightly Chilled", 
9,Lankatilaka Temple,Temple,Central Province – Kandy District,"7.2452° N, 80.5617° E","Lankatilaka Temple is a historic Buddhist temple built on a rocky hill near Kandy, famous for its impressive architecture, murals, and ancient inscriptions. It is considered one of the finest examples of Kandyan-era temple design.","The temple was built during the reign of King Bhuvanekabahu IV in the 14th century AD. Designed by South Indian and Sinhalese craftsmen, it served as an important religious centre and was later maintained by Kandyan rulers. Its paintings and architecture reflect medieval Sri Lankan artistic traditions.",King Parakramabahu IV,14th century AD (Gampola period),Historic Buddhist temple famous for Kandyan architecture and murals.,"Image house, Buddha statue, murals, stone inscriptions, mountain views.",8:00 AM – 5:00 PM,1 hour,Approx. USD 2–3,January–April; morning,"Gadaladeniya Temple, Embekka Devalaya, Peradeniya Gardens, Kandy Lake, Ambuluwawa","Theva Residency, Earl’s Regency, Amaya Hills, Grand Kandyan, Cinnamon Citadel","Balaji Dosai, Empire Cafe, Slightly Chilled, Cafe Secret Garden, Senani Restaurant", 
10,Gadaladeniya Temple,Temple,Central Province – Kandy District,"7.2348° N, 80.5530° E","Gadaladeniya Temple is an ancient Buddhist temple near Kandy known for its stone architecture influenced by South Indian styles. It is famous for its carvings, statues, and historical significance.","The temple was built in 1344 AD during the reign of King Bhuvanekabahu IV by the architect Ganesvarachari. The design reflects a mixture of Sri Lankan Buddhist and Dravidian architectural traditions, making it one of the most important monuments of the Gampola period.",King Bhuvanekabahu IV; architect Ganesvarachari,14th century AD (1344 AD),Important Buddhist temple blending South Indian and Sinhalese architecture.,"Stone temple, Buddha image, murals, Devale shrine, ancient inscriptions.",8:00 AM – 5:00 PM,1 hour,Approx. USD 2–3,January–April; morning,"Lankatilaka Temple, Embekka Devalaya, Peradeniya Gardens, Kandy Lake, Ambuluwawa","Amaya Hills, Earl’s Regency, Theva Residency, Grand Kandyan, Cinnamon Citadel","Balaji Dosai, Cafe Secret Garden, Empire Cafe, Slightly Chilled, Senani Restaurant", 
11,Embekka Devalaya,Temple,Central Province – Kandy District,"7.2089° N, 80.5770° E",Embekka Devalaya is a historic wooden shrine near Kandy famous for its detailed wood carvings and traditional craftsmanship. It is regarded as one of Sri Lanka’s finest examples of medieval wooden architecture.,"Embekka Devalaya was built in the 14th century during the reign of King Vikramabahu III of the Gampola Kingdom. Dedicated to the deity Kataragama Deviyo, the shrine was constructed mainly from wood and features extraordinary carvings depicting dancers, animals, mythical creatures, and floral designs.",King Vikramabahu III,14th century AD (Gampola Period),"Famous Hindu shrine dedicated to Kataragama Deviyo, renowned for exceptional wooden carvings.","Wooden pillars, carved dancers, musicians, mythical creatures, traditional architecture.",8:00 AM – 5:00 PM,1 hour,Approx. USD 2–3,January–April; morning,"Lankatilaka Temple, Gadaladeniya Temple, Peradeniya Gardens, Kandy Lake, Ambuluwawa Tower","Amaya Hills, Earl’s Regency, Theva Residency, Grand Kandyan, Cinnamon Citadel","Balaji Dosai, Empire Cafe, Cafe Secret Garden, Slightly Chilled Lounge, Senani Restaurant", 
12,Horton Plains National Park,National Park,Central Province – Nuwara Eliya District,"6.8028° N, 80.8071° E","Horton Plains National Park is a high-altitude nature reserve in Sri Lanka’s central highlands, famous for grasslands, cloud forests, and unique wildlife. It is a UNESCO World Heritage Site and one of the country’s best destinations for hiking and nature exploration.","The area was declared a wildlife sanctuary in 1969 and upgraded to a national park in 1988. Horton Plains has been protected due to its rich biodiversity, including many endemic species of plants and animals. The region also has historical links to ancient settlements and traditional farming communities of the central highlands.",Established as protected area by Sri Lankan government,National park declared in 1988; natural heritage area,UNESCO World Heritage biodiversity zone containing rare flora and fauna of Sri Lanka’s central highlands.,"Cloud forests, trekking trails, World’s End, Baker’s Falls, wildlife viewing.",6:00 AM – 6:00 PM,4–6 hours,Approx. USD 25–30 + service fees,January–March; early morning (6:00–10:00 AM),"World’s End, Baker’s Falls, Nuwara Eliya, Moon Plains, Hakgala Gardens","Jetwing St Andrew’s, Heritance Tea Factory, Araliya Green Hills, Grand Hotel Nuwara Eliya, The Blackpool Resort","Grand Indian Restaurant, Salmiya Italian Restaurant, De Silva Food Centre, Coffee Bar, Lake View Pub", 
13,World's End,Cliff / Viewpoint,Central Province – Nuwara Eliya District,"6.8147° N, 80.8125° E","World’s End is a dramatic cliff viewpoint located inside Horton Plains National Park, offering a spectacular drop of nearly 870 metres with views across the southern plains. It is one of Sri Lanka’s most famous hiking destinations.",World’s End became internationally recognized through the development of Horton Plains as a protected natural area. The viewpoint has long been valued by local communities for its mountain landscapes and later became a major eco-tourism attraction after the establishment of the national park.,Natural geological formation,Millions of years old natural landscape,Iconic viewpoint representing Sri Lanka’s dramatic mountain landscapes.,"870m cliff drop, panoramic views, hiking trail, sunrise scenery.",6:00 AM – 6:00 PM,3–4 hours,Included with Horton Plains ticket,January–March; before 10:00 AM,"Horton Plains, Baker’s Falls, Gregory Lake, Moon Plains, Hakgala Botanical Garden","Jetwing St Andrew’s, Heritance Tea Factory, Araliya Green Hills, Grand Hotel, Blackpool Resort","Grand Indian Restaurant, Salmiya Restaurant, De Silva Food Centre, Coffee Bar, Lake View Pub", 
14,Baker's Falls,Waterfall,Central Province – Nuwara Eliya District,"6.7932° N, 80.8006° E","Baker’s Falls is a beautiful waterfall located inside Horton Plains National Park, surrounded by misty forests and rocky landscapes. It is named after British explorer and colonial-era figure Samuel Baker.","The waterfall was named after Sir Samuel Baker, a British explorer who travelled extensively in Sri Lanka during the 19th century. The area became more widely known during the British colonial period when Horton Plains was developed for exploration, hunting, and plantation activities.",Named after British explorer Samuel Baker,Natural waterfall,Popular natural attraction inside Horton Plains National Park.,"Waterfall viewpoint, forest scenery, hiking route, photography spots.",6:00 AM – 6:00 PM,30–60 minutes,Included with Horton Plains ticket,January–March; morning,"Horton Plains, World’s End, Nuwara Eliya, Gregory Lake, Moon Plains","Jetwing St Andrew’s, Heritance Tea Factory, Araliya Green Hills, Grand Hotel, Blackpool Resort","Grand Indian Restaurant, Salmiya Restaurant, Lake View Pub, De Silva Food Centre, Coffee Bar", 
15,Ella Rock,Mountain,Uva Province – Badulla District,"6.8667° N, 81.0466° E","Ella Rock is a famous mountain hiking destination offering panoramic views of valleys, forests, and tea plantations. The challenging trail attracts hikers seeking a scenic adventure in Sri Lanka’s hill country.","Ella Rock has been part of the traditional hill-country landscape for centuries, surrounded by tea estates developed during the British colonial period. It became a major tourist attraction with the growth of Ella as a popular hiking and eco-tourism destination.",Natural mountain formation,Geological formation millions of years old,Famous hiking destination offering views of Sri Lanka’s hill country.,"Mountain hike, tea plantations, forest paths, sunrise views, valley panorama.",Open access (daylight recommended),4–5 hours,Free,January–April and July–September; sunrise (5:30–8:00 AM),"Little Adam’s Peak, Nine Arches Bridge, Ravana Falls, Ravana Cave, Ella Town","98 Acres Resort, Mountain Heavens, EKHO Ella, Hotel Onrock, Ella Flower Garden Resort","Cafe Chill, Matey Hut, Adam’s Breeze, AK Ristoro, One Love Restaurant", 
16,Little Adam's Peak,Mountain,Uva Province – Badulla District,"6.8747° N, 81.0608° E","Little Adam’s Peak is a scenic mountain near Ella named because of its resemblance to the sacred Adam’s Peak. It offers an easy hike with beautiful views of tea plantations, valleys, and sunrise landscapes.","The mountain gained its name from its visual similarity to Sri Pada (Adam’s Peak), a major pilgrimage mountain in Sri Lanka. With the rise of Ella tourism, Little Adam’s Peak developed into one of the country’s most visited beginner-friendly hiking locations.",Natural mountain formation,Ancient geological formation,Popular hiking location named after nearby Adam’s Peak due to its similar shape.,"Easy hike, panoramic viewpoint, tea estates, sunrise/sunset views.",Open access,1–2 hours,Free,January–April; sunrise or sunset,"Ella Rock, Nine Arches Bridge, Ravana Falls, Ravana Cave, Ella Spice Garden","98 Acres Resort, EKHO Ella, Mountain Heavens, Ella Flower Garden Resort, Hotel Onrock","Cafe Chill, Matey Hut, AK Ristoro, One Love Restaurant, Dream Cafe", 
17,Nine Arches Bridge,Bridge,Uva Province – Badulla District,"6.8768° N, 81.0605° E","Nine Arches Bridge is a historic railway bridge located between Ella and Demodara, famous for its colonial engineering and scenic surroundings. The bridge is one of Sri Lanka’s most photographed landmarks.","The bridge was constructed during the British colonial period as part of the railway expansion connecting Sri Lanka’s hill country. Built in 1921, it is known for its stone and brick construction without steel reinforcement, showcasing the engineering skills of that era.",Designed during British colonial railway expansion,Built in 1921,Colonial-era railway engineering landmark and photography attraction.,"Stone arches, railway views, jungle surroundings, train photography.",Open access,1 hour,Free,January–April; morning/evening when trains pass,"Little Adam’s Peak, Ella Rock, Ravana Falls, Ella Town, Demodara Loop","98 Acres Resort, EKHO Ella, Mountain Heavens, Ella Flower Garden Resort, Hotel Onrock","Cafe Chill, Matey Hut, Dream Cafe, AK Ristoro, One Love Restaurant", 
18,Ravana Falls,Waterfall,Uva Province – Badulla District,"6.8394° N, 81.0612° E","Ravana Falls is one of Sri Lanka’s most popular waterfalls, located near Ella and surrounded by lush mountain scenery. It is associated with the legendary King Ravana from the Ramayana epic.","The waterfall takes its name from King Ravana, a legendary ruler mentioned in the Ramayana tradition. Local folklore connects the caves and surrounding areas with stories of Ravana and Sita, although these links are based mainly on mythology rather than archaeological evidence.",Natural waterfall,Natural formation,Associated with the legend of King Ravana from the Ramayana epic.,"Multi-level waterfall, swimming area (conditions permitting), viewpoints, photography.",Open access (daylight recommended),30–60 minutes,Free,January–April; morning or afternoon,"Ravana Cave, Ella Rock, Little Adam’s Peak, Nine Arches Bridge, Ella Town","98 Acres Resort, EKHO Ella, Mountain Heavens, Hotel Onrock, Ella Flower Garden Resort","Cafe Chill, Matey Hut, Adam’s Breeze, AK Ristoro, One Love Restaurant", 
19,Ravana Cave,Cave,Uva Province – Badulla District,"6.8396° N, 81.0572° E","Ravana Cave is an ancient cave site located near Ella, traditionally associated with the legend of King Ravana and Queen Sita. The cave attracts visitors interested in history, mythology, and adventure.","According to local legends, Ravana Cave was one of the places connected with King Ravana’s kingdom and the Ramayana story. Archaeological evidence suggests that caves in this region were used by prehistoric humans and later by Buddhist monks as meditation sites.",Ancient natural cave; linked with Ravana legend,Ancient geological site; historical associations,Mythological site connected with the Ramayana tradition.,"Cave chambers, forest trail, archaeological remains, viewpoint.",8:00 AM – 5:00 PM,1–2 hours,Approx. USD 2,January–April; morning,"Ravana Falls, Ella Rock, Little Adam’s Peak, Nine Arches Bridge, Ella Town","98 Acres Resort, EKHO Ella, Mountain Heavens, Hotel Onrock, Ella Flower Garden Resort","Cafe Chill, Matey Hut, Dream Cafe, AK Ristoro, One Love Restaurant", 
20,Diyaluma Falls,Waterfall,Uva Province – Badulla District,"6.7337° N, 81.0350° E","Diyaluma Falls is Sri Lanka’s second-highest waterfall, famous for its spectacular height, natural pools, and panoramic mountain views. It is a popular destination for hiking, swimming, and photography.","Diyaluma Falls has existed as part of the natural landscape of the Koslanda region for centuries. The name is traditionally interpreted from Sinhala as meaning “rapid flow of water,” and the waterfall became widely known through the development of hill-country tourism.",Natural waterfall,Ancient geological formation,Sri Lanka’s second-highest waterfall and a major nature attraction.,"Upper pools, infinity pools, hiking trails, panoramic views, photography.",Open access (daylight recommended),3–5 hours,Free,January–April; early morning,"Koslanda, Lipton’s Seat, Bambarakanda Falls, Ella, Ravana Falls","Melheim Resort, Koslanda Rest, The Planter’s Bungalow, 98 Acres Resort, EKHO Ella","Cafe Chill, Matey Hut, Lakmini Restaurant, AK Ristoro, One Love Restaurant", 
21,Lipton's Seat,Viewpoint,Uva Province – Badulla District,"6.7315° N, 81.0355° E","Lipton’s Seat is a famous viewpoint located in the Haputale tea country, offering breathtaking views across several provinces of Sri Lanka. It is surrounded by beautiful tea plantations and is one of the most scenic locations in the hill country.","Lipton’s Seat was named after Sir Thomas Lipton, a Scottish tea entrepreneur who developed tea plantations in the region during the British colonial period. The viewpoint was reportedly one of his favourite locations to observe his vast tea estates.",Developed by Sir Thomas Lipton (Scottish tea planter),Late 19th century (British Colonial period),Symbolizes Sri Lanka’s colonial tea industry and plantation heritage.,"Mountain viewpoint, tea estates, sunrise views, panoramic hill-country scenery.",6:00 AM – 6:00 PM,1–2 hours,Approx. USD 2–3,January–April; sunrise (6:00–8:00 AM),"Dambatenne Tea Factory, Haputale Town, Adisham Bungalow, Diyaluma Falls, Bambarakanda Falls","Melheim Resort, The Glenross, Jetwing Warwick Gardens, Olympus Plaza Hotel, Vantage Hills Haputale","Risara Restaurant, Royal Top Restaurant, Lettuce & Cabbage, Sunrise Restaurant, Glace Café", 
22,Bambarakanda Falls,Waterfall,Sabaragamuwa Province – Ratnapura District,"6.7697° N, 80.8298° E","Bambarakanda Falls is the tallest waterfall in Sri Lanka, surrounded by pine forests and mountain landscapes near Kalupahana. It is a popular attraction for nature lovers and photographers.",The waterfall has been part of the natural landscape of the central highlands for centuries. It became more widely recognized during the development of hill-country tourism and road networks during and after the colonial period.,Natural waterfall,Geological formation millions of years old,Sri Lanka’s tallest waterfall and an important natural landmark.,"Waterfall viewpoint, forest trails, swimming areas, mountain scenery.",Open access (daylight recommended),1–2 hours,Free,January–April; morning,"Horton Plains, Diyaluma Falls, Lipton’s Seat, Haputale, Adisham Bungalow","The Capoe House, Melheim Resort, Vantage Hills Haputale, The Glenross, Olympus Plaza","Risara Restaurant, Sunrise Restaurant, Royal Top Restaurant, Glace Café, Lettuce & Cabbage", 
23,Adam's Peak (Sri Pada),Sacred Mountain,Sabaragamuwa Province – Ratnapura District,"6.8096° N, 80.4994° E","Adam’s Peak is one of Sri Lanka’s most sacred mountains, famous for the sacred footprint at its summit and its annual pilgrimage season. The mountain is revered by Buddhists, Hindus, Christians, and Muslims.","Sri Pada has been a major pilgrimage site for over 1,000 years. Buddhists believe the footprint belongs to Lord Buddha, Hindus associate it with Lord Shiva, and other religious traditions connect it with Adam or Saint Thomas. Ancient kings supported pilgrimage routes and built facilities for devotees.",Ancient Buddhist shrine developed by successive kings,Ancient pilgrimage site; documented from early centuries AD,"Sacred mountain revered by Buddhists, Hindus, Muslims, and Christians.","Sacred footprint shrine, pilgrimage trail, sunrise view, mountain landscape.",Pilgrimage season: December–May (24 hours during season),5–8 hours (climb),Free,December–April; climb overnight for sunrise (2:00–6:00 AM summit),"Maskeliya, Nallathanniya, Maussakelle Reservoir, Laxapana Falls, Horton Plains","Slightly Chilled Cottage, White House Adam’s Peak, Grand Adams Peak, Daddy’s Guest Home, Wathsala Inn","Adams Peak Restaurant, Golden Spoon Restaurant, The Mango Tree, Tea Breeze, Nallathanniya Food Centre", 
24,Seetha Amman Temple,Temple,Central Province – Nuwara Eliya District,"6.9497° N, 80.8088° E","Seetha Amman Temple is a Hindu temple located near Nuwara Eliya, traditionally associated with the Ramayana legend of Sita. It is an important pilgrimage site for Hindu visitors.","The temple is believed by tradition to be located near the place where Queen Sita was held captive by King Ravana according to the Ramayana epic. The present temple was developed in modern times, while the surrounding area has long been connected with Hindu religious legends.",Hindu devotees; traditional temple site,Modern temple; linked to ancient Ramayana traditions,Important Hindu pilgrimage site associated with Goddess Sita and Ramayana legends.,"Sita shrine, Ashoka garden area, sacred stream, temple sculptures.",7:00 AM – 6:00 PM,1 hour,Free / Donation,January–April; morning,"Hakgala Botanical Garden, Gregory Lake, Victoria Park, Pedro Tea Estate, Nuwara Eliya","Heritance Tea Factory, Grand Hotel Nuwara Eliya, Jetwing St Andrew’s, Araliya Green Hills, Araliya Red","Grand Indian Restaurant, Salmiya Italian Restaurant, Coffee Bar, Lake View Pub, De Silva Food Centre", 
25,Hakgala Botanical Garden,Botanical Garden,Central Province – Nuwara Eliya District,"6.9271° N, 80.8194° E","Hakgala Botanical Garden is one of Sri Lanka’s most beautiful gardens, known for temperate plants, flowers, orchids, and scenic mountain surroundings. It is located near Nuwara Eliya and attracts many nature enthusiasts.","Hakgala was established in 1861 during the British colonial period as an experimental cinchona plantation for quinine production. Later it was transformed into a botanical garden focusing on ornamental plants, research, and conservation.",Established by British colonial government,1861 AD,Important botanical garden showcasing Sri Lanka’s highland plant diversity.,"Rose garden, orchids, Japanese garden, exotic plants, mountain scenery.",8:00 AM – 5:30 PM,2–3 hours,Approx. USD 10–15,March–April; morning,"Seetha Amman Temple, Gregory Lake, Victoria Park, Pedro Tea Estate, Moon Plains","Heritance Tea Factory, Grand Hotel Nuwara Eliya, Araliya Green Hills, Jetwing St Andrew’s, Blackpool Resort","Grand Indian Restaurant, Salmiya Restaurant, Coffee Bar, Lake View Pub, De Silva Food Centre", 
26,Gregory Lake,Lake,Central Province – Nuwara Eliya District,"6.9606° N, 80.7785° E","Gregory Lake is a scenic artificial lake in the heart of Nuwara Eliya, surrounded by mountains and gardens. It is popular for boating, cycling, walking, and family activities.",The lake was created in 1873 during British colonial rule under Governor Sir William Gregory. It was developed as part of Nuwara Eliya’s transformation into a colonial hill resort and recreational destination.,Built by Sir William Gregory (British Governor),1873 AD,Historic colonial-era lake and recreational landmark of Nuwara Eliya.,"Boat rides, walking paths, gardens, water activities, mountain views.",8:00 AM – 6:00 PM,1–2 hours,Approx. USD 3–5,March–May and December; afternoon/evening,"Victoria Park, Moon Plains, Hakgala Gardens, Pedro Tea Estate, Lover’s Leap Waterfall","Grand Hotel Nuwara Eliya, Araliya Green Hills, Jetwing St Andrew’s, Heritance Tea Factory, Blackpool Resort","Grand Indian Restaurant, Salmiya Restaurant, Coffee Bar, Lake View Pub, De Silva Food Centre", 
27,Moon Plains,Nature Park,Central Province – Nuwara Eliya District,"6.9485° N, 80.7907° E",Moon Plains is a scenic grassland and viewpoint near Nuwara Eliya offering panoramic views of mountains including Pidurutalagala and surrounding peaks. It is known for its peaceful landscapes and wildlife.,"Moon Plains was originally used as an agricultural and environmental conservation area. It was developed as a tourism attraction in the 2010s, with observation points created to showcase the unique landscapes of the central highlands.",Developed by Nuwara Eliya Municipal Council,Opened as attraction in 2014,Scenic agricultural and mountain viewpoint representing Sri Lanka’s central highlands.,"Nine Peaks viewpoint, jeep safari, grasslands, wildlife viewing.",7:00 AM – 5:00 PM,1–2 hours,Approx. USD 5,January–April; early morning,"Gregory Lake, Hakgala Gardens, Horton Plains, Victoria Park, Pedro Tea Estate","Grand Hotel Nuwara Eliya, Araliya Green Hills, Jetwing St Andrew’s, Blackpool Resort, Heritance Tea Factory","Grand Indian Restaurant, Salmiya Restaurant, Coffee Bar, Lake View Pub, De Silva Food Centre", 
28,"Victoria Park, Nuwara Eliya",Park,Central Province – Nuwara Eliya District,"6.9686° N, 80.7836° E","Victoria Park is a beautifully maintained urban park famous for colourful flowers, walking paths, and bird watching. It is one of the most popular recreational areas in Nuwara Eliya.",The park was established during the British colonial period and was named in 1897 to commemorate Queen Victoria’s Diamond Jubilee. It was developed from the grounds of the Hakgala Botanical Garden’s research area and became a public park.,British colonial administration,Established in 1897,Colonial heritage garden preserving highland flora and birdlife.,"Flower gardens, walking paths, bird watching, lake views, seasonal blooms.",7:00 AM – 6:00 PM,1–2 hours,Approx. USD 3–5,March–May; morning,"Gregory Lake, Post Office, Galway’s Land, Pedro Tea Estate, Hakgala Gardens","Grand Hotel Nuwara Eliya, Araliya Green Hills, Jetwing St Andrew’s, Heritance Tea Factory, Blackpool Resort","Grand Indian Restaurant, Salmiya Restaurant, Coffee Bar, Lake View Pub, De Silva Food Centre", 
29,Galway's Land National Park,National Park,Central Province – Nuwara Eliya District,"6.9636° N, 80.7908° E","Galway’s Land National Park is a small protected area near Nuwara Eliya known for montane forests, endemic birds, and peaceful nature trails. It is one of Sri Lanka’s important highland bird habitats.","The area was declared a wildlife sanctuary in 1938 and upgraded to a national park in 2006. It was named after Sir Henry Monck-Mason Moore Galway, a former British Governor of Ceylon, and protects rare highland ecosystems.",Declared by Sri Lankan government,National park declared in 2006,Protects montane forest ecosystem and endemic bird species.,"Bird watching, forest trails, wildlife, native plants.",6:00 AM – 6:00 PM,1–2 hours,Approx. USD 5–10,March–May; morning,"Victoria Park, Gregory Lake, Hakgala Gardens, Moon Plains, Pedro Tea Estate","Grand Hotel Nuwara Eliya, Jetwing St Andrew’s, Araliya Green Hills, Blackpool Resort, Heritance Tea Factory","Grand Indian Restaurant, Salmiya Restaurant, Coffee Bar, Lake View Pub, De Silva Food Centre", 
30,Pedro Tea Estate,Tea Plantation,Central Province – Nuwara Eliya District,"6.9844° N, 80.7933° E","Pedro Tea Estate is a historic tea plantation near Nuwara Eliya where visitors can learn about traditional Ceylon tea production. The estate offers factory tours, tea tasting, and views of green tea fields.",Pedro Tea Estate was developed during the British colonial tea expansion of the 19th century after coffee plantations were replaced by tea cultivation. It represents the long-standing importance of tea production in Sri Lanka’s economy and culture.,Founded during British colonial tea expansion,19th century,Represents Sri Lanka’s world-famous Ceylon tea heritage.,"Tea factory tour, tea tasting, plantation walks, mountain views.",8:00 AM – 5:00 PM,1–2 hours,Approx. USD 5–10,January–April; morning,"Gregory Lake, Victoria Park, Moon Plains, Hakgala Gardens, Lover’s Leap Waterfall","Heritance Tea Factory, Grand Hotel Nuwara Eliya, Jetwing St Andrew’s, Araliya Green Hills, Blackpool Resort","Grand Indian Restaurant, Salmiya Restaurant, Coffee Bar, Lake View Pub, De Silva Food Centre", 
31,Anuradhapura Ancient City,Ancient City,North Central Province – Anuradhapura District,"8.3114° N, 80.4037° E","Anuradhapura is one of Sri Lanka’s oldest capitals and a UNESCO World Heritage Site, famous for massive stupas, monasteries, and ancient irrigation systems. It was the centre of Theravada Buddhism and Sri Lankan civilization for over a millennium.","Founded in the 4th century BC by King Pandukabhaya, Anuradhapura became the first major capital of Sri Lanka. It flourished for more than 1,300 years as a political, religious, and cultural centre before being abandoned after repeated invasions and the rise of Polonnaruwa as the capital.",Founded by King Pandukabhaya,4th century BC – 11th century AD (Anuradhapura Kingdom),First ancient capital of Sri Lanka and a major center of Theravada Buddhism.,"Ancient stupas, monasteries, reservoirs, royal ruins, sacred sites.",7:00 AM – 5:30 PM,5–6 hours,Approx. USD 25,May–September; early morning or late afternoon,"Ruwanwelisaya, Jaya Sri Maha Bodhi, Abhayagiri Monastery, Jetavanaramaya, Isurumuniya Temple","Heritage Hotel Anuradhapura, Rajarata Hotel, The Sanctuary at Tissawewa, Miridiya Lake Resort, Avasta Resort","Seedevi Family Restaurant, Casserole Restaurant, Milano Tourist Restaurant, Walkers Restaurant, The Lakeside Restaurant", 
32,Ruwanwelisaya,Stupa,North Central Province – Anuradhapura District,"8.3492° N, 80.3964° E","Ruwanwelisaya is one of Sri Lanka’s most sacred Buddhist stupas, located in the heart of Anuradhapura’s sacred city. Its large white dome and religious importance make it one of the country’s most visited pilgrimage sites.",The stupa was built by King Dutugemunu in the 2nd century BC after his victory and unification of Sri Lanka. It is believed to enshrine a large portion of the Buddha’s relics and remains one of the greatest achievements of ancient Sinhalese architecture.,King Dutugemunu,2nd century BC (c. 140 BC),One of the most sacred Buddhist stupas containing Buddha relics.,"White dome stupa, elephant wall, relic chamber, Buddhist rituals.",5:00 AM – 9:00 PM,1–2 hours,Free / Donation,Year-round; early morning or evening,"Jaya Sri Maha Bodhi, Thuparamaya, Abhayagiri, Jetavanaramaya, Isurumuniya","Heritage Hotel Anuradhapura, Rajarata Hotel, Avasta Resort, Miridiya Lake Resort, The Sanctuary at Tissawewa","Seedevi Restaurant, Casserole Restaurant, Milano Tourist Restaurant, Walkers Restaurant, The Lakeside Restaurant", 
33,Jaya Sri Maha Bodhi,Religious Site,North Central Province – Anuradhapura District,"8.3430° N, 80.3964° E",Jaya Sri Maha Bodhi is the oldest historically documented tree in the world and a sacred Buddhist pilgrimage site. It is believed to have grown from a branch of the original Bodhi tree under which Buddha attained enlightenment.,"The sacred Bodhi tree sapling was brought to Sri Lanka in the 3rd century BC by Sanghamitta Theri, daughter of Emperor Ashoka of India, during the reign of King Devanampiya Tissa. It was planted in Anuradhapura and has been protected by generations of rulers and devotees.",Planted by Sanghamitta Theri from the original Bodhi tree in India,3rd century BC (288 BC tradition),Oldest historically documented planted tree in the world and a sacred Buddhist pilgrimage site.,"Sacred Bodhi tree, golden fence, shrine areas, religious ceremonies.",6:00 AM – 9:00 PM,1–2 hours,Free / Donation,Year-round; morning and evening worship times,"Ruwanwelisaya, Thuparamaya, Isurumuniya, Abhayagiri, Jetavanaramaya","Heritage Hotel, Rajarata Hotel, Avasta Resort, Miridiya Lake Resort, The Sanctuary at Tissawewa","Seedevi Restaurant, Casserole Restaurant, Milano Restaurant, Walkers Restaurant, The Lakeside Restaurant", 
34,Thuparamaya,Stupa,North Central Province – Anuradhapura District,"8.3507° N, 80.3965° E",Thuparamaya is the first Buddhist stupa built in Sri Lanka and one of the most important religious monuments in Anuradhapura. It is believed to enshrine the Buddha’s collarbone relic.,Thuparamaya was constructed by King Devanampiya Tissa in the 3rd century BC after the introduction of Buddhism to Sri Lanka by Arahant Mahinda. The stupa has been renovated several times throughout history while preserving its religious importance.,King Devanampiya Tissa,3rd century BC,First Buddhist stupa built in Sri Lanka after Buddhism was introduced.,"Ancient stupa, vatadage structure, stone pillars, relic shrine.",7:00 AM – 6:00 PM,45 minutes–1 hour,Free / Donation,Year-round; morning,"Jaya Sri Maha Bodhi, Ruwanwelisaya, Abhayagiri, Jetavanaramaya, Isurumuniya","Heritage Hotel, Rajarata Hotel, Avasta Resort, Miridiya Lake Resort, Tissawewa Rest House","Seedevi Restaurant, Casserole Restaurant, Milano Tourist Restaurant, Walkers Restaurant, The Lakeside Restaurant", 
35,Abhayagiri Monastery,Monastery,North Central Province – Anuradhapura District,"8.3670° N, 80.3952° E","Abhayagiri Monastery was one of the largest ancient Buddhist monastic complexes in Sri Lanka, serving thousands of monks. It contains impressive ruins, sculptures, ponds, and the famous Abhayagiri Stupa.","The monastery was founded by King Valagamba in the 1st century BC after he regained his throne. It became an important international centre of Buddhist learning, attracting monks and scholars from India, China, and other regions for over a thousand years.",King Valagamba,1st century BC; expanded over centuries,One of ancient Sri Lanka’s largest Buddhist monastic universities.,"Abhayagiri Stupa, monastery ruins, moonstone, museums, sculptures.",7:00 AM – 5:30 PM,2–3 hours,Included in Anuradhapura ticket,May–September; morning,"Jetavanaramaya, Ruwanwelisaya, Jaya Sri Maha Bodhi, Thuparamaya, Samadhi Statue","Heritage Hotel, Rajarata Hotel, Avasta Resort, Miridiya Lake Resort, The Sanctuary at Tissawewa","Seedevi Restaurant, Casserole Restaurant, Milano Tourist Restaurant, Walkers Restaurant, The Lakeside Restaurant", 
36,Jetavanaramaya,Stupa,North Central Province – Anuradhapura District,"8.3505° N, 80.4037° E",Jetavanaramaya is one of the tallest ancient stupas in the world and a remarkable achievement of ancient Sri Lankan engineering. The monument dominates the Anuradhapura skyline with its massive brick structure.,"Built by King Mahasen in the 3rd century AD, Jetavanaramaya was part of the Jetavana monastery complex. At the time of construction, it was among the tallest man-made structures in the ancient world and represented the power and advancement of the Anuradhapura Kingdom.",King Mahasena,3rd century AD,One of the tallest ancient brick structures in the world and major Buddhist monument.,"Massive stupa, archaeological ruins, monastery remains, carvings.",7:00 AM – 6:00 PM,1–2 hours,Included in Anuradhapura ticket,May–September; morning/evening,"Abhayagiri, Ruwanwelisaya, Jaya Sri Maha Bodhi, Thuparamaya, Isurumuniya","Heritage Hotel, Rajarata Hotel, Avasta Resort, Miridiya Lake Resort, The Sanctuary at Tissawewa","Seedevi Restaurant, Casserole Restaurant, Milano Tourist Restaurant, Walkers Restaurant, The Lakeside Restaurant", 
37,Isurumuniya Temple,Temple,North Central Province – Anuradhapura District,"8.3376° N, 80.3906° E","Isurumuniya Temple is a beautiful rock temple in Anuradhapura famous for its ancient carvings, including the Isurumuniya Lovers sculpture. It is located near Tissa Wewa and combines natural beauty with Buddhist heritage.",The temple was built by King Devanampiya Tissa in the 3rd century BC as a monastery for newly ordained monks. It later became famous for its artistic stone carvings created during the Anuradhapura period.,King Devanampiya Tissa,3rd century BC,Ancient Buddhist temple famous for artistic stone carvings.,"Isurumuniya Lovers sculpture, rock temple, pond, museum, cave shrine.",8:00 AM – 6:00 PM,1 hour,Approx. USD 3,Year-round; morning or sunset,"Jaya Sri Maha Bodhi, Ruwanwelisaya, Thuparamaya, Kuttam Pokuna, Anuradhapura Museum","Heritage Hotel, Rajarata Hotel, Avasta Resort, Miridiya Lake Resort, Tissawewa Rest House","Seedevi Restaurant, Casserole Restaurant, Milano Tourist Restaurant, Walkers Restaurant, The Lakeside Restaurant", 
38,Mihintale,Religious Site,North Central Province – Anuradhapura District,"8.3500° N, 80.5117° E","Mihintale is a sacred mountain considered the birthplace of Buddhism in Sri Lanka. It contains ancient stairways, stupas, caves, and monasteries surrounded by peaceful landscapes.","According to tradition, Buddhism was introduced to Sri Lanka at Mihintale in 247 BC when Arahant Mahinda met King Devanampiya Tissa. The area later developed into a major monastic centre with many religious structures built by ancient kings.",King Devanampiya Tissa and Buddhist monk Mahinda Thera,3rd century BC,Birthplace of Buddhism in Sri Lanka and major pilgrimage site.,"Mihintale rock, Ambasthala Dagoba, Aradhana Gala, caves, monastery ruins.",6:00 AM – 6:00 PM,2–3 hours,Approx. USD 10,May–September; early morning,"Anuradhapura Ancient City, Kaludiya Pokuna, Ritigala, Aukana Buddha Statue, Nachchaduwa Lake","Heritage Hotel Anuradhapura, Rajarata Hotel, Avasta Resort, Miridiya Lake Resort, The Sanctuary at Tissawewa","Seedevi Restaurant, Casserole Restaurant, Milano Tourist Restaurant, Walkers Restaurant, The Lakeside Restaurant", 
39,Ritigala Archaeological Monastery,Archaeological Site,North Central Province – Anuradhapura District,"8.1333° N, 80.7500° E","Ritigala is an ancient forest monastery located on a secluded mountain range near Anuradhapura. It is known for its mysterious ruins, stone pathways, meditation platforms, and natural surroundings.","Ritigala became an important monastic centre from around the 1st century BC and reached prominence during the Anuradhapura period. The monastery was used by forest-dwelling monks who followed strict meditation practices, and many structures were built during the reign of King Sena I and later rulers.",King Lanjatissa (development attributed),1st century BC onward,Ancient forest monastery known for meditation traditions and archaeological importance.,"Monastery ruins, stone paths, reservoirs, forest trails, ancient buildings.",7:00 AM – 5:30 PM,2–3 hours,Approx. USD 5–10,May–September; morning,"Anuradhapura, Mihintale, Minneriya National Park, Kaudulla National Park, Sigiriya","Heritage Hotel, Rajarata Hotel, Aliya Resort, Jetwing Lake, Hotel Sigiriya","Rithu Restaurant, Pradeep Restaurant, Mango Mango Restaurant, Ahinsa Restaurant, Athula Restaurant", 
40,Wilpattu National Park,National Park,North Western Province – Puttalam District,"8.5000° N, 80.0000° E","Wilpattu National Park is Sri Lanka’s largest national park, famous for leopards, elephants, sloth bears, and natural lakes called “villus.” It is one of the country’s premier wildlife safari destinations.","Wilpattu has a long history connected with ancient settlements and wildlife conservation. The area was declared a wildlife sanctuary in 1938 and became a national park in 1947, protecting one of Sri Lanka’s most important dry-zone ecosystems.",Established as wildlife reserve by Sri Lankan government,Protected since 1938,Sri Lanka’s largest national park famous for leopards and natural lakes.,"Leopard safaris, villus (natural lakes), elephants, deer, bird watching.",6:00 AM – 6:00 PM,Half day–full day safari,Approx. USD 25–35 + safari fees,February–October; early morning safari,"Anuradhapura, Puttalam Lagoon, Kalpitiya, Mihintale, Thanthirimale Temple","Big Game Wilpattu, Wilpattu Safari Camp, Thimbiri Wewa Resort, Rajarata Hotel, Avasta Resort","Wilpattu Safari Camp Restaurant, The Lakeside Restaurant, Casserole Restaurant, Milano Tourist Restaurant, Seedevi Restaurant", 
41,Polonnaruwa Ancient City,Ancient City,North Central Province – Polonnaruwa District,"7.9403° N, 81.0188° E","Polonnaruwa is a UNESCO World Heritage Site and the second ancient capital of Sri Lanka, famous for its well-preserved ruins, temples, statues, and royal buildings. It represents one of the greatest periods of Sri Lankan civilization and medieval architecture.","Polonnaruwa became the capital of Sri Lanka in the 11th century AD after the decline of Anuradhapura. It reached its peak during the reign of King Parakramabahu I (1153–1186 AD), who developed the city with palaces, temples, irrigation systems, and cultural institutions before it was abandoned in the 13th century.",King Vijayabahu I established as capital; developed by King Parakramabahu I,11th–13th century AD (Polonnaruwa Kingdom),UNESCO World Heritage ancient capital showcasing medieval Sri Lankan civilization and Buddhist heritage.,"Royal Palace ruins, Gal Vihara, Vatadage, Parakrama Samudra, temples, statues.",7:00 AM – 5:30 PM,4–5 hours,Approx. USD 25,May–September; morning or late afternoon,"Gal Vihara, Vatadage, Parakrama Samudra, Rankoth Vehera, Minneriya National Park","The Lake Hotel Polonnaruwa, Sudu Araliya Hotel, Hotel Sudu Araliya, EKHO Lake House, Giritale Hotel","Priyamali Gedara Restaurant, Lake Inn Guest House Restaurant, Jaga Food, Hotel Mahanuge Restaurant, Cannel Side Inn Restaurant", 
42,Gal Vihara,Temple,North Central Province – Polonnaruwa District,"7.9570° N, 81.0015° E",Gal Vihara is a famous rock temple in Polonnaruwa featuring four magnificent Buddha statues carved from a single granite rock. It is considered one of the finest examples of ancient Sri Lankan Buddhist sculpture.,Gal Vihara was created during the reign of King Parakramabahu I in the 12th century AD as part of the larger monastery complex of Uttararama. The sculptures represent the high level of artistic skill achieved during the Polonnaruwa period.,King Parakramabahu I,12th century AD,Famous Buddhist rock sculpture site representing the peak of ancient Sri Lankan stone carving.,"Four Buddha statues carved from granite, standing Buddha, reclining Buddha, meditation Buddha.",7:00 AM – 5:30 PM,1 hour,Included in Polonnaruwa ticket,May–September; morning,"Polonnaruwa Ancient City, Vatadage, Rankoth Vehera, Lankatilaka Image House, Parakrama Samudra","The Lake Hotel, Sudu Araliya Hotel, EKHO Lake House, Giritale Hotel, Hotel Mahanuge","Priyamali Gedara Restaurant, Jaga Food, Lake Inn Restaurant, Cannel Side Inn, Mahanuge Restaurant", 
43,Parakrama Samudra,Reservoir,North Central Province – Polonnaruwa District,"7.9300° N, 81.0000° E","Parakrama Samudra is a massive ancient reservoir near Polonnaruwa, often called the “Sea of Parakrama” because of its enormous size. It remains a symbol of Sri Lanka’s advanced ancient irrigation technology.",The reservoir was constructed mainly during the reign of King Parakramabahu I in the 12th century AD by combining several existing tanks. The king’s famous statement that not even a drop of rainwater should flow to the sea without being used reflects the importance placed on irrigation development.,King Parakramabahu I,12th century AD,Ancient irrigation masterpiece demonstrating Sri Lanka’s hydraulic engineering achievements.,"Massive reservoir, sunset views, wildlife, bird watching, scenic walks.",Open access,1–2 hours,Free,May–September; sunset,"Polonnaruwa Ancient City, Gal Vihara, Vatadage, Minneriya National Park, Somawathiya Temple","The Lake Hotel, Sudu Araliya Hotel, EKHO Lake House, Giritale Hotel, Hotel Mahanuge","Priyamali Gedara Restaurant, Jaga Food, Lake Inn Restaurant, Mahanuge Restaurant, Cannel Side Inn", 
44,Vatadage,Historical Monument,North Central Province – Polonnaruwa District,"7.9578° N, 81.0016° E","Vatadage is a circular relic house in Polonnaruwa known for its elegant stone carvings, moonstones, guardstones, and Buddha statues. It is one of the finest examples of ancient Sri Lankan architectural design.","The exact builder of Vatadage is uncertain, but it is believed to have been constructed during the Polonnaruwa period, possibly under King Parakramabahu I or King Nissankamalla in the 12th century. It was built to protect a sacred Buddhist relic, possibly the Buddha’s tooth relic.",Built during Polonnaruwa Kingdom (attributed to Nissanka Malla and Parakramabahu era),12th century AD,Sacred circular relic house representing advanced Buddhist architecture.,"Circular stone structure, Buddha statues, moonstone, guardstones, carvings.",7:00 AM – 5:30 PM,45 minutes–1 hour,Included in Polonnaruwa ticket,May–September; morning,"Gal Vihara, Lankatilaka Image House, Rankoth Vehera, Royal Palace, Parakrama Samudra","The Lake Hotel, Sudu Araliya, EKHO Lake House, Giritale Hotel, Hotel Mahanuge","Priyamali Gedara, Jaga Food, Lake Inn Restaurant, Mahanuge Restaurant, Cannel Side Inn", 
45,Rankoth Vehera,Stupa,North Central Province – Polonnaruwa District,"7.9567° N, 81.0060° E",Rankoth Vehera is a massive brick stupa in Polonnaruwa inspired by the great stupas of Anuradhapura. It is one of the largest stupas in the ancient city.,Rankoth Vehera was built by King Nissankamalla during the late 12th century AD. The stupa reflects the king’s efforts to continue the Buddhist architectural traditions of earlier Sri Lankan kingdoms.,King Nissanka Malla,12th century AD,One of Sri Lanka’s largest stupas and important Buddhist monuments.,"Large brick stupa, ancient monastery ruins, meditation areas.",7:00 AM – 5:30 PM,45 minutes–1 hour,Included in Polonnaruwa ticket,May–September; morning,"Polonnaruwa Ancient City, Gal Vihara, Vatadage, Lankatilaka, Parakrama Samudra","The Lake Hotel, Sudu Araliya, EKHO Lake House, Giritale Hotel, Hotel Mahanuge","Priyamali Gedara, Jaga Food, Lake Inn Restaurant, Mahanuge Restaurant, Cannel Side Inn", 
46,Lankatilaka Image House,Temple,North Central Province – Polonnaruwa District,"7.9545° N, 80.9985° E",Lankatilaka Image House is a magnificent ancient Buddhist shrine known for its enormous Buddha image and impressive brick architecture. Its tall walls and artistic details demonstrate the greatness of Polonnaruwa-era construction.,Lankatilaka was built during the reign of King Parakramabahu I in the 12th century AD as part of the Alahana Pirivena monastic complex. It served as an important religious centre and housed a large standing Buddha statue.,King Parakramabahu I,12th century AD,Historic Buddhist image house reflecting medieval religious architecture.,"Massive brick walls, standing Buddha image, carved entrances, ancient ruins.",7:00 AM – 5:30 PM,45 minutes–1 hour,Included in Polonnaruwa ticket,May–September; morning,"Gal Vihara, Vatadage, Rankoth Vehera, Royal Palace, Parakrama Samudra","The Lake Hotel, Sudu Araliya, EKHO Lake House, Giritale Hotel, Hotel Mahanuge","Priyamali Gedara, Jaga Food, Lake Inn Restaurant, Cannel Side Inn, Mahanuge Restaurant", 
47,Shiva Devale No. 2,Hindu Temple,North Central Province – Polonnaruwa District,"7.9415° N, 81.0015° E",Shiva Devale No. 2 is an ancient Hindu temple located within Polonnaruwa’s archaeological zone. It is one of the oldest surviving stone Hindu temples in Sri Lanka.,"The temple was built during the Chola occupation of Sri Lanka in the 11th century AD when Hindu religious influences expanded in the island. Dedicated to Lord Shiva, it reflects the cultural interactions between South Indian and Sri Lankan civilizations.",Chola rulers,11th–12th century AD,Represents Hindu influence during the Chola occupation of Sri Lanka.,"Ancient Shiva shrine, stone architecture, inscriptions, archaeological remains.",7:00 AM – 5:30 PM,30–45 minutes,Included in Polonnaruwa ticket,May–September; morning,"Polonnaruwa Ancient City, Vatadage, Royal Palace, Gal Vihara, Parakrama Samudra","The Lake Hotel, Sudu Araliya, EKHO Lake House, Giritale Hotel, Hotel Mahanuge","Priyamali Gedara, Jaga Food, Lake Inn Restaurant, Mahanuge Restaurant, Cannel Side Inn", 
48,Minneriya National Park,National Park,North Central Province – Polonnaruwa District,"8.0367° N, 80.8990° E","Minneriya National Park is a famous wildlife park known worldwide for “The Gathering,” where hundreds of elephants gather around Minneriya Tank during the dry season. It is also home to many bird species and other wildlife.",The park was established as a national park in 1997 to protect the Minneriya ancient reservoir ecosystem and surrounding forests. The reservoir was built by King Mahasen in the 3rd century AD and continues to support wildlife and agriculture.,Declared wildlife sanctuary by Sri Lankan government,National park established in 1997,"Famous for the annual “Elephant Gathering,” one of Asia’s largest elephant gatherings.","Elephant herds, Minneriya Tank, jeep safaris, birds, wildlife.",6:00 AM – 6:00 PM,3–4 hours safari,Approx. USD 25–35 + safari fees,June–September; afternoon safari (2:00–6:00 PM),"Kaudulla National Park, Sigiriya, Dambulla Cave Temple, Polonnaruwa, Habarana","Aliya Resort & Spa, Jetwing Lake, Cinnamon Lodge Habarana, Habarana Village by Cinnamon, Hotel Sigiriya","Rithu Restaurant, Pradeep Restaurant, Mango Mango, Ahinsa Restaurant, Athula Restaurant", 
49,Kaudulla National Park,National Park,North Central Province – Polonnaruwa District,"8.1540° N, 80.9400° E","Kaudulla National Park is a wildlife sanctuary famous for elephant gatherings, wetlands, and diverse birdlife. It forms part of the elephant corridor in Sri Lanka’s cultural triangle.",Kaudulla was declared a national park in 2002 to protect the ecosystem surrounding the ancient Kaudulla Tank built by King Mahasen. The park later became an important wildlife tourism destination due to its large elephant population.,Sri Lankan government,Established in 2002,Important elephant habitat connected with ancient irrigation systems.,"Elephant safaris, Kaudulla Tank, birds, wildlife photography.",6:00 AM – 6:00 PM,3–4 hours safari,Approx. USD 25–35 + safari fees,August–December; afternoon safari,"Minneriya National Park, Sigiriya, Polonnaruwa, Dambulla, Habarana","Cinnamon Lodge Habarana, Aliya Resort, Jetwing Lake, Habarana Village, Hotel Sigiriya","Mango Mango Restaurant, Pradeep Restaurant, Rithu Restaurant, Ahinsa Restaurant, Athula Restaurant", 
50,Somawathiya National Park,National Park,North Central Province – Polonnaruwa District,"8.1000° N, 81.2000° E",Somawathiya National Park is a protected wetland area located around the historic Somawathiya Chaitya. It combines wildlife conservation with Buddhist religious heritage.,"The park was established in 1986 to protect the floodplain ecosystem of the Mahaweli River and surrounding forests. The area has been associated with the ancient Somawathiya Stupa, believed to contain a relic of the Buddha and dating back to the 2nd century BC.",Sri Lankan government,Established in 1986,Protects wildlife around the sacred Somawathiya Chaitya area.,"Elephants, wetlands, birds, Somawathiya Stupa, river landscapes.",6:00 AM – 6:00 PM,3–5 hours,Approx. USD 20–30 + safari fees,May–September; morning safari,"Somawathiya Chaitya, Trincomalee, Polonnaruwa, Minneriya, Kantale Lake","Trinco Blu by Cinnamon, JKAB Beach Resort, Welcombe Hotel, Hotel Green Garden, Sea Lotus Park","Nero Kitchen, Aqua Inn, Anna Poorani Vegetarian Restaurant, Nature Inn, Hotel Saravanabhavan", 
51,Yala National Park,National Park,Southern Province – Hambantota District,"6.3725° N, 81.5190° E","Yala National Park is Sri Lanka’s most famous wildlife reserve, known for its high leopard density, elephants, sloth bears, crocodiles, and diverse birdlife. It is one of the country’s top safari destinations, combining forests, grasslands, lagoons, and coastal ecosystems.",Yala has a long history as a protected wilderness area and was first designated as a wildlife sanctuary in 1900. It became a national park in 1938 and has since played an important role in conserving Sri Lanka’s dry-zone wildlife and ecosystems.,Established by Sri Lankan government,Declared wildlife sanctuary in 1900; national park in 1938,"Sri Lanka’s most famous wildlife reserve, especially known for leopards and biodiversity.","Leopard safaris, elephants, sloth bears, crocodiles, birds, coastal landscapes.",6:00 AM – 6:00 PM,Half day–full day safari,Approx. USD 25–35 + jeep fees,February–June; morning (5:30–9:30 AM) or afternoon (2:00–6:00 PM),"Sithulpawwa Temple, Kirinda Temple, Tissamaharama, Bundala National Park, Kataragama Temple","Jetwing Yala, Cinnamon Wild Yala, Chena Huts by Uga Escapes, Wild Coast Tented Lodge, Elephant Reach Hotel","The Safari Restaurant, The Flavors Restaurant, Chef Lady Restaurant, Green Hut Restaurant, Tissa Lake Restaurant", 
52,Bundala National Park,National Park,Southern Province – Hambantota District,"6.2056° N, 81.2214° E","Bundala National Park is a coastal wetland sanctuary famous for migratory birds, lagoons, salt marshes, and rich biodiversity. It was Sri Lanka’s first Ramsar wetland site and is especially popular among bird watchers.","Bundala was declared a wildlife sanctuary in 1969 and upgraded to a national park in 1993. It gained international recognition when it became Sri Lanka’s first Ramsar Convention wetland in 1991, highlighting its global ecological importance.",Sri Lankan government,Established in 1993 as national park,UNESCO Biosphere Reserve important for migratory birds and wetlands.,"Flamingos, lagoons, crocodiles, elephants, bird watching.",6:00 AM – 6:00 PM,3–4 hours safari,Approx. USD 20–25 + safari fees,November–March; morning,"Yala National Park, Tissamaharama, Kirinda Temple, Kataragama, Hambantota Salt Pans","Shangri-La Hambantota, Jetwing Yala, Peacock Beach Hotel, Hotel Tamarind Tree, Elephant Reach","Tissa Lake Restaurant, Green Hut Restaurant, The Flavors Restaurant, Chef Lady Restaurant, Smoky Kitchen", 
53,Kataragama Temple,Religious Site,Uva Province – Monaragala District,"6.4136° N, 81.3325° E","Kataragama Temple is a major multi-religious pilgrimage site dedicated mainly to Kataragama Deviyo (Skanda/Murugan). It attracts Buddhists, Hindus, Muslims, and indigenous communities from across Sri Lanka.","The history of Kataragama dates back more than two thousand years, with references to the ancient Ruhuna Kingdom. The temple complex developed over centuries and became an important pilgrimage centre, especially during the annual Esala festival.",Developed by ancient devotees and rulers,Ancient period; expanded over centuries,Multi-religious pilgrimage site dedicated to Kataragama Deviyo and Hindu deity Murugan.,"Main shrine, sacred river, Buddhist temple, evening rituals, festivals.",4:30 AM – 9:00 PM,1–2 hours,Free / Donation,July–August (festival season); evening ceremonies,"Yala National Park, Sithulpawwa, Kirinda Temple, Tissamaharama, Lunugamvehera National Park","Mandara Rosen, Hotel Rivinka, Elephant Reach, Jetwing Yala, Tamarind Tree Hotel","The Flavors Restaurant, Tissa Lake Restaurant, Green Hut Restaurant, Chef Lady Restaurant, Smoky Kitchen", 
54,Kirinda Temple,Temple,Southern Province – Hambantota District,"6.2405° N, 81.3290° E",Kirinda Temple is a historic Buddhist temple located on a rocky hill overlooking the Indian Ocean. It offers spectacular coastal views and is associated with the legendary Queen Viharamahadevi.,"According to Sri Lankan chronicles, Queen Viharamahadevi was sent to sea as a sacrifice during the reign of King Kelani Tissa and later landed at Kirinda. The temple was built to commemorate this legend and has remained an important religious site for centuries.",Traditional attribution to King Kavantissa,Ancient period (legendary association with Queen Viharamahadevi),Historic Buddhist temple located on a dramatic coastal rock.,"Temple shrine, ocean viewpoint, ancient ruins, beach views.",6:00 AM – 6:00 PM,1 hour,Free / Donation,February–June; sunset,"Yala National Park, Kataragama Temple, Tissamaharama, Bundala, Kirinda Beach","Jetwing Yala, Wild Coast Tented Lodge, Cinnamon Wild Yala, Elephant Reach, Hotel Tamarind Tree","Tissa Lake Restaurant, Green Hut Restaurant, Chef Lady Restaurant, The Flavors Restaurant, Smoky Kitchen", 
55,Tissamaharama Raja Maha Viharaya,Temple,Southern Province – Hambantota District,"6.2781° N, 81.2856° E",Tissamaharama Raja Maha Viharaya is an ancient Buddhist temple famous for its large white stupa and historical importance. It was one of the major religious centres of the ancient Ruhuna Kingdom.,The temple is believed to have been founded during the reign of King Kavantissa in the 2nd century BC. It became an important monastery that supported Buddhism in southern Sri Lanka and was connected with many ancient rulers.,King Kavantissa (traditional attribution),2nd century BC,Ancient Buddhist temple and one of southern Sri Lanka’s most important religious sites.,"Large stupa, temple paintings, sacred grounds, historical ruins.",6:00 AM – 6:00 PM,1 hour,Free / Donation,February–June; morning/evening,"Yala National Park, Kataragama, Kirinda Temple, Bundala, Tissa Lake","Jetwing Yala, Cinnamon Wild Yala, Peacock Beach Hotel, Elephant Reach, Tamarind Tree Hotel","Tissa Lake Restaurant, Green Hut Restaurant, The Flavors Restaurant, Chef Lady Restaurant, Smoky Kitchen", 
56,Sithulpawwa Rock Temple,Temple,Southern Province – Hambantota District,"6.4333° N, 81.4333° E","Sithulpawwa Rock Temple is an ancient forest monastery located near Yala National Park, known for rock caves, paintings, stupas, and panoramic views. It is a peaceful spiritual destination surrounded by wilderness.","Sithulpawwa was established around the 2nd century BC by King Kavantissa as a monastery for thousands of forest-dwelling monks. The name is derived from “Chittalapabbata,” meaning the hill of the peaceful mind, reflecting its meditation traditions.",King Kavantissa,2nd century BC,Ancient forest monastery and major meditation center of early Buddhism.,"Rock caves, ancient paintings, stupas, panoramic views.",6:00 AM – 6:00 PM,2–3 hours,Approx. USD 5–10,February–June; morning,"Yala National Park, Tissamaharama, Kataragama, Kirinda, Bundala","Jetwing Yala, Cinnamon Wild Yala, Wild Coast Tented Lodge, Elephant Reach, Tamarind Tree Hotel","Tissa Lake Restaurant, Green Hut Restaurant, Chef Lady Restaurant, The Flavors Restaurant, Smoky Kitchen", 
57,Kirinda Beach,Beach,Southern Province – Hambantota District,"6.2400° N, 81.3300° E","Kirinda Beach is a scenic and peaceful coastal area known for dramatic rocks, ocean views, and its connection with the nearby Kirinda Temple. It offers a quiet alternative to busier southern beaches.",Kirinda has historical importance through legends connected with Queen Viharamahadevi and the ancient Ruhuna Kingdom. The coastline has also been significant for maritime activities throughout Sri Lankan history.,Natural coastal area,Natural formation,Scenic beach connected with local legends and historical sites.,"Rocky shoreline, fishing village, lighthouse views, sunset scenery.",Open access,1–2 hours,Free,February–September; sunset,"Kirinda Temple, Yala National Park, Bundala, Tissamaharama, Kataragama","Jetwing Yala, Cinnamon Wild Yala, Elephant Reach, Wild Coast Tented Lodge, Peacock Beach Hotel","Tissa Lake Restaurant, Green Hut Restaurant, Chef Lady Restaurant, Smoky Kitchen, The Flavors Restaurant", 
58,Mirissa Beach,Beach,Southern Province – Matara District,"5.9483° N, 80.4716° E","Mirissa Beach is one of Sri Lanka’s most popular tropical beaches, famous for surfing, whale watching, palm-lined shores, and vibrant coastal atmosphere. It is a favourite destination for both relaxation and adventure tourism.","Mirissa developed from a traditional fishing village into a major tourism destination in recent decades. Its growth was driven by beach tourism, surfing culture, and whale-watching activities that became popular along the southern coast.",Natural coastal area,Natural formation,Popular tropical beach destination famous for marine tourism.,"Whale watching, palm-lined beach, surfing, sunset views, fishing boats.",Open access,Half day–full day,Free (activities extra),November–April; morning for whale watching,"Coconut Tree Hill, Secret Beach, Weligama Beach, Galle Fort, Unawatuna","Sri Sharavi Beach Villas, Lantern Boutique Hotel, Paradise Beach Club, Mandara Resort, Somerset Mirissa","Zephyr Restaurant, Shady Lane, Dewmini Roti Shop, Wadiya Restaurant, Salt Mirissa", 
59,Coconut Tree Hill,Viewpoint,Southern Province – Matara District,"5.9406° N, 80.4589° E",Coconut Tree Hill is a famous viewpoint in Mirissa featuring rows of coconut palms on a red coastal cliff overlooking the ocean. It is one of Sri Lanka’s most photographed seaside locations.,The site is a modern tourism landmark that became popular through travel photography and social media. It represents the natural beauty of Sri Lanka’s southern coastline rather than an ancient historical monument.,Natural viewpoint developed as tourist attraction,Modern tourist attraction,Iconic coastal viewpoint representing Sri Lanka’s tropical landscape.,"Palm hill, ocean views, sunrise/sunset photography.",Open access,30–60 minutes,Free,November–April; sunrise or sunset,"Mirissa Beach, Secret Beach, Weligama Beach, Whale Watching Point, Matara Fort","Sri Sharavi Beach Villas, Paradise Beach Club, Lantern Boutique Hotel, Mandara Resort, Somerset Mirissa","Zephyr Restaurant, Dewmini Roti Shop, Shady Lane, Wadiya Restaurant, Salt Mirissa", 
60,"Secret Beach, Mirissa",Beach,Southern Province – Matara District,"5.9447° N, 80.4567° E","Secret Beach is a small hidden coastal spot near Mirissa known for calm waters, rocky surroundings, and a peaceful atmosphere. It is popular among travellers seeking a quieter beach experience.",Secret Beach does not have major documented historical events and developed as a tourism attraction through local discovery and coastal tourism growth. The area reflects the traditional fishing heritage and natural beauty of the southern coastline.,Natural coastal area,Natural formation,Quiet beach spot popular for relaxation and swimming.,"Small bay, snorkeling, sunset views, beach bars, photography.",Open access,1–3 hours,Free,November–April; afternoon,"Mirissa Beach, Coconut Tree Hill, Weligama Beach, Matara Fort, Polhena Beach","Sri Sharavi Beach Villas, Lantern Boutique Hotel, Paradise Beach Club, Mandara Resort, Somerset Mirissa","Zephyr Restaurant, Dewmini Roti Shop, Shady Lane, Wadiya Restaurant, Salt Mirissa", 
61,Weligama Beach,Beach,Southern Province – Matara District,"5.9738° N, 80.4297° E","Weligama Beach is a beautiful crescent-shaped beach on Sri Lanka’s southern coast, famous for surfing, fishing, and the iconic stilt fishermen nearby. It is a popular destination for beginners learning to surf due to its gentle waves.",Weligama has a long history as a coastal trading and fishing settlement. The area was influenced by Portuguese and Dutch maritime activities during the colonial period and later developed as a tourism destination due to its beaches and traditional coastal culture.,Natural coastal area,Natural formation,"Famous coastal destination known for surfing, fishing culture, and traditional stilt fishermen.","Surfing, stilt fishing, beach walks, whale watching access, sunsets.",Open access,Half day–full day,Free,November–April; morning or sunset,"Mirissa Beach, Coconut Tree Hill, Secret Beach, Galle Fort, Kushta Raja Gala","Cape Weligama, Weligama Bay Marriott Resort, Weligama Bay Resort, Mandara Resort, W15 Weligama","Hangten Rooftop Restaurant, Fish Point Weligama, Nomad Cafe, Chef Akila Kitchen, The Roti Shop", 
62,"Jungle Beach, Unawatuna",Beach,Southern Province – Galle District,"6.0118° N, 80.2418° E","Jungle Beach is a secluded beach surrounded by tropical forest near Unawatuna, offering clear waters, snorkeling, and a peaceful atmosphere. It is ideal for travellers seeking a quiet natural escape.","The area has historically been part of the coastal forests surrounding Galle and Rumassala. Its popularity grew with modern eco-tourism due to its natural beauty, coral reefs, and connection to the nearby Japanese Peace Pagoda.",Natural coastal area,Natural formation,Peaceful tropical beach known for snorkeling and marine biodiversity.,"Snorkeling, coral views, hidden bay, jungle trails, swimming.",Open access,2–3 hours,Free,November–April; morning,"Unawatuna Beach, Japanese Peace Pagoda, Galle Fort, Galle Lighthouse, Rumassala Sanctuary","Thaproban Pavilion Resort, Calamander Unawatuna Beach, Levels Unawatuna, Thambapanni Retreat, Araliya Beach Resort","Kingfisher Restaurant, Happy Banana, Bedspace Beach, Tartaruga Restaurant, La Boheme", 
63,Unawatuna Beach,Beach,Southern Province – Galle District,"6.0100° N, 80.2490° E","Unawatuna Beach is one of Sri Lanka’s most famous beaches, known for golden sand, coral reefs, swimming, and vibrant coastal life. It is a popular destination for relaxation, diving, and marine activities.","Unawatuna was traditionally a fishing village before becoming a major tourism centre. The bay has historical links to the maritime heritage of Galle, with nearby Galle Fort reflecting centuries of colonial influence.",Natural coastal area,Natural formation,One of Sri Lanka’s most famous beaches with cultural and marine importance.,"Swimming, snorkeling, diving, beach restaurants, coral reefs.",Open access,Free,November–April; morning/evening,"Galle Fort, Jungle Beach, Japanese Peace Pagoda, Galle Lighthouse, Rumassala","Thaproban Pavilion, Calamander Unawatuna, Levels Unawatuna, Thambapanni Retreat, Araliya Beach Resort","Kingfisher Restaurant, Happy Banana, Tartaruga Restaurant, La Boheme, Bedspace Beach",, 
64,Galle Fort,Fort,Southern Province – Galle District,"6.0267° N, 80.2170° E","Galle Fort is a UNESCO World Heritage Site and one of the best-preserved colonial forts in Asia. It features historic streets, churches, museums, colonial buildings, cafes, and ocean views.",The original fort was built by the Portuguese in 1588 and greatly expanded by the Dutch in the 17th century after they captured Galle in 1649. The fort became an important trading and administrative centre during European colonial rule and remains a living heritage site today.,Portuguese built; expanded by Dutch,16th century Portuguese; rebuilt by Dutch in 17th century,UNESCO World Heritage colonial fortress representing European influence in Sri Lanka.,"Fort walls, Dutch buildings, museums, churches, boutique shops, streets.",Open access,3–4 hours,Free (museum tickets separate),November–April; late afternoon/sunset,"Galle Lighthouse, Maritime Museum, Dutch Reformed Church, Unawatuna, Japanese Peace Pagoda","Amangalla, Fort Bazaar, Galle Fort Hotel, Jetwing Lighthouse, The Bartizan","A Minute by Tuk Tuk, The Tuna & The Crab, Poonie’s Kitchen, Pedlar’s Inn Cafe, Fortaleza", 
65,Galle Lighthouse,Lighthouse,Southern Province – Galle District,"6.0256° N, 80.2190° E","Galle Lighthouse is a historic coastal landmark located inside Galle Fort, offering beautiful views of the Indian Ocean and surrounding fort walls. It is one of the most photographed symbols of Galle.",The first lighthouse in Galle was built by the British in 1848 but was destroyed by fire. The current lighthouse was constructed in 1939 on the fort ramparts and continues to serve as a navigation landmark.,Built by British colonial government,1939 AD (current structure),Historic maritime landmark symbolizing Sri Lanka’s colonial coastal heritage.,"Lighthouse views, ocean scenery, fort walls, photography.",Open access (exterior only),30–60 minutes,Free,November–April; sunset,"Galle Fort, Unawatuna, Japanese Peace Pagoda, Maritime Museum, Dutch Church","Amangalla, Fort Bazaar, Galle Fort Hotel, Jetwing Lighthouse, The Bartizan","A Minute by Tuk Tuk, Pedlar’s Inn Cafe, Poonie’s Kitchen, The Tuna & The Crab, Fortaleza", 
66,Japanese Peace Pagoda,Religious Site,Southern Province – Galle District,"6.0085° N, 80.2400° E",The Japanese Peace Pagoda is a white Buddhist stupa located on Rumassala Hill overlooking the Indian Ocean near Unawatuna. It provides peaceful surroundings and panoramic coastal views.,The pagoda was built in 2005 by Japanese Buddhist monks from the Nipponzan Myohoji order as a symbol of peace and harmony. It is part of a global network of peace pagodas built to promote non-violence.,Built by Japanese Nipponzan Myohoji Buddhist monks,2005 AD,Symbol of peace and Buddhist harmony.,"White pagoda, ocean views, meditation area, sunset viewpoint.",7:00 AM – 7:00 PM,1 hour,Free / Donation,November–April; sunset,"Jungle Beach, Unawatuna Beach, Galle Fort, Rumassala, Galle Lighthouse","Thaproban Pavilion, Levels Unawatuna, Calamander, Thambapanni Retreat, Araliya Beach Resort","Kingfisher Restaurant, Happy Banana, Tartaruga, Bedspace Beach, La Boheme", 
67,Hikkaduwa Beach,Beach,Southern Province – Galle District,"6.1386° N, 80.0996° E","Hikkaduwa Beach is a famous coastal destination known for surfing, coral reefs, marine life, and lively beach culture. It is one of Sri Lanka’s earliest developed international tourism areas.",Hikkaduwa became popular among foreign travellers during the 1960s and grew into a major beach tourism hub. The area’s coral reefs and marine ecosystem later led to conservation efforts and the creation of the Hikkaduwa Marine Sanctuary.,Natural coastal area,Natural formation,Internationally known beach destination and marine tourism center.,"Surfing, snorkeling, coral reefs, diving, beach activities.",Open access,Half day–full day,Free,November–April; morning,"Hikkaduwa Coral Sanctuary, Seenigama Temple, Galle Fort, Tsunami Museum, Narigama Beach","Hikka Tranz by Cinnamon, Coral Sands Hotel, Citrus Hikkaduwa, Haritha Villas, Sapphire Seas Hotel","Mamas Coral Beach Restaurant, Refresh Restaurant, Vibrations Restaurant, Harbour Restaurant, Spaghetti & Co", 
68,Hikkaduwa Coral Sanctuary,Marine Sanctuary,Southern Province – Galle District,"6.1367° N, 80.1025° E","Hikkaduwa Coral Sanctuary is a protected marine area famous for coral reefs, colourful fish, and glass-bottom boat tours. It is one of Sri Lanka’s oldest marine conservation areas.",The sanctuary was established in 1979 to protect the coral ecosystem along the Hikkaduwa coast. It was later declared a nature reserve and marine protected area due to the ecological importance of its coral reefs and marine species.,Protected marine area by Sri Lankan government,Declared marine sanctuary in 1979,One of Sri Lanka’s first marine protected areas conserving coral ecosystems.,"Coral reefs, tropical fish, glass-bottom boats, snorkeling.",7:00 AM – 5:00 PM,1–3 hours,Approx. USD 5–10,November–April; morning,"Hikkaduwa Beach, Seenigama Temple, Galle Fort, Narigama Beach, Tsunami Museum","Hikka Tranz, Coral Sands Hotel, Citrus Hikkaduwa, Haritha Villas, Sapphire Seas","Mamas Coral Beach, Refresh Restaurant, Vibrations, Harbour Restaurant, Spaghetti & Co", 
69,Seenigama Temple,Temple,Southern Province – Galle District,"6.1408° N, 80.0917° E","Seenigama Temple is a historic Buddhist and Hindu religious site located on a small island near Hikkaduwa. It is known for its unique rituals, coastal setting, and cultural importance.","The temple has centuries-old religious traditions and is dedicated to Devol Deviyo, a popular deity in Sri Lankan folklore. The temple gained international attention after the 2004 tsunami when it became involved in community recovery and support activities.",Ancient Buddhist temple,"Over 1,200 years old (traditional dating)",Important coastal Buddhist shrine dedicated to Devol Deviyo.,"Island shrine, ocean views, rituals, boat access.",6:00 AM – 6:00 PM,1 hour,Donation,November–April; morning,"Hikkaduwa Beach, Coral Sanctuary, Galle Fort, Tsunami Museum, Narigama Beach","Hikka Tranz, Coral Sands Hotel, Citrus Hikkaduwa, Haritha Villas, Sapphire Seas","Mamas Coral Beach, Refresh Restaurant, Vibrations, Harbour Restaurant, Spaghetti & Co", 
70,Bentota Beach,Beach,Southern Province – Galle District,"6.4210° N, 79.9950° E","Bentota Beach is a famous luxury coastal destination known for golden sands, water sports, resorts, and the scenic Bentota River. It is one of Sri Lanka’s most developed beach tourism areas.","Bentota has a long history as a coastal settlement and trading area. Modern tourism development began in the 1960s when it was selected as one of Sri Lanka’s planned resort destinations, transforming it into a major international holiday location.",Natural coastal area developed as tourism zone,Modern tourism development from 1960s,Major coastal tourism destination famous for water sports and resorts.,"Water sports, lagoon cruises, beach activities, sunsets, Ayurveda resorts.",Open access,Half day–full day,Free,November–April; morning/evening,"Madu River, Brief Garden, Lunuganga Estate, Bentota Turtle Hatchery, Galle Fort","Taj Bentota Resort & Spa, Cinnamon Bentota Beach, Avani Bentota Resort, Centara Ceysands, The Surf Bentota","Amal Restaurant, Pier 88 River Bar, Malli’s Seafood Restaurant, Golden Grill, Aida Restaurant", 
71,Brief Garden,Garden,Southern Province – Kalutara District,"6.4047° N, 80.0208° E","Brief Garden is a beautifully landscaped private garden near Bentota, created with artistic designs, tropical plants, sculptures, and peaceful pathways. It is known for its unique blend of nature, architecture, and creativity.","Brief Garden was created by Bevis Bawa, a renowned Sri Lankan landscape artist and brother of architect Geoffrey Bawa. Development began in the 1920s, and over several decades he transformed the former rubber plantation into an artistic garden reflecting his personal style and creativity.",Designed by Bevis Bawa,Developed from 1929 onward,Historic tropical garden representing Sri Lankan landscape design and artistic heritage.,"Landscaped gardens, sculptures, artwork, tropical plants, villa interiors.",8:00 AM – 5:00 PM,1–2 hours,Approx. USD 5–10,November–April; morning,"Bentota Beach, Lunuganga Estate, Madu River, Richmond Castle, Kalutara Bodhiya","Taj Bentota Resort, Cinnamon Bentota Beach, Avani Bentota Resort, Centara Ceysands, The Surf Bentota","Amal Restaurant, Pier 88, Malli’s Seafood Restaurant, Golden Grill, Aida Restaurant", 
72,Lunuganga Estate,Garden,Southern Province – Galle District,"6.4300° N, 80.0100° E","Lunuganga Estate is a historic country estate and garden near Bentota designed by Sri Lanka’s famous architect Geoffrey Bawa. It combines tropical landscaping, architecture, art, and peaceful natural surroundings.",Geoffrey Bawa purchased the abandoned cinnamon estate in 1948 and gradually developed it into his personal retreat and experimental landscape project. The estate became an important influence on tropical modernist architecture and Sri Lankan design.,Designed by Geoffrey Bawa,Developed from 1948 onward,Heritage garden estate showcasing Sri Lanka’s modern architecture and landscape design.,"Garden landscapes, Geoffrey Bawa residence, sculptures, lake views, architecture.",9:00 AM – 5:00 PM,2–3 hours,Approx. USD 10–15,November–April; morning,"Bentota Beach, Brief Garden, Madu River, Richmond Castle, Kalutara Bodhiya","Lunuganga Estate Hotel, Taj Bentota, Cinnamon Bentota Beach, Avani Bentota, Centara Ceysands","Amal Restaurant, Pier 88, Malli’s Seafood, Golden Grill, Aida Restaurant", 
73,Madu River,Wetland,Southern Province – Galle District,"6.2825° N, 80.0833° E","Madu River is a scenic wetland ecosystem near Balapitiya known for mangrove forests, boat safaris, islands, and rich biodiversity. It is a popular eco-tourism destination on the southern coast.","The Madu River has traditionally supported fishing and local communities for generations. Conservation efforts increased after it was recognized as an important wetland ecosystem, protecting mangroves and wildlife habitats in the area.",Natural wetland ecosystem,Ancient natural formation,Important wetland ecosystem recognized for biodiversity and traditional fishing culture.,"Boat safari, mangrove forests, islands, wildlife, cinnamon cultivation.",7:00 AM – 5:00 PM,2–3 hours,Approx. USD 10–20 (boat tour),November–April; morning,"Bentota Beach, Brief Garden, Lunuganga Estate, Kosgoda Turtle Hatchery, Ambalangoda Mask Museum","Taj Bentota, Cinnamon Bentota Beach, Avani Bentota, Centara Ceysands, The Surf Bentota","Amal Restaurant, Pier 88, Malli’s Seafood, Golden Grill, Aida Restaurant", 
74,Richmond Castle,Mansion,Western Province – Kalutara District,"6.5875° N, 79.9825° E","Richmond Castle is a magnificent early 20th-century mansion near Kalutara, famous for its colonial architecture, gardens, and historical charm. It reflects the lifestyle of Sri Lankan elites during the colonial era.","Richmond Castle was built between 1900 and 1910 by Padikara Mudali Nanayakkara Rajawasala Appuhamilage Don Arthur de Silva Wijesinghe Siriwardena. Inspired by an Indian palace, the mansion was designed as a grand residence and later became a heritage attraction.",Built by Padikara Mudaliyar Don Arthur de Silva Wijesinghe Siriwardena,1910 AD,Colonial mansion showcasing early 20th-century Sri Lankan elite architecture.,"Mansion rooms, imported architecture, gardens, antique furniture.",8:00 AM – 4:00 PM,1 hour,Approx. USD 5,November–April; morning,"Kalutara Bodhiya, Bentota Beach, Madu River, Brief Garden, Lunuganga Estate","Anantara Kalutara Resort, Tangerine Beach Hotel, Avani Kalutara, Mermaid Hotel, Royal Palms Beach Hotel","Nathaliya Restaurant, Oasis Restaurant, Fresh Lobsters Restaurant, Red Lobster Restaurant, Feel Restaurant", 
75,Kalutara Bodhiya,Religious Site,Western Province – Kalutara District,"6.5850° N, 79.9600° E","Kalutara Bodhiya is one of Sri Lanka’s most sacred Buddhist sites, famous for its ancient Bodhi tree and white stupa near the Kalu River. It is an important pilgrimage stop on the western coast.",The Bodhi tree at Kalutara is believed to be a sapling connected to the sacred Sri Maha Bodhi in Anuradhapura. The site became a major Buddhist shrine and was developed further during the modern era with the construction of the Kalutara Chaitya in the 20th century.,Ancient Buddhist devotees; developed by kings and later restorations,Ancient origins; current shrine developed in modern period,One of Sri Lanka’s most sacred Buddhist pilgrimage sites.,"Bodhi tree, temple, stupa, religious ceremonies.",5:00 AM – 8:00 PM,1 hour,Free / Donation,Year-round; morning/evening,"Richmond Castle, Bentota Beach, Madu River, Gangaramaya Temple, Colombo","Anantara Kalutara, Tangerine Beach Hotel, Avani Kalutara, Royal Palms Beach Hotel, Mermaid Hotel","Nathaliya Restaurant, Oasis Restaurant, Red Lobster, Fresh Lobsters, Feel Restaurant", 
76,Gangaramaya Temple,Temple,Western Province – Colombo District,"6.9167° N, 79.8564° E","Gangaramaya Temple is one of Colombo’s most important Buddhist temples, combining traditional Sri Lankan, Thai, Indian, and Chinese architectural influences. It is famous for its museum, religious artifacts, and cultural activities.",The temple was founded in the late 19th century by Hikkaduwe Sri Sumangala Nayaka Thera. It developed from a small riverside temple into a major Buddhist learning centre and cultural institution under the guidance of later monks.,Founded by Ven. Hikkaduwe Sri Sumangala Nayaka Thera,Late 19th century (1885),"One of Colombo’s most important Buddhist temples combining religious, cultural, and educational roles.","Temple museum, Buddha statues, relics, architecture, Seema Malaka.",6:00 AM – 10:00 PM,1–2 hours,Approx. USD 5,Year-round; evening,"Beira Lake, Lotus Tower, Galle Face Green, National Museum, Viharamahadevi Park","Cinnamon Grand Colombo, Shangri-La Colombo, Galle Face Hotel, Hilton Colombo, Mövenpick Colombo","Ministry of Crab, Nihonbashi, The Gallery Cafe, Upali’s, Nuga Gama", 
77,Independence Memorial Hall,Monument,Western Province – Colombo District,"6.9025° N, 79.8697° E",Independence Memorial Hall is a national monument in Colombo built to commemorate Sri Lanka gaining independence from British rule. It is surrounded by gardens and represents national pride and freedom.,The monument was constructed between 1949 and 1953 after Sri Lanka gained independence on 4 February 1948. It was designed based on traditional Sri Lankan architectural styles and officially opened to honour the country’s independence movement.,Designed by Sri Lankan architects inspired by Kandyan architecture,Built 1949–1953,National monument commemorating Sri Lanka’s independence from British rule.,"Memorial hall, statues, museum, gardens, walking area.",9:00 AM – 5:00 PM,1 hour,Free,Year-round; evening,"National Museum, Viharamahadevi Park, Lotus Tower, Gangaramaya Temple, Colombo Fort","Cinnamon Grand, Shangri-La Colombo, Galle Face Hotel, Hilton Colombo, Mövenpick Colombo","Ministry of Crab, Nihonbashi, Upali’s, The Gallery Cafe, Nuga Gama", 
78,Galle Face Green,Urban Park,Western Province – Colombo District,"6.9271° N, 79.8428° E","Galle Face Green is a famous seaside urban park in Colombo popular for sunsets, public gatherings, walking, and street food. It is one of the city’s most recognizable coastal landmarks.","Galle Face Green was developed during the British colonial period in the 19th century. Originally used as a military parade ground and recreational area, it later became a public gathering space and an important location for national events.",Developed during British colonial period,1859 AD,Historic seaside promenade and major public gathering place in Colombo.,"Ocean views, sunset, street food, kite flying, walking path.",Open access,1–2 hours,Free,November–April; sunset (5:00–6:30 PM),"Colombo Fort, Lotus Tower, Gangaramaya Temple, National Museum, Dutch Hospital","Galle Face Hotel, Shangri-La Colombo, Cinnamon Grand, Hilton Colombo, Mövenpick Colombo","Ministry of Crab, Nihonbashi, The Lagoon, Upali’s, The Gallery Cafe", 
79,Lotus Tower,Observation Tower,Western Province – Colombo District,"6.9271° N, 79.8612° E","Lotus Tower is a modern telecommunications and observation tower in Colombo and one of South Asia’s tallest structures. It features observation decks, restaurants, and panoramic views of the city.",Construction of Lotus Tower began in 2012 and was completed in 2019 as a telecommunications and tourism development project. Its lotus-inspired design represents Sri Lanka’s national flower and cultural identity.,Built by Sri Lankan and Chinese engineering companies,Opened in 2019,Modern symbol of Sri Lanka’s technological development and communication infrastructure.,"Observation deck, city views, restaurants, LED displays, shopping areas.",9:00 AM – 10:00 PM,1–2 hours,Approx. USD 20,Year-round; evening/night,"Galle Face Green, Gangaramaya Temple, Beira Lake, National Museum, Independence Square","Shangri-La Colombo, Cinnamon Grand, Hilton Colombo, Galle Face Hotel, Mövenpick Colombo","Ministry of Crab, Nihonbashi, Upali’s, Nuga Gama, The Gallery Cafe", 
80,National Museum of Colombo,Museum,Western Province – Colombo District,"6.9056° N, 79.8608° E","National Museum of Colombo is Sri Lanka’s largest museum, housing important collections of ancient artefacts, royal objects, sculptures, manuscripts, and cultural treasures. It provides an overview of the island’s long history.",The museum was established in 1877 during British colonial rule by Governor Sir William Henry Gregory. It was created to preserve and display Sri Lanka’s archaeological and cultural heritage and has since become the country’s leading historical museum.,Founded by Sir William Henry Gregory,1877 AD,"Sri Lanka’s largest museum preserving national history, art, and cultural heritage.","Ancient artifacts, royal treasures, sculptures, manuscripts, paintings.",9:00 AM – 5:00 PM (closed Fridays),2–3 hours,Approx. USD 10,Year-round; morning,"Viharamahadevi Park, Gangaramaya Temple, Independence Hall, Lotus Tower, Galle Face Green","Cinnamon Grand, Shangri-La Colombo, Hilton Colombo, Galle Face Hotel, Mövenpick Colombo","Ministry of Crab, Nihonbashi, Upali’s, The Gallery Cafe, Nuga Gama", 
81,Viharamahadevi Park,Park,Western Province – Colombo District,"6.9136° N, 79.8611° E","Viharamahadevi Park is the largest public park in central Colombo, known for its green spaces, flowering trees, fountains, and peaceful walking paths. It is a popular recreational area located near the National Museum and Colombo City Hall.","The park was created during the British colonial period in the 19th century and was originally named Victoria Park after Queen Victoria. After Sri Lanka gained independence in 1956, it was renamed Viharamahadevi Park in honour of Queen Viharamahadevi, the mother of King Dutugemunu.",Developed by British colonial administration,Established in 1850s; renamed after Queen Viharamahadevi in 1958,Colombo’s oldest and largest public park representing urban heritage and recreation.,"Buddha statue, flowering gardens, walking paths, fountains, children’s areas.",6:00 AM – 6:00 PM,1–2 hours,Free,November–April; morning or evening,"National Museum, Gangaramaya Temple, Independence Memorial Hall, Lotus Tower, Colombo City Centre","Cinnamon Grand Colombo, Shangri-La Colombo, Hilton Colombo, Galle Face Hotel, Mövenpick Colombo","Ministry of Crab, Nihonbashi, Upali’s, Nuga Gama, The Gallery Cafe", 
82,Colombo Lighthouse,Lighthouse,Western Province – Colombo District,"6.9367° N, 79.8428° E","Colombo Lighthouse is a historic maritime landmark located near the Colombo Fort area, offering views of the harbour and Indian Ocean. It represents Sri Lanka’s long connection with maritime navigation and trade.",The current lighthouse was built in 1952 after the original Colombo lighthouse was affected by urban development. It was constructed by the Sri Lanka Ports Authority and continues to serve as a navigational aid for ships entering Colombo Harbour.,British colonial government,1952 AD (current lighthouse),Historic maritime navigation landmark of Colombo Port.,"Lighthouse structure, ocean views, naval monuments, coastal scenery.",Exterior access (restricted areas may apply),30 minutes,Free,November–April; sunset,"Galle Face Green, Colombo Fort, Dutch Hospital, Lotus Tower, Gangaramaya Temple","Galle Face Hotel, Shangri-La Colombo, Cinnamon Grand, Hilton Colombo, Mövenpick Colombo","Ministry of Crab, Nihonbashi, The Lagoon, Upali’s, The Gallery Cafe", 
83,Red Mosque (Jami Ul-Alfar Mosque),Religious Site,Western Province – Colombo District,"6.9392° N, 79.8500° E","The Red Mosque is one of Colombo’s most distinctive architectural landmarks, famous for its red-and-white striped design and unique Indo-Islamic style. It is located in the historic Pettah district.",The mosque was built in 1908 by the local Muslim community of Colombo as a place of worship for sailors and traders visiting the port. Its unusual design made it a recognizable landmark for ships approaching Colombo Harbour.,Built by Indian Muslim traders,1908–1909 AD,Historic mosque and architectural landmark of Colombo’s Muslim heritage.,"Red-and-white striped architecture, prayer hall, Pettah surroundings, photography.",10:00 AM – 5:00 PM (visitor access varies),30–60 minutes,Free,Year-round; morning/late afternoon,"Pettah Market, Colombo Fort, Dutch Hospital, Lotus Tower, Gangaramaya Temple","Hilton Colombo, Cinnamon Grand, Shangri-La Colombo, Galle Face Hotel, Mövenpick Colombo","Ministry of Crab, Nana’s Restaurant, Upali’s, The Lagoon, Nihonbashi", 
84,Kelaniya Raja Maha Vihara,Temple,Western Province – Gampaha District,"6.9553° N, 79.9215° E","Kelaniya Raja Maha Vihara is one of Sri Lanka’s most sacred Buddhist temples, famous for its ancient history, murals, and connection with Buddhist traditions. It is believed to be one of the places visited by the Buddha during his visits to Sri Lanka.","According to Buddhist chronicles, the Buddha visited Kelaniya during his third visit to Sri Lanka in the 6th century BC. The temple has been rebuilt and restored several times after destruction during invasions, with the present structure largely developed in the modern period.",Traditionally associated with King Yatthalatissa; restored by later kings,Ancient origins; major restoration in 20th century,"One of Sri Lanka’s most sacred Buddhist temples, associated with Buddha’s visit.","Temple murals, Buddha statues, stupa, religious ceremonies.",6:00 AM – 8:00 PM,1–2 hours,Free / Donation,Year-round; full moon days are significant,"Colombo Fort, Gangaramaya Temple, Lotus Tower, Dutch Hospital, Independence Hall","Cinnamon Grand Colombo, Hilton Colombo, Shangri-La Colombo, Galle Face Hotel, Pegasus Reef Hotel","The Fab, Nana’s Restaurant, Ministry of Crab, Upali’s, Nihonbashi", 
85,Mount Lavinia Beach,Beach,Western Province – Colombo District,"6.8333° N, 79.8650° E","Mount Lavinia Beach is one of Colombo’s most popular urban beaches, known for golden sands, swimming, seafood restaurants, and beautiful sunsets. It is a favourite coastal escape for both locals and visitors.","The area developed during the British colonial period and is associated with the legendary romance between Sir Thomas Maitland, the British Governor of Ceylon, and a local dancer named Lovina. The nearby Mount Lavinia Hotel was originally built as the governor’s mansion in the early 19th century.",Natural coastal area developed during colonial period,Colonial-era seaside resort development,Famous urban beach destination linked with colonial history.,"Beach walks, seafood restaurants, sunsets, swimming, nightlife.",Open access,Half day,Free,November–April; evening,"Colombo, Dehiwala Zoo, Galle Face Green, National Museum, Gangaramaya Temple","Mount Lavinia Hotel, Berjaya Hotel Colombo, The Steuart by Citrus, GSH Colombo, Morven Hotel","The Shore by O, Lavinia Breeze, La Voile Blanche, Barracuda Seafood & Grill, Governor’s Restaurant", 
86,Negombo Beach,Beach,Western Province – Gampaha District,"7.2097° N, 79.8380° E","Negombo Beach is a lively coastal destination famous for sandy shores, fishing culture, seafood, and proximity to Bandaranaike International Airport. It is one of Sri Lanka’s most visited beach towns.","Negombo has a long maritime history influenced by Portuguese, Dutch, and British colonial powers. The town became an important cinnamon trading centre during colonial times and later developed into a major tourism destination.",Natural coastal area,Traditional fishing settlement; developed as tourist destination,"Coastal town known for Catholic heritage, fishing culture, and beaches.","Beach, fishing boats, sunsets, seafood, lagoon tours.",Open access,Half day–full day,Free,November–April; sunset,"Dutch Fort Negombo, St. Mary’s Church, Muthurajawela Marsh, Fish Market, Angurukaramulla Temple","Jetwing Blue, Heritance Negombo, Jetwing Beach, Sentido Heritance Negombo, Goldi Sands Hotel","Lords Restaurant, Sea Joy Restaurant, King Coconut Restaurant, The Lagoon, Dolce Vita", 
87,"Dutch Fort, Negombo",Fort,Western Province – Gampaha District,"7.2083° N, 79.8367° E","Dutch Fort Negombo is a historic colonial fort located near the lagoon and coastline. Although only parts of the original structure remain, it represents the town’s colonial past.","The original fort was built by the Portuguese in the 17th century and captured by the Dutch in 1640. The Dutch rebuilt and expanded it as part of their coastal defence network, but much of it was later demolished during British rule for construction purposes.",Portuguese built; Dutch expanded,17th century,Colonial fort representing European maritime history in Negombo.,"Fort ruins, coastal views, old walls, nearby fishing area.",Open access,30–60 minutes,Free,November–April; evening,"Negombo Beach, St. Mary’s Church, Muthurajawela, Fish Market, Angurukaramulla Temple","Jetwing Blue, Heritance Negombo, Jetwing Beach, Goldi Sands, Sentido Heritance","Lords Restaurant, Sea Joy, King Coconut, The Lagoon, Dolce Vita", 
88,Muthurajawela Marsh,Wetland,Western Province – Gampaha District,"7.0667° N, 79.8500° E","Muthurajawela Marsh is one of Sri Lanka’s most important coastal wetlands, known for mangroves, birds, reptiles, and boat tours. It is a valuable ecosystem located near Negombo.",Muthurajawela has been a wetland ecosystem for centuries and historically supported agriculture and fishing communities. It was declared a sanctuary in 1996 to protect its biodiversity and conserve one of the island’s largest coastal marsh habitats.,Natural wetland ecosystem,Ancient natural formation,Important coastal wetland supporting biodiversity and traditional livelihoods.,"Boat tours, mangroves, birds, reptiles, wildlife photography.",7:00 AM – 5:00 PM,2–3 hours,Approx. USD 10–20 (boat tour),November–April; morning,"Negombo Beach, Dutch Fort, St. Mary’s Church, Fish Market, Colombo","Jetwing Blue, Heritance Negombo, Jetwing Beach, Goldi Sands, Sentido Heritance","Lords Restaurant, Sea Joy, King Coconut, The Lagoon, Dolce Vita", 
89,"St. Mary's Church, Negombo",Church,Western Province – Gampaha District,"7.2086° N, 79.8358° E","St. Mary’s Church is one of Sri Lanka’s largest Catholic churches, famous for its impressive architecture, religious artwork, and ceiling paintings. It reflects Negombo’s strong Catholic heritage.","Construction of the present church began in 1874 and was completed in 1922 during the British colonial period. It represents the long-standing influence of Catholicism in Negombo, which was introduced during Portuguese rule in the 16th century.",Built by Portuguese/Catholic community; expanded under colonial influence,19th century (current structure),One of Sri Lanka’s largest Catholic churches and an important religious landmark.,"Ceiling paintings, statues, architecture, religious festivals.",6:00 AM – 6:00 PM,30–60 minutes,Free,Year-round; morning,"Dutch Fort, Negombo Beach, Muthurajawela, Fish Market, Angurukaramulla Temple","Jetwing Blue, Heritance Negombo, Jetwing Beach, Goldi Sands, Sentido Heritance","Lords Restaurant, Sea Joy, King Coconut, The Lagoon, Dolce Vita", 
90,Pinnawala Elephant Orphanage,Wildlife Sanctuary,Sabaragamuwa Province – Kegalle District,"7.3000° N, 80.3833° E","Pinnawala Elephant Orphanage is a famous elephant conservation centre where visitors can observe rescued elephants, feeding sessions, and bathing activities. It is one of Sri Lanka’s most popular wildlife attractions.",The orphanage was established in 1975 by the Department of Wildlife Conservation to care for abandoned and injured elephants. It was later transferred to the Department of National Zoological Gardens and became an important elephant conservation and breeding facility.,Established by Sri Lankan Department of Wildlife Conservation,Founded in 1975,Conservation center for orphaned and injured elephants; major wildlife attraction.,"Elephant bathing, feeding sessions, elephant care, river views.",8:30 AM – 5:30 PM,2–3 hours,Approx. USD 20–25,January–April; morning feeding/bathing times,"Millennium Elephant Foundation, Kandy, Peradeniya Gardens, Ambuluwawa, Mawanella","Hotel Elephant Park, Cafe Pinnalanda Hotel, Elephant Bay Hotel, Maoya Retreat, The Grand Royal Hotel","Cafe Pinnalanda, Elephant View Restaurant, Hotel Elephant Park Restaurant, Avenra Garden Restaurant, Perera & Sons", 
91,Millennium Elephant Foundation,Wildlife Sanctuary,Sabaragamuwa Province – Kegalle District,"7.2820° N, 80.3830° E","Millennium Elephant Foundation is an elephant conservation and education centre near Pinnawala where visitors can learn about Asian elephants and their care. It focuses on responsible elephant welfare, rehabilitation, and awareness programs.",The foundation was established in 1999 on a private estate to provide care for captive elephants and promote ethical elephant tourism. It works with rescued and retired elephants while educating visitors about elephant conservation.,Founded by the Samarasinghe family,Established in 1999,Elephant conservation and welfare center focused on responsible elephant care.,"Elephant feeding, educational programs, walking with elephants, museum, conservation activities.",8:30 AM – 5:00 PM,2–3 hours,Approx. USD 20–30,January–April; morning,"Pinnawala Elephant Orphanage, Kandy, Peradeniya Gardens, Ambuluwawa Tower, Gadaladeniya Temple","Elephant Bay Hotel, Hotel Elephant Park, Maoya Retreat, The Grand Royal Hotel, Earl’s Regency Kandy","Cafe Pinnalanda, Elephant View Restaurant, Perera & Sons, Balaji Dosai, Senani Restaurant", 
92,Udawalawe National Park,National Park,Sabaragamuwa Province – Ratnapura District,"6.4750° N, 80.8880° E","Udawalawe National Park is one of Sri Lanka’s best wildlife parks, famous for large elephant populations, water buffalo, deer, crocodiles, and birds. It is especially popular for elephant safaris.",The park was established in 1972 to protect wildlife displaced by the construction of the Udawalawe Reservoir. It covers dry-zone forests and grasslands and has become one of Sri Lanka’s most successful elephant conservation areas.,Sri Lankan government,Established in 1972,Major wildlife reserve created to protect animals displaced by the Udawalawe Reservoir project.,"Elephant safaris, birds, deer, crocodiles, wildlife photography.",6:00 AM – 6:00 PM,Half day safari,Approx. USD 25–35 + jeep fees,May–September; morning (6:00–10:00 AM),"Udawalawe Reservoir, Elephant Transit Home, Bambarakanda Falls, Diyaluma Falls, Ratnapura","Grand Udawalawe Safari Resort, Athgira River Camping, Kalu’s Hideaway, Elephant Trail, Silent Bungalow","Athgira Restaurant, Wildlife Safari Restaurant, Ice Burge Restaurant, Green Park Restaurant, The Garlic Restaurant", 
93,Udawalawe Reservoir,Reservoir,Sabaragamuwa Province – Ratnapura District,"6.4780° N, 80.8930° E","Udawalawe Reservoir is a large man-made lake surrounded by scenic landscapes and wildlife habitats. It supports agriculture, local communities, and animals in the nearby national park.",The reservoir was created as part of the Walawe River development project in the 1960s and 1970s. It was built to provide irrigation water and support agricultural development in the southern dry zone.,Built by Sri Lankan government,Completed in 1969,Important irrigation project supporting agriculture and wildlife habitats.,"Scenic lake views, bird watching, boat views, sunset scenery.",Open access,1–2 hours,Free,May–September; sunset,"Udawalawe National Park, Elephant Transit Home, Ratnapura, Diyaluma Falls, Bambarakanda Falls","Grand Udawalawe Safari Resort, Athgira River Camping, Kalu’s Hideaway, Elephant Trail, Silent Bungalow","Athgira Restaurant, Wildlife Safari Restaurant, Ice Burge Restaurant, Green Park Restaurant, The Garlic Restaurant", 
94,Sinharaja Forest Reserve,Rainforest,Sabaragamuwa Province – Ratnapura District,"6.4000° N, 80.5000° E","Sinharaja Forest Reserve is Sri Lanka’s last major tropical rainforest and a UNESCO World Heritage Site. It is famous for endemic plants, birds, insects, and rich biodiversity.",Sinharaja has existed as a protected forest for centuries and was declared a forest reserve in 1875 during the colonial period. It became a UNESCO World Heritage Site in 1988 due to its exceptional biological importance and high number of endemic species.,Protected by Sri Lankan government,Protected since 1875; UNESCO World Heritage Site since 1988,Sri Lanka’s last major tropical rainforest and biodiversity hotspot.,"Rainforest trekking, endemic birds, waterfalls, wildlife, nature trails.",6:00 AM – 6:00 PM,4–6 hours,Approx. USD 10–20 + guide fees,January–April and July–September; morning,"Deniyaya, Kudawa, Maduwanwela Walawwa, Udawalawe, Ratnapura","Sinharaja Forest Edge, Rainforest Eco Lodge, Blue Magpie Lodge, Lavenro Hotel, Boulder Garden Hotel","Forest Edge Restaurant, Sinharaja Rest Restaurant, Eco Villa Restaurant, Lakmini Restaurant, Deniyaya Food Center", 
95,Knuckles Mountain Range,Mountain Range,Central Province – Matale District,"7.4500° N, 80.8000° E","Knuckles Mountain Range is a spectacular mountain wilderness area known for hiking trails, cloud forests, waterfalls, and traditional villages. It is a UNESCO World Heritage Site with outstanding natural beauty.",The Knuckles region has been protected for its unique biodiversity and cultural landscapes. It became part of the Central Highlands UNESCO World Heritage Site in 2010 and has long been valued by local communities for farming and traditional lifestyles.,Natural mountain ecosystem,Geological formation millions of years old,UNESCO World Heritage mountain region with unique biodiversity and cultural landscapes.,"Hiking, waterfalls, villages, viewpoints, cloud forests.",Open access (guide recommended),Full day–multi-day,Approx. USD 10–15 (permits may apply),January–April; morning starts,"Riverston, Sembuwatta Lake, Kandy, Wasgamuwa National Park, Matale","Simpson’s Forest Hotel, The Grand Mountain Hotel, Madulkelle Tea & Eco Lodge, Elkaduwa Rest House, The Riverston Grand","Cafe Aroma Inn, Slightly Chilled, Balaji Dosai, Riverston Restaurant, Matale Heritage Centre Restaurant", 
96,Arugam Bay,Beach,Eastern Province – Ampara District,"6.8400° N, 81.8350° E","Arugam Bay is one of the world’s most famous surfing destinations, located on Sri Lanka’s east coast. It is known for excellent waves, beaches, lagoons, and a relaxed coastal atmosphere.","Arugam Bay was historically a fishing village before developing into an international surfing destination. Tourism expanded significantly after the 1990s, and the area became a major centre for surf competitions and coastal travel.",Natural coastal area,Natural formation; developed as surf destination in modern era,Internationally recognized surfing destination and coastal tourism hub.,"Surfing, beaches, lagoons, wildlife, fishing villages.",Open access,Half day–several days,Free,May–September; morning surfing,"Pottuvil Lagoon, Kudumbigala Monastery, Muhudu Maha Viharaya, Kumana National Park, Panama Beach","Jetwing Surf, The Spice Trail, Arugam Bay Roccos, Kottukal Beach House, Blue Wave Hotel","Hideaway Resort Restaurant, Waves Restaurant, Gecko Restaurant, Arugam Bay Restaurant, Pizza Point", 
97,Nilaveli Beach,Beach,Eastern Province – Trincomalee District,"8.6917° N, 81.1895° E","Nilaveli Beach is a stunning white-sand beach near Trincomalee, known for clear waters, swimming, diving, and peaceful surroundings. It is one of Sri Lanka’s most beautiful east coast beaches.","Nilaveli has long been connected with fishing communities and the maritime history of Trincomalee. After the end of the civil conflict, tourism development increased, making it a popular international beach destination.",Natural coastal area,Natural formation,Famous east coast beach known for clear waters and marine tourism.,"Swimming, snorkeling, diving, beach relaxation, sunrise views.",Open access,Half day–full day,Free,April–September; morning,"Pigeon Island, Trincomalee, Koneswaram Temple, Marble Beach, Fort Frederick","Trinco Blu by Cinnamon, Anilana Nilaveli, Pigeon Island Beach Resort, Sea Lotus Park, Cardamon Hotel Nilaveli","Nero Kitchen, Fernando’s Bar, King’s Seafood Restaurant, Nature Inn, Nilaveli Beach Restaurant", 
98,Pigeon Island National Park,Marine National Park,Eastern Province – Trincomalee District,"8.7200° N, 81.2000° E","Pigeon Island National Park is a marine park famous for coral reefs, tropical fish, reef sharks, and crystal-clear waters. It is one of Sri Lanka’s best snorkeling and diving locations.","The island was declared a national park in 2003 to protect its coral ecosystems and marine biodiversity. It was previously used as a nesting area for rock pigeons, which gave the island its name.",Sri Lankan government,Declared marine national park in 2003,Important marine protected area preserving coral reefs and marine life.,"Snorkeling, coral gardens, reef sharks, turtles, beaches.",8:00 AM – 5:00 PM,3–5 hours,Approx. USD 15–25 + boat fees,April–September; morning,"Nilaveli Beach, Koneswaram Temple, Marble Beach, Fort Frederick, Trincomalee Harbour","Trinco Blu by Cinnamon, Anilana Nilaveli, Pigeon Island Beach Resort, Sea Lotus Park, Cardamon Hotel","Nero Kitchen, Fernando’s Bar, King’s Seafood, Nature Inn, Nilaveli Beach Restaurant", 
99,Koneswaram Temple,Hindu Temple,Eastern Province – Trincomalee District,"8.5792° N, 81.2335° E","Koneswaram Temple is an ancient Hindu temple located on Swami Rock in Trincomalee, overlooking the Indian Ocean. It is one of the most sacred Shiva temples among Hindus.",The temple has ancient origins dating back over two thousand years and is mentioned in historical Tamil sources. The original temple was destroyed by Portuguese forces in 1622 and later rebuilt by Hindu communities in the modern era.,Ancient Hindu rulers; rebuilt by Chola and later Tamil kings,Ancient origins; major rebuildings over centuries,One of Sri Lanka’s most important Hindu temples dedicated to Lord Shiva.,"Cliff-top temple, ocean views, Shiva shrine, Gokanna history, sculptures.",6:00 AM – 8:00 PM,1–2 hours,Free / Donation,April–September; morning or sunset,"Fort Frederick, Marble Beach, Nilaveli Beach, Pigeon Island, Trincomalee Harbour","Trinco Blu, Anilana Nilaveli, Welcombe Hotel, Sea Lotus Park, JKAB Beach Resort","Nero Kitchen, Anna Poorani Vegetarian Restaurant, Aqua Inn, Fernando’s Bar, Hotel Saravanabhavan", 
100,"Marble Beach, Trincomalee",Beach,Eastern Province – Trincomalee District,"8.6500° N, 81.2200° E","Marble Beach is a scenic coastal area near Trincomalee known for clear blue waters, soft sand, and peaceful surroundings. It is popular for swimming, relaxation, and photography.",The beach area was historically associated with naval activities because of Trincomalee’s strategic harbour. It later became accessible as a tourism destination due to its natural beauty and coastal development.,Sri Lanka Air Force developed beach area,Modern tourism development,Popular clean beach destination on Sri Lanka’s east coast.,"Swimming, snorkeling, coral views, sunsets, relaxation.",Open access,Half day,Free,April–September; morning/evening,"Koneswaram Temple, Fort Frederick, Nilaveli Beach, Pigeon Island, Trincomalee Harbour","Trinco Blu, Sea Lotus Park, Welcombe Hotel, JKAB Beach Resort, Anilana Nilaveli","Nero Kitchen, Aqua Inn, Fernando’s Bar, Nature Inn, Anna Poorani Restaurant", 
101,Ramboda Falls,Waterfall,Central Province – Nuwara Eliya District,"7.1458° N, 80.6733° E","Ramboda Falls is one of Sri Lanka’s most beautiful waterfalls, located among the tea-covered hills of Nuwara Eliya. It is known for its scenic surroundings and easy accessibility from the hill-country roads.",The waterfall has been part of the traditional hill-country landscape for centuries. It became widely known during the British colonial period when roads and tea plantations developed throughout the central highlands.,Natural waterfall,Geological formation,Scenic highland waterfall representing Sri Lanka’s natural beauty.,"Waterfall viewpoints, hiking, tea estates, photography.",Open access,1 hour,Free,January–April; morning,"Ramboda Tea Factory, Nuwara Eliya, Gregory Lake, Pedro Tea Estate, Hakgala Garden","Ramboda Falls Hotel, The Grand Hotel Nuwara Eliya, Heritance Tea Factory, Araliya Green Hills, Jetwing St Andrew’s","Ramboda Falls Restaurant, Grand Indian Restaurant, Salmiya Restaurant, Lake View Pub, De Silva Food Centre", 
102,Commonwealth War Cemetery (Kandy War Cemetery),War Cemetery / Historical Site / Memorial Site,Central Province – Kandy District,"7.3167° N, 80.6236° E",Kandy War Cemetery is a beautifully maintained military cemetery honouring Commonwealth soldiers who died during World War II and earlier conflicts. It is located in a peaceful garden setting near Kandy.,The cemetery was established during and after World War II to bury and commemorate Commonwealth military personnel who served in the region. It is maintained by the Commonwealth War Graves Commission as a memorial site.,Commonwealth War Graves Commission,Established after World War II,Memorial cemetery honoring Commonwealth soldiers who died during World War II.,"Landscaped cemetery, memorial stones, peaceful gardens, historical significance.",7:30 AM – 4:00 PM,30–45 minutes,Free,Year-round; morning,"Peradeniya Gardens, Temple of Tooth, Kandy Lake, Bahirawakanda Statue, Udawatta Kele","Earl’s Regency, Grand Kandyan, Cinnamon Citadel, Theva Residency, Amaya Hills","Balaji Dosai, The Empire Cafe, Cafe Secret Garden, Slightly Chilled, Senani Restaurant", 
103,Yapahuwa Rock Fortress,Rock Fortress / Historical Site,North Western Province – Kurunegala District,"7.8167° N, 80.3000° E",Yapahuwa Rock Fortress is a historic medieval capital built on a massive rock surrounded by impressive stone stairways and ruins. It is famous for its ornate entrance carvings and archaeological importance.,Yapahuwa became the capital of Sri Lanka in the 13th century under King Bhuvanekabahu I. The fortress was built to protect the Sacred Tooth Relic during a period of political instability before the capital moved to Kurunegala.,King Bhuvanekabahu I,13th century AD (1273–1284),Medieval royal capital and temporary home of the Sacred Tooth Relic.,"Stone staircase, lion entrance, palace ruins, fortress walls, museum.",8:00 AM – 5:00 PM,2–3 hours,Approx. USD 5–10,January–April; morning,"Yapahuwa Museum, Anuradhapura, Avukana Buddha, Kala Wewa, Panduwasnuwara","Yapahuwa Paradise Hotel, Ulpatha Resort, Heritage Hotel Anuradhapura, Rajarata Hotel, Avasta Resort","Yapahuwa Restaurant, Casserole Restaurant, Seedevi Restaurant, Milano Tourist Restaurant, Walkers Restaurant", 
104,Avukana Buddha Statue,Religious Site / Statue,North Central Province – Anuradhapura District,"8.0333° N, 80.5167° E",Avukana Buddha Statue is a magnificent standing Buddha statue carved from a single granite rock near Kekirawa. It is considered one of the finest examples of ancient Sri Lankan sculpture.,"The statue was created during the reign of King Dhatusena in the 5th century AD, according to historical tradition. Standing over 12 metres tall, it demonstrates the advanced artistic and engineering skills of the Anuradhapura period.",King Dhatusena (traditional attribution),5th century AD (Anuradhapura period),One of Sri Lanka’s finest ancient Buddha statues representing advanced stone carving.,"12m standing Buddha statue, ancient shrine, carvings, archaeological site.",8:00 AM – 5:00 PM,1 hour,Approx. USD 5,May–September; morning,"Kala Wewa, Anuradhapura, Mihintale, Ritigala, Aukana Village","Heritage Hotel Anuradhapura, Rajarata Hotel, Avasta Resort, The Sanctuary at Tissawewa, Miridiya Lake Resort","Seedevi Restaurant, Casserole Restaurant, Milano Restaurant, Walkers Restaurant, The Lakeside Restaurant", 
105,Aukana Kala Wewa,Reservoir / Ancient Irrigation Site,North Central Province – Anuradhapura District,"8.0333° N, 80.5000° E",Aukana Kala Wewa is an ancient reservoir located near the famous Avukana Buddha Statue. It represents the advanced irrigation technology developed by ancient Sri Lankan kingdoms.,Kala Wewa was built in the 5th century AD by King Dhatusena and was one of the largest irrigation reservoirs of ancient Sri Lanka. It played a major role in supporting agriculture and the prosperity of the Anuradhapura Kingdom.,King Dhatusena,5th century AD,Ancient irrigation reservoir linked with the construction of Avukana Buddha statue.,"Reservoir views, bird watching, scenic landscapes, ancient engineering.",Open access,1–2 hours,Free,May–September; sunrise/sunset,"Avukana Buddha, Anuradhapura, Ritigala, Mihintale, Dambulla","Heritage Hotel Anuradhapura, Rajarata Hotel, Avasta Resort, Miridiya Lake Resort, Aliya Resort","Seedevi Restaurant, Casserole Restaurant, Milano Tourist Restaurant, Walkers Restaurant, Athula Restaurant", 
106,Thanthirimale Raja Maha Viharaya,Temple / Religious Site,North Central Province – Anuradhapura District,"8.3833° N, 80.2333° E","Thanthirimale Raja Maha Viharaya is an ancient Buddhist temple complex located near Anuradhapura, famous for its rock carvings, caves, and peaceful surroundings. It is an important pilgrimage site with a history connected to the introduction of Buddhism in Sri Lanka.","According to tradition, Thanthirimale was visited by Sanghamitta Theri when she brought the sacred Bodhi tree sapling to Sri Lanka in the 3rd century BC. The site later developed into a monastery during the Anuradhapura period and contains ancient Buddha statues and inscriptions.",King Devanampiya Tissa (traditional association),3rd century BC origins; developed through Anuradhapura period,Ancient Buddhist monastery associated with early Buddhism and sacred relic traditions.,"Rock temple, Buddha statues, paintings, ancient ruins, Bodhi tree.",8:00 AM – 5:00 PM,1–2 hours,Donation / small fee,May–September; morning,"Anuradhapura, Wilpattu National Park, Mihintale, Giant’s Tank, Mannar Island","Heritage Hotel Anuradhapura, Rajarata Hotel, Avasta Resort, Miridiya Lake Resort, Four Points Mannar","Seedevi Restaurant, Casserole Restaurant, Mannar Rest House Restaurant, Milano Restaurant, Walkers Restaurant", 
107,Buduruwagala Temple,Temple / Religious Site,Uva Province – Monaragala District,"6.7500° N, 81.1000° E","Buduruwagala is an ancient rock temple near Wellawaya, famous for its massive standing Buddha statue and impressive Mahayana Buddhist sculptures carved into a rock face. It is surrounded by a peaceful forest environment.",Buduruwagala dates back to around the 9th–10th century AD during the later Anuradhapura period. The site reflects the influence of Mahayana Buddhism in Sri Lanka and contains some of the tallest ancient rock-carved Buddha figures on the island.,King Walagamba period (traditional attribution),Around 9th–10th century AD,Important Mahayana Buddhist site featuring Sri Lanka’s tallest standing Buddha carving.,"Giant Buddha statue, Bodhisattva figures, rock carvings, forest setting.",8:00 AM – 5:00 PM,1 hour,Approx. USD 3–5,January–April; morning,"Wellawaya, Diyaluma Falls, Ella, Ravana Falls, Yudaganawa Temple","EKHO Ella, 98 Acres Resort, Jetwing Kaduruketha, Mountain Heavens, Ella Flower Garden Resort","Cafe Chill, Matey Hut, AK Ristoro, Dream Cafe, One Love Restaurant", 
108,Maligawila Buddha Statue,Religious Site / Statue,Uva Province – Monaragala District,"6.8833° N, 81.2833° E",Maligawila Buddha Statue is a giant free-standing Buddha statue carved from limestone and considered one of Sri Lanka’s finest ancient sculptures. It is located near Monaragala in a historically important archaeological area.,"The statue was created during the reign of King Aggabodhi I in the 7th century AD. Standing over 14 metres tall, it represents the artistic achievements of the Anuradhapura period and was later restored by the Department of Archaeology.",King Aggabodhi I (traditional attribution),7th century AD,One of Sri Lanka’s largest free-standing ancient Buddha statues.,"14.5m Buddha statue, archaeological ruins, ancient monastery remains.",8:00 AM – 5:00 PM,1 hour,Approx. USD 3–5,January–April; morning,"Yudaganawa Temple, Kataragama, Moneragala, Buttala, Buduruwagala","Jetwing Kaduruketha, Mandara Rosen, Hotel Moneragala, Grand Udawalawe Resort, Elephant Reach","The Flavors Restaurant, Tissa Lake Restaurant, Green Hut Restaurant, local Moneragala restaurants, Chef Lady Restaurant", 
109,Dambadeniya Ancient Kingdom,Ancient City / Historical Site,North Western Province – Kurunegala District,"7.4667° N, 80.0000° E","Dambadeniya was a medieval capital of Sri Lanka known for royal ruins, temples, and archaeological remains. It played an important role after the decline of Polonnaruwa.","Dambadeniya became the capital in the 13th century under King Vijayabahu III after invasions forced the kingdom to move from Polonnaruwa. King Parakramabahu II later developed the city as a centre of administration, literature, and Buddhism.",King Vijayabahu III,13th century AD (1232–1272),Former medieval capital protecting the Sacred Tooth Relic during political conflicts.,"Palace ruins, temple, rock fortress, archaeological museum.",8:00 AM – 5:00 PM,Approx. USD 3–5,January–April; morning,"Yapahuwa, Panduwasnuwara, Kurunegala, Athugala Rock, Ridi Viharaya","Kandyan Reach Hotel, Earl’s Regency Kandy, The Grand Kandyan, Hotel Topaz, Kurunegala hotels","Saruketha Restaurant, The Hangout, Kandy restaurants, Kurunegala Food Court, local cafes",, 
110,Panduwasnuwara Kingdom,Ancient City / Archaeological Site,North Western Province – Kurunegala District,"7.7000° N, 80.0500° E","Panduwasnuwara is an ancient archaeological site containing palace ruins, monasteries, temples, and defensive structures. It provides insight into Sri Lanka’s medieval kingdoms.","Panduwasnuwara served as a temporary capital during the 12th century under King Parakramabahu I before he established Polonnaruwa as the main centre. The site contains remains from several historical periods, including monasteries and royal buildings.",King Parakramabahu II (association),12th–13th century AD,Historic medieval capital with important archaeological remains.,"Palace ruins, monastery ruins, ancient buildings, museum.",8:00 AM – 5:00 PM,Approx. USD 3–5,January–April; morning,"Dambadeniya, Yapahuwa, Athugala Rock, Kurunegala, Ridi Viharaya","Kandyan Reach Hotel, Hotel Topaz, Earl’s Regency, The Grand Kandyan, Kurunegala hotels","Saruketha Restaurant, The Hangout, local Kurunegala restaurants, Kandy restaurants, cafes",, 
111,Arankele Monastery,Monastery / Archaeological Site,North Western Province – Kurunegala District,"7.6500° N, 80.3500° E","Arankele is an ancient forest monastery famous for meditation paths, stone bathing ponds, caves, and monastic ruins. It represents the peaceful lifestyle of forest-dwelling Buddhist monks.","Arankele developed during the Anuradhapura period, especially around the 6th–8th centuries AD. It was a centre for Pansakulika monks who followed strict meditation practices and lived a simple forest-based monastic life.",Ancient Buddhist monks,6th century AD onward,Ancient forest monastery famous for meditation traditions.,"Meditation paths, ruins, stone bridges, caves, forest environment.",8:00 AM – 5:00 PM,2 hours,Approx. USD 3–5,January–April; morning,"Kurunegala, Athugala Rock, Dambadeniya, Yapahuwa, Ridi Viharaya","Kandyan Reach Hotel, Hotel Topaz, The Grand Kandyan, Earl’s Regency, Maho hotels","Saruketha Restaurant, local Kurunegala restaurants, Kandy restaurants, cafes, food courts", 
112,Ridi Viharaya,Temple / Religious Site,North Western Province – Kurunegala District,"7.7167° N, 80.4500° E","Ridi Viharaya is an ancient Buddhist temple near Kurunegala known for cave temples, murals, carvings, and religious artefacts. It is one of Sri Lanka’s important historic pilgrimage sites.","The temple was built by King Dutugemunu in the 2nd century BC after silver ore was discovered at the site, which helped fund the construction of the Ruwanwelisaya Stupa. The king established the temple to commemorate this discovery and support Buddhism.",King Dutugemunu (traditional attribution),2nd century BC,Sacred Buddhist temple associated with silver ore and ancient royal patronage.,"Cave temple, murals, Buddha statues, stone carvings, monastery ruins.",8:00 AM – 5:00 PM,Donation,January–April; morning,"Kurunegala, Arankele, Athugala Rock, Dambadeniya, Yapahuwa","Kandyan Reach Hotel, Hotel Topaz, The Grand Kandyan, Earl’s Regency, Kurunegala hotels","Saruketha Restaurant, local Kurunegala restaurants, Kandy cafes, food courts, restaurants",, 
113,Athugala Rock,Rock / Viewpoint,North Western Province – Kurunegala District,"7.4867° N, 80.3647° E","Athugala Rock is a giant elephant-shaped rock overlooking Kurunegala city, featuring a large Buddha statue and panoramic views. It is a popular viewpoint and cultural landmark.","The rock has long been associated with local legends and the history of Kurunegala, which served as a medieval capital in the 13th–14th centuries. The modern Buddha statue was built to enhance the religious significance of the location.",Natural rock formation; developed as cultural site,Ancient geological formation,Popular viewpoint and religious landmark overlooking Kurunegala.,"Buddha statue, city views, sunset viewpoint, walking trail.",6:00 AM – 7:00 PM,Free,January–April; sunset,"Kurunegala Lake, Ridi Viharaya, Dambadeniya, Arankele, Yapahuwa","Kandyan Reach Hotel, Hotel Topaz, Earl’s Regency, The Grand Kandyan, Kurunegala hotels","Saruketha Restaurant, The Hangout, local Kurunegala restaurants, cafes, food courts",, 
114,Yapahuwa Museum,Museum,North Western Province – Kurunegala District,"7.8160° N, 80.3000° E","Yapahuwa Museum displays archaeological discoveries from the Yapahuwa Rock Fortress, including ancient artefacts, sculptures, and inscriptions. It helps visitors understand the medieval history of the site.",The museum was established by the Department of Archaeology to preserve and display findings from Yapahuwa excavations. The artefacts provide evidence of the fortress’s importance as a royal capital during the 13th century.,Department of Archaeology,Established after archaeological excavations,Displays artifacts from Yapahuwa’s medieval kingdom.,"Ancient coins, sculptures, pottery, archaeological exhibits.",8:00 AM – 5:00 PM,Included/low fee with site ticket,January–April; morning,"Yapahuwa Fortress, Avukana Buddha, Kala Wewa, Anuradhapura, Panduwasnuwara","Yapahuwa Paradise Hotel, Heritage Hotel, Rajarata Hotel, Avasta Resort, Miridiya Lake Resort","Yapahuwa Restaurant, Seedevi Restaurant, Casserole Restaurant, Milano Restaurant, Walkers Restaurant",, 
115,Manavari Temple,Temple / Religious Site,North Western Province – Puttalam District,"7.4167° N, 79.8500° E","Manavari Temple is an important Hindu shrine near Chilaw, believed to be the first temple built by Lord Rama according to Ramayana traditions. It is dedicated to Lord Shiva.","According to Hindu tradition, Lord Rama installed a Shiva Lingam at Manavari after defeating King Ravana. Although the connection is based on religious belief, the temple has become an important pilgrimage site for devotees following the Ramayana trail in Sri Lanka.",King Ravana legend; developed by Hindu devotees,Considered one of the Ramayana-related Hindu pilgrimage sites.,"Shiva Lingam shrine, temple rituals, religious architecture.",6:00 AM – 6:00 PM,1 hour,Donation,January–April; morning,"Munneswaram Temple, Chilaw Beach, Anawilundawa Wetland, Negombo, St Anne’s Shrine","Anantaya Resort Chilaw, Carolina Beach Resort, Jetwing Blue, Heritance Negombo, Jetwing Beach","Sea Food Palace, The Lagoon, Lords Restaurant, local Chilaw restaurants, Dolce Vita",, 
116,Munneswaram Temple,Temple / Religious Site,North Western Province – Puttalam District,"7.5667° N, 79.8667° E","Munneswaram Temple is one of Sri Lanka’s oldest Hindu temples, dedicated mainly to Lord Shiva. It is famous for its annual festivals and religious importance among Hindu communities.","The temple is believed to have ancient origins dating back over a thousand years, with traditions connecting it to the Ramayana period. It was damaged and rebuilt several times during Portuguese and later colonial periods but continued as a major Hindu centre.",Ancient Hindu rulers; renovated by later kings,One of Sri Lanka’s oldest Hindu temples dedicated to Lord Shiva.,"Shiva shrine, temple towers, festivals, sculptures.",6:00 AM – 8:00 PM,1–2 hours,Donation,July–August festival season; morning/evening,"Manavari Temple, Chilaw Beach, St Anne’s Shrine, Negombo, Muthurajawela","Anantaya Resort Chilaw, Carolina Beach Resort, Jetwing Blue, Heritance Negombo, Jetwing Beach","Sea Food Palace, Lords Restaurant, The Lagoon, Dolce Vita, local Chilaw restaurants",, 
117,St. Anne's Shrine Talawila,Church / Religious Site,North Western Province – Puttalam District,"8.0333° N, 79.7500° E","St. Anne’s Shrine in Talawila is one of Sri Lanka’s most important Catholic pilgrimage sites, located along the western coastline. It attracts thousands of devotees during annual religious festivals.","The shrine’s origins date back several centuries, with traditions linking it to a miraculous discovery of a statue of St. Anne by fishermen. The present church developed during the Portuguese and later colonial periods as Catholic devotion expanded in the region.",Portuguese missionaries,17th century onward,Major Catholic pilgrimage church dedicated to St. Anne.,"Church, religious ceremonies, annual festival, beach surroundings.",1–2 hours,Free,February–March and July–August festivals,"Kalpitiya Beach, Wilpattu, Dutch Fort Kalpitiya, Anawilundawa, Negombo","Bar Reef Resort, Palagama Beach, Dolphin Beach Resort, Jetwing Lagoon, Anantaya Resort","Tuna & Crab Restaurant, Lagoon Restaurant, local seafood restaurants, Kalpitiya cafes, beach restaurants",, 
118,Kalpitiya Beach,Beach,North Western Province – Puttalam District,"8.2333° N, 79.7667° E","Kalpitiya Beach is a beautiful coastal destination famous for dolphin watching, kite surfing, lagoons, and marine activities. It offers a mix of adventure tourism and peaceful beach experiences.","Kalpitiya has a long maritime history influenced by Arab, Portuguese, and Dutch traders. The area developed as a tourism destination in recent decades due to its unique lagoon ecosystem and water sports opportunities.",Natural coastal area,Important marine tourism destination famous for dolphins and kitesurfing.,"Dolphin watching, kitesurfing, lagoons, beaches, coral reefs.",Open access,Half day–multiple days,Free (activities extra),November–March; morning dolphin tours,"St Anne’s Shrine, Dutch Fort Kalpitiya, Wilpattu National Park, Bar Reef, Anawilundawa Wetland","Bar Reef Resort, Palagama Beach, Dolphin Beach Resort, Salt Bay Kite Resort, Ruins Villa","Tuna & Crab Restaurant, The Crab Shack, Kalpitiya Seafood Restaurant, Kite House Cafe, local beach restaurants",, 
119,Wilpattu Visitor Centre,Visitor Centre / National Park Facility,North Western Province – Puttalam District,"8.3833° N, 80.0000° E","Wilpattu Visitor Centre provides information about Sri Lanka’s largest national park, including wildlife, conservation, and safari guidance. It serves as the starting point for visitors exploring the park.","The visitor centre was developed as part of modern wildlife conservation management at Wilpattu National Park. It supports education and awareness about protecting the park’s forests, lakes, and wildlife species.",Department of Wildlife Conservation,Modern facility developed after national park establishment,Provides education and information about Wilpattu wildlife conservation.,"Exhibits, safari information, maps, wildlife displays, orientation area.",6:00 AM – 6:00 PM,30–60 minutes,Included with park entry,February–October; morning before safari,"Wilpattu National Park, Anuradhapura, Puttalam Lagoon, Kalpitiya, Thanthirimale Temple","Big Game Wilpattu, Wilpattu Safari Camp, Thimbiri Wewa Resort, Rajarata Hotel, Avasta Resort","Wilpattu Safari Camp Restaurant, Seedevi Restaurant, Casserole Restaurant, Milano Restaurant, local Puttalam restaurants", 
120,Kumana National Park,National Park,Eastern Province – Ampara District,"5.9500° N, 81.7500° E","Kumana National Park is a famous wildlife sanctuary on Sri Lanka’s southeast coast, especially known for bird watching and wetlands. It is one of the country’s most important bird habitats.",Kumana was declared a wildlife sanctuary in 1938 and later became a national park in 2006. The park’s Kumana Villu wetland attracts thousands of migratory birds and has long been important for conservation and eco-tourism.,Sri Lankan government,Declared wildlife sanctuary in 1938; national park in 2006,Important bird sanctuary and wetland ecosystem on Sri Lanka’s southeast coast.,"Bird watching, lagoons, elephants, crocodiles, safari trails.",6:00 AM – 6:00 PM,3–5 hours safari,Approx. USD 25–35 + jeep fees,May–September; morning safari,"Arugam Bay, Panama Beach, Kudumbigala Monastery, Okanda Temple, Lahugala National Park","Jetwing Surf, Blue Wave Hotel Arugam Bay, The Spice Trail, Kottukal Beach House, Arugam Bay Roccos","Hideaway Restaurant, Gecko Restaurant, Waves Restaurant, Arugam Bay Restaurant, Pizza Point", 
121,Gal Oya National Park,National Park,Eastern Province – Ampara District,"7.0000° N, 81.3333° E","Gal Oya National Park is a beautiful wildlife reserve in eastern Sri Lanka, famous for elephants, forests, islands, and boat safaris on Senanayake Samudraya. It offers one of the country’s most unique safari experiences.","The park was established in 1954 to protect the catchment area of the Gal Oya Reservoir. It became an important conservation area after the Gal Oya development project, which transformed the region through irrigation and agriculture.",Sri Lankan government,Established in 1954,Unique national park famous for boat safaris and biodiversity.,"Senanayake Samudraya boat safari, elephants swimming, islands, birds.",6:00 AM – 6:00 PM,Half day,Approx. USD 25–35 + safari fees,March–September; morning,"Senanayake Samudraya, Dighavapi Temple, Ampara, Kumana, Lahugala","Gal Oya Lodge, The Explorer by Mahoora, Hotel Ampara, Monty Guest House, Araliya Resort","Gal Oya Lodge Restaurant, Green Heritage Restaurant, local Ampara restaurants, Hotel restaurants, village cafes", 
122,Senanayake Samudraya,Reservoir / Lake,Eastern Province – Ampara District,"7.0500° N, 81.3500° E","Senanayake Samudraya is Sri Lanka’s largest reservoir, surrounded by mountains, islands, and wildlife habitats. It is a scenic destination for boat rides, fishing, and nature experiences.","The reservoir was created in 1951 as part of the Gal Oya Development Scheme under the leadership of Prime Minister D. S. Senanayake. It was built across the Gal Oya River to support irrigation, agriculture, and rural development.",Built under the Gal Oya Development Scheme,Completed in 1948,Largest reservoir in Sri Lanka and important irrigation landmark.,"Boat rides, islands, wildlife viewing, sunsets, fishing villages.",7:00 AM – 5:00 PM,2–3 hours,Boat fees apply,March–September; sunrise/sunset,"Gal Oya National Park, Dighavapi Temple, Ampara, Lahugala, Kumana","Gal Oya Lodge, Hotel Ampara, Monty Guest House, local eco lodges, Araliya Resort","Gal Oya Lodge Restaurant, Green Heritage Restaurant, Ampara restaurants, village cafes, hotel restaurants",
123,Lahugala National Park,National Park,Eastern Province – Ampara District,"6.9500° N, 81.3500° E","Lahugala National Park is a small but important wildlife reserve famous for elephants, reservoirs, and birdlife. It is one of the best places in eastern Sri Lanka to observe elephants gathering around wetlands.",The area was declared a wildlife sanctuary in 1966 and upgraded to a national park in 1980. It protects the ecosystems surrounding ancient irrigation tanks such as Lahugala and Mahawewa.,Sri Lankan government,National park declared in 1980,Important elephant habitat and dry-zone ecosystem.,"Elephant herds, reservoirs, birds, wildlife safaris.",6:00 AM – 6:00 PM,3 hours,Approx. USD 20–30 + safari fees,May–September; afternoon safari,"Kumana, Arugam Bay, Gal Oya, Muhudu Maha Viharaya, Panama","Blue Wave Hotel, Jetwing Surf, The Spice Trail, Kottukal Beach House, Arugam Bay Roccos","Gecko Restaurant, Hideaway Restaurant, Waves Restaurant, Pizza Point, Arugam Bay Restaurant",
124,Deegawapiya Raja Maha Viharaya,Temple / Religious Site,Eastern Province – Ampara District,"7.0000° N, 81.5667° E","Deegawapiya Raja Maha Viharaya is an ancient Buddhist pilgrimage site in eastern Sri Lanka, believed to be connected with the Buddha’s visits to the island. It is known for its historic stupa and religious importance.","According to Buddhist chronicles, the Buddha visited Deegawapiya during his third visit to Sri Lanka. King Saddhatissa built the Deegawapiya Stupa in the 2nd century BC, and it became an important religious centre in the ancient Ruhuna region.",King Saddhatissa (traditional attribution),2nd century BC,Sacred Buddhist site believed to have been blessed by Buddha.,"Ancient stupa, ruins, meditation areas, religious ceremonies.",6:00 AM – 6:00 PM,1 hour,Donation,Year-round; morning,"Gal Oya National Park, Senanayake Samudraya, Ampara, Lahugala, Kumana","Gal Oya Lodge, Hotel Ampara, Monty Guest House, Arugam Bay hotels, eco lodges","Ampara restaurants, Gal Oya Lodge Restaurant, Green Heritage Restaurant, village cafes, hotel restaurants",
125,Nallur Kandaswamy Temple,Temple / Religious Site,Northern Province – Jaffna District,"9.6680° N, 80.0180° E","Nallur Kandaswamy Temple is one of the most sacred Hindu temples in Sri Lanka, dedicated to Lord Murugan. It is famous for its colourful architecture, rituals, and annual festival.","The original Nallur temple was established in the 10th century, while the present structure was rebuilt in 1734 during the Dutch colonial period by Ragunatha Maapaana Mudaliyar. It became the spiritual centre of Tamil Hindu culture in Jaffna.",Hindu rulers of Jaffna Kingdom,Originally 10th century; current temple rebuilt in 18th century,One of Sri Lanka’s most important Hindu temples dedicated to Lord Murugan.,"Golden temple tower, rituals, annual festival, architecture.",5:00 AM – 12:00 PM & 4:00 PM – 9:00 PM,Free / Donation,July–August festival season; evening,"Jaffna Fort, Jaffna Library, Nagadeepa, Delft Island, Point Pedro","Jetwing Jaffna, The Thinnai, North Gate Hotel, Jaffna Heritage Hotel, Tilko City Hotel","Malayan Cafe, Mangoes Restaurant, Malayan Cafe, Rio Ice Cream, Nallur Bhavan",,
126,Jaffna Fort,Fort / Historical Site,Northern Province – Jaffna District,"9.6625° N, 80.0125° E","Jaffna Fort is a historic coastal fortress located near the Jaffna Lagoon, known for its massive walls and colonial architecture. It is one of the best-preserved examples of European military construction in northern Sri Lanka.","The Portuguese built the original fort in 1618, and the Dutch captured and expanded it in 1680. Later used by the British and affected during the Sri Lankan civil conflict, it has undergone restoration as a heritage site.",Portuguese; expanded by Dutch,Built 1618; expanded in 17th century,Colonial fortress representing European influence in northern Sri Lanka.,"Fort walls, moat, churches, sea views, ruins.",8:00 AM – 6:00 PM,Approx. USD 5,January–September; evening,"Nallur Temple, Jaffna Library, Delft Island, Nagadeepa, Point Pedro","Jetwing Jaffna, The Thinnai, North Gate Hotel, Tilko City Hotel, Jaffna Heritage Hotel","Mangoes Restaurant, Malayan Cafe, Rio Ice Cream, Nallur Bhavan, Green Grass Hotel Restaurant",,
127,Nagadeepa Purana Vihara,Temple / Religious Site,Northern Province – Jaffna District,"9.6167° N, 79.7667° E","Nagadeepa Purana Vihara is a sacred Buddhist temple located on Nainativu Island, believed to be one of the places visited by the Buddha. It is an important pilgrimage destination for Buddhists.","According to Buddhist chronicles, the Buddha visited Nagadeepa in the 5th year after enlightenment to settle a dispute between two Naga kings. The temple has been rebuilt and maintained through centuries of Buddhist devotion.",Ancient Buddhist devotees,Ancient period; associated with Buddha’s visit according to tradition,"Buddhist temple, stupa, sacred Bo tree, island pilgrimage.","Temple shrine, stupa, sea views, boat journey.",7:00 AM – 6:00 PM,Donation,January–September; morning,"Nainativu Hindu Temple, Jaffna Fort, Delft Island, Nagadeepa Island, Jaffna Library","Jetwing Jaffna, The Thinnai, North Gate Hotel, Tilko City Hotel, Jaffna Heritage Hotel","Mangoes Restaurant, Malayan Cafe, Rio Ice Cream, Nallur Bhavan, Green Grass",,
128,Nagadeepa Hindu Temple (Nainativu),Hindu Temple / Religious Site,Northern Province – Jaffna District,"9.6167° N, 79.7667° E","Nagadeepa Hindu Temple, also known as Nagapooshani Amman Temple, is a major Hindu shrine dedicated to Goddess Parvati. It is famous for its colourful architecture and annual festivals.",The temple has ancient roots connected with Hindu traditions of Nainativu Island. It has been rebuilt several times after destruction during historical conflicts and remains an important pilgrimage centre for Tamil Hindus.,Ancient Hindu devotees,Ancient origins; rebuilt through centuries,Sacred Hindu temple dedicated to Goddess Nagapooshani Amman.,"Temple towers, festivals, sculptures, island pilgrimage.",6:00 AM – 8:00 PM,Donation,June–July festival period; morning,"Nagadeepa Vihara, Jaffna Fort, Delft Island, Nallur Temple, Point Pedro","Jetwing Jaffna, The Thinnai, North Gate Hotel, Tilko City Hotel, Jaffna Heritage Hotel","Mangoes Restaurant, Malayan Cafe, Rio Ice Cream, Nallur Bhavan, Green Grass",,
129,Delft Island,Island / Historical Site,Northern Province – Jaffna District,"9.5167° N, 79.6833° E","Delft Island is a unique island near Jaffna known for wild horses, coral walls, colonial ruins, and a peaceful traditional lifestyle. It offers visitors a glimpse into northern Sri Lanka’s island heritage.","Delft was controlled by Portuguese, Dutch, and British colonial powers due to its strategic location. The Dutch named it after the Dutch city of Delft and introduced horses to the island, whose descendants still live there today.","Portuguese, Dutch, and British colonial influence",Historic island with ancient settlements and colonial heritage.,"Wild horses, Delft Fort, Baobab tree, coral walls, beaches.",8:00 AM – 5:00 PM,Full day,Boat + entry fees apply,January–September; morning ferry,"Delft Fort, Baobab Tree, Jaffna Fort, Nagadeepa, Point Pedro","Jetwing Jaffna, The Thinnai, North Gate Hotel, Tilko City Hotel, Jaffna Heritage Hotel","Jaffna town restaurants, Mangoes Restaurant, Malayan Cafe, Rio Ice Cream, local seafood restaurants",,
130,Point Pedro Lighthouse,Lighthouse,Northern Province – Jaffna District,"9.8167° N, 80.2333° E",Point Pedro Lighthouse is a historic coastal lighthouse located at Sri Lanka’s northernmost point. It provides scenic views of the Indian Ocean and represents the island’s maritime heritage.,The lighthouse was constructed during the British colonial period in the late 19th century to assist navigation along the northern coastline. Point Pedro was historically an important maritime location for trade and shipping.,British colonial government,1916 AD,Historic northern coastal navigation landmark.,"Lighthouse views, coastline, northernmost point scenery.",Exterior access,Free,January–September; sunset,"Point Pedro beach, Nallur Temple, Jaffna Fort, Delft Island, Nagadeepa","Jetwing Jaffna, The Thinnai, North Gate Hotel, Tilko City Hotel, Jaffna Heritage Hotel","Mangoes Restaurant, Malayan Cafe, Rio Ice Cream, Nallur Bhavan, Green Grass",,
131,Baobab Tree Mannar,Natural Landmark,Northern Province – Mannar District,"8.9667° N, 79.9167° E",The Baobab Tree of Mannar is an unusual ancient tree believed to have been introduced through maritime connections. Its massive trunk and unique appearance make it one of Mannar’s most famous landmarks.,"The tree is believed to have been brought to Sri Lanka by Arab traders centuries ago, possibly as a source of food and water storage. It reflects Mannar’s long history as a major Indian Ocean trading centre.",Natural tree species introduced historically by Arab traders,Hundreds of years old,Unique natural landmark representing Mannar’s multicultural history.,"Giant baobab tree, photography, coastal scenery.",Open access,Free,January–September; morning/evening,"Mannar Fort, Adam’s Bridge, St. Anne’s Shrine, Talaimannar Pier, Madhu Church","Hotel Agape, Pearl Rest, Four Tees Inn, Mannar Rest House, local guesthouses","Mannar Rest House Restaurant, Pearl Restaurant, local seafood restaurants, cafes, hotel restaurants",,
132,Adam's Bridge (Rama Setu),Natural Landmark / Historical Site,Northern Province – Mannar District,"9.1000° N, 79.5167° E","Adam’s Bridge is a chain of limestone shoals between Sri Lanka and India, visible from the Mannar region. It is associated with religious traditions in both Hindu and Islamic cultures.","Ancient Indian texts such as the Ramayana describe the formation as a bridge built by Lord Rama, while Islamic traditions associate it with Adam. Geological studies identify it as a natural formation of sandbanks and limestone deposits.",Natural limestone shoals,Geological formation; ancient references in Hindu tradition,Chain of sandbanks between India and Sri Lanka.,"Coastal views, photography, pilgrimage interest.",Daylight recommended,Free,January–September; sunset,"Talaimannar Pier, Baobab Tree, Mannar Fort, Delft Island, St Anne’s Shrine","Hotel Agape, Pearl Rest, Four Tees Inn, Mannar Rest House, local guesthouses","Mannar Rest House Restaurant, Pearl Restaurant, seafood restaurants, cafes, hotel restaurants",,
133,Maduru Oya National Park,National Park,Eastern Province – Batticaloa District,"7.7000° N, 81.2000° E","Maduru Oya National Park is a large wildlife reserve known for elephants, forests, reservoirs, and diverse wildlife. It forms part of Sri Lanka’s protected dry-zone ecosystem.",The park was established in 1983 as part of the Mahaweli Development Programme to protect wildlife habitats affected by development activities. It contains ancient irrigation structures and important cultural sites.,Sri Lankan government,Established in 1983,Wildlife sanctuary protecting dry-zone biodiversity and ancient settlements.,"Elephants, reservoirs, wildlife safaris, forests.",6:00 AM – 6:00 PM,Approx. USD 20–30 + safari fees,May–September; morning,"Mahiyanganaya, Sorabora Wewa, Gal Oya, Wasgamuwa, Dambana","Mapakada Village, Sorabora Gedara, local eco lodges, Kandy hotels, Mahiyanganaya hotels","Local Mahiyanganaya restaurants, eco lodge restaurants, village cafes, hotel restaurants, food stalls",,
134,Batticaloa Fort,Fort / Historical Site,Eastern Province – Batticaloa District,"7.7167° N, 81.7000° E",Batticaloa Fort is a historic coastal fortress located on an island surrounded by lagoons. It is known for its colonial architecture and connection to Batticaloa’s trading history.,"The Portuguese built the fort in 1628, and it was captured and expanded by the Dutch in 1638. The British later used it for administrative purposes before it became a heritage monument.",Portuguese; expanded by Dutch,Built 1628; colonial heritage site,"Fort ruins, lagoon views, historical buildings.",8:00 AM – 5:00 PM,1 hour,Free,April–September; evening,"Kallady Bridge, Batticaloa Lagoon, Dutch Bar Fort, beaches, lighthouse","The Heritage Hotel, Riviera Resort, East Lagoon Hotel, Hotel East Lagoon, Naavaladi Beach Resort","Taprobane Restaurant, Riviera Restaurant, Akshaya Restaurant, RN Buffet, local seafood restaurants",,
135,Kallady Bridge,Bridge,Eastern Province – Batticaloa District,"7.7167° N, 81.7000° E",Kallady Bridge is a historic bridge near Batticaloa known for its scenic lagoon views and cultural importance. It is also associated with the famous “singing fish” legend of Batticaloa.,The original Kallady Bridge was built during the British colonial period in 1939. It became an important transport link and gained cultural fame through local stories about unusual sounds heard from the lagoon waters.,British colonial government,Historic bridge and symbol of Batticaloa connectivity.,"Lagoon views, fishing boats, sunsets, local scenery.",Open access,30–60 minutes,Free,April–September; sunset,"Batticaloa Fort, Batticaloa Lagoon, Lighthouse, beaches, Dutch Bar","The Heritage Hotel, Riviera Resort, East Lagoon Hotel, Hotel East Lagoon, Naavaladi Beach Resort","Taprobane Restaurant, Riviera Restaurant, Akshaya Restaurant, RN Buffet, local seafood restaurants",,
136,Pasikuda Beach,Beach,Eastern Province – Batticaloa District,"7.9167° N, 81.5500° E","Pasikuda Beach is one of Sri Lanka’s most famous east coast beaches, known for its shallow turquoise waters, coral reefs, and calm swimming conditions. It is a popular destination for relaxation, water sports, and luxury resorts.","Pasikuda was traditionally a coastal fishing village before becoming a major tourism destination. After the end of the civil conflict, large-scale tourism development transformed the area into one of Sri Lanka’s leading beach resorts.",Natural coastal area,Natural formation; developed as tourism destination after 1970s,Famous for shallow waters and one of Sri Lanka’s safest swimming beaches.,"Long shallow coastline, swimming, snorkeling, sunrise, water sports.",Open access,Half day–full day,Free,April–September; morning/evening,"Kalkudah Beach, Batticaloa, Kallady Bridge, Batticaloa Fort, Lighthouse","Anantaya Resort Pasikuda, Uga Bay, Amaya Beach Passikudah, Sun Siyam Pasikuda, The Calm Resort","Ruhunu Foods, The Crab & Lobster Restaurant, Nature Villa Restaurant, Machan Pasikuda, Beach Hut Restaurant",
137,Kalkudah Beach,Beach,Eastern Province – Batticaloa District,"7.9333° N, 81.5500° E","Kalkudah Beach is a beautiful sandy beach located next to Pasikuda, offering peaceful surroundings, clear waters, and scenic coastal views. It is ideal for swimming and enjoying the natural beauty of the eastern coastline.","Kalkudah has historically been a fishing and agricultural settlement. Tourism development increased after improvements to the east coast infrastructure, making it a popular alternative to more crowded beaches.",Natural coastal area,Natural formation,Quiet east coast beach known for golden sands and calm waters.,"Swimming, beach walks, photography, fishing, relaxation.",Open access,Half day,Free,April–September; morning,"Pasikuda Beach, Batticaloa Fort, Lighthouse, Kallady Bridge, Batticaloa Lagoon","Anantaya Resort, Uga Bay, Amaya Beach, Sun Siyam Pasikuda, The Calm Resort","The Crab & Lobster Restaurant, Beach Hut Restaurant, Ruhunu Foods, Nature Villa Restaurant, local seafood restaurants",
138,Batticaloa Lighthouse,Lighthouse,Eastern Province – Batticaloa District,"7.7167° N, 81.7000° E","Batticaloa Lighthouse is a historic coastal lighthouse located near the Batticaloa Lagoon, offering views of the surrounding wetlands and ocean. It is an important maritime landmark in the eastern region.",The lighthouse was built during the British colonial period in 1913 to assist ships navigating the eastern coastline. It reflects Batticaloa’s historical importance as a lagoon-based trading and maritime centre.,British colonial administration,1913 AD,Historic maritime navigation structure of the eastern coast.,"Lighthouse views, lagoon scenery, coastal photography.",Exterior access,30–60 minutes,Free,April–September; sunset,"Batticaloa Fort, Kallady Bridge, Batticaloa Lagoon, Pasikuda, Kalkudah","The Heritage Hotel, Riviera Resort, East Lagoon Hotel, Hotel East Lagoon, Naavaladi Beach Resort","Riviera Restaurant, Taprobane Restaurant, Akshaya Restaurant, RN Buffet, local seafood restaurants",
139,Fort Frederick,Fort / Historical Site,Eastern Province – Trincomalee District,"8.5667° N, 81.2333° E","Fort Frederick is a historic colonial fortress located on Swami Rock in Trincomalee, near the famous Koneswaram Temple. It offers spectacular views of Trincomalee Harbour and the Indian Ocean.","The Portuguese built the original fort in 1624 using materials from the destroyed Koneswaram Temple. The Dutch captured it in 1639, and the British later took control in 1795, using it as a military base.",Portuguese; expanded by Dutch and British,Built 1623; rebuilt during Dutch period,Colonial fortress and entrance to the sacred Koneswaram Temple.,"Fort walls, deer, Koneswaram Temple, ocean viewpoints, cannons.",6:00 AM – 6:00 PM,1–2 hours,Free,April–September; sunset,"Koneswaram Temple, Dutch Bay, Marble Beach, Nilaveli Beach, Pigeon Island","Trinco Blu by Cinnamon, Anilana Nilaveli, Welcombe Hotel, Sea Lotus Park, JKAB Beach Resort","Nero Kitchen, Aqua Inn, Anna Poorani Restaurant, Fernando’s Bar, Hotel Saravanabhavan",
140,Dutch Bay Trincomalee,Bay / Beach Area,Eastern Province – Trincomalee District,"8.5667° N, 81.2333° E","Dutch Bay is a scenic coastal area in Trincomalee known for fishing boats, harbour views, and peaceful seaside surroundings. It is located near Fort Frederick and the historic harbour area.","Dutch Bay received its name from the Dutch colonial period when Trincomalee was an important naval and trading location. The natural harbour attracted Portuguese, Dutch, and British powers due to its strategic importance.",Dutch colonial administration,17th century,Historic natural harbor area linked with colonial maritime history.,"Bay views, fishing boats, beaches, sunset scenery.",Open access,Free,April–September; evening,"Fort Frederick, Koneswaram Temple, Marble Beach, Nilaveli, Pigeon Island","Trinco Blu, Welcombe Hotel, Sea Lotus Park, JKAB Beach Resort, Anilana Nilaveli","Nero Kitchen, Fernando’s Bar, Aqua Inn, Nature Inn, Anna Poorani Restaurant",,
141,Velgam Vehera,Archaeological Site / Temple,Eastern Province – Trincomalee District,"8.6167° N, 81.1667° E","Velgam Vehera is an ancient Buddhist monastery near Trincomalee, known for ruins, Buddha statues, inscriptions, and archaeological remains. It is one of the region’s most important ancient religious sites.","Velgam Vehera was established during the reign of King Devanampiya Tissa in the 3rd century BC and developed further under later rulers. It was also supported during the Chola period, showing cultural links between Sri Lanka and South India.",King Devanampiya Tissa / early rulers (traditional attribution),Ancient Anuradhapura period; developed around 2nd century BC onward,Ancient Buddhist monastery showing influence of early Buddhist civilizations.,"Ancient stupa, ruins, inscriptions, Buddha statues, monastery remains.",8:00 AM – 5:00 PM,1–2 hours,Approx. USD 3–5,April–September; morning,"Trincomalee, Fort Frederick, Koneswaram Temple, Nilaveli Beach, Pigeon Island","Trinco Blu, Welcombe Hotel, Sea Lotus Park, JKAB Beach Resort, Anilana Nilaveli","Nero Kitchen, Aqua Inn, Fernando’s Bar, Saravanabhavan, Nature Inn",
142,Bopath Ella Waterfall,Waterfall,Sabaragamuwa Province – Ratnapura District,"6.8333° N, 80.5333° E","Bopath Ella is a beautiful waterfall near Ratnapura, famous for its leaf-shaped appearance resembling a “Bo” tree leaf. It is a popular nature attraction surrounded by lush greenery.","The waterfall has long been part of local village traditions and folklore. Its name comes from the Sinhala words “Bo” (sacred fig tree) and “Path Ella” (leaf-shaped waterfall), referring to its distinctive shape.",Natural waterfall,Geological formation,"Popular waterfall shaped like a Bo leaf, with cultural and natural importance.","Waterfall viewpoint, forest trails, photography, bathing area.",7:00 AM – 5:00 PM,Free,January–April; morning,"Ratnapura, Sinharaja, Adam’s Peak, Udawalawe, Maha Saman Devalaya","Sapphire Holiday Resort, Hotel Gem Land, Ratnaloka Tour Inn, Centauria Hill Resort, Sinharaja hotels","Ratnaloka Restaurant, Gem Garden Restaurant, local Ratnapura restaurants, hotel restaurants, village cafes",,
143,Dunhinda Falls,Waterfall,Uva Province – Badulla District,"6.9833° N, 81.0667° E","Dunhinda Falls is one of Sri Lanka’s most famous waterfalls, located near Badulla and surrounded by forest landscapes. The waterfall is known for its misty spray and dramatic natural beauty.","Dunhinda has been admired for generations and is linked with local legends and folklore. The name comes from the Sinhala word “Dunhinda,” meaning smoky mist, describing the cloud of spray created by the falling water.",Natural waterfall,Geological formation,One of Sri Lanka’s most scenic waterfalls and major Badulla attraction.,"Waterfall hike, viewpoint, forest path, photography.",8:00 AM – 5:00 PM,Approx. USD 2–3,January–April; morning,"Badulla Town, Muthiyangana Temple, Ella, Diyaluma Falls, Bogoda Bridge","The Grand Bandarawela, Orient Hotel, 98 Acres Resort, Ella Flower Garden Resort, Mountain Heavens","Cafe Chill, Matey Hut, Mlesna Tea Centre, AK Ristoro, Badulla restaurants",,
144,St. Clair's Falls,Waterfall,Central Province – Nuwara Eliya District,"6.9333° N, 80.6667° E","St. Clair’s Falls is one of Sri Lanka’s widest waterfalls, located among the tea plantations of the central highlands. It is known as the “Little Niagara of Sri Lanka” because of its impressive flow.",The waterfall was named during the British colonial period after a nearby tea estate. It became widely recognized as part of the hill-country landscape developed through British-era plantation agriculture.,Natural waterfall,Geological formation; called “Little Niagara of Sri Lanka”,"Twin waterfalls, tea estate views, viewpoints, photography.",Open access (viewpoints),30–60 minutes,Free,January–April; morning,"Devon Falls, Nuwara Eliya, Gregory Lake, Horton Plains, Tea estates","Heritance Tea Factory, Grand Hotel Nuwara Eliya, Jetwing St Andrew’s, Araliya Green Hills, Blackpool Resort","Grand Indian Restaurant, Salmiya Restaurant, Lake View Pub, De Silva Food Centre, Coffee Bar",,
145,Devon Falls,Waterfall,Central Province – Nuwara Eliya District,"7.0000° N, 80.6333° E","Devon Falls is a spectacular waterfall located near Hatton, surrounded by tea-covered mountains. It is a popular viewpoint attraction along the road to Nuwara Eliya.","Devon Falls was named after Devon Tea Estate, which was established during the British colonial tea plantation era. The waterfall became famous as part of the scenic landscapes created by the development of Sri Lanka’s central highlands.",Natural waterfall,Named after English coffee planter Devon,"Tall waterfall, viewpoint, mountain scenery, photography.",Open access,30–60 minutes,Free,January–April; morning,"St Clair’s Falls, Nuwara Eliya, Ramboda Falls, Pedro Tea Estate, Gregory Lake","Heritance Tea Factory, Grand Hotel Nuwara Eliya, Jetwing St Andrew’s, Araliya Green Hills, Blackpool Resort","Grand Indian Restaurant, Salmiya Restaurant, Coffee Bar, Lake View Pub, De Silva Food Centre",,
146,Laxapana Falls,Waterfall,Sabaragamuwa Province – Nuwara Eliya District,"6.9333° N, 80.5000° E","Laxapana Falls is a powerful waterfall in the Maskeliya region, surrounded by mountains and forests. It is also connected with Sri Lanka’s hydroelectric power development.","The waterfall has historical importance due to the Laxapana Hydroelectric Scheme, one of Sri Lanka’s earliest major hydroelectric projects. The area became important for power generation during the 20th century.",Natural waterfall,Natural landmark associated with central highland landscapes.,"Waterfall views, hiking, reservoir scenery, photography.",Open access,1–2 hours,Free,January–April; morning,"Adam’s Peak, Maskeliya, Castlereagh Reservoir, Norton Bridge, Aberdeen Falls","Slightly Chilled Cottage, White House Adam’s Peak, Wathsala Inn, Grand Adams Peak, local guesthouses","Adams Peak Restaurant, Tea Breeze, Golden Spoon Restaurant, local cafes, village restaurants",,
147,Aberdeen Falls,Waterfall,Central Province – Nuwara Eliya District,"6.9250° N, 80.5450° E","Aberdeen Falls is a beautiful waterfall near Kitulgala, known for its tall cascade, natural pools, and forest surroundings. It is a peaceful destination for nature lovers.","The waterfall was named after Aberdeen Estate during the British colonial plantation period. Like many hill-country attractions, it became accessible through the expansion of plantation roads and infrastructure.",Natural waterfall,Scenic waterfall in Sri Lanka’s central highlands.,"Waterfall pool, forest trail, viewpoints, nature photography.",8:00 AM – 5:00 PM,1–2 hours,Free,January–April; morning,"Laxapana Falls, Adam’s Peak, Norton Bridge, Maskeliya, Castlereagh Reservoir","Wathsala Inn, Grand Adams Peak, Slightly Chilled Cottage, White House Adam’s Peak, local lodges","Adams Peak Restaurant, Tea Breeze, Golden Spoon, local cafes, village restaurants",,
148,Lover's Leap Falls,Waterfall,Central Province – Nuwara Eliya District,"7.0000° N, 80.7833° E",Lover’s Leap Falls is a scenic waterfall near Nuwara Eliya surrounded by tea plantations and mountain scenery. It is famous for a romantic local legend connected to its name.,"According to local folklore, the waterfall was named after a tragic love story involving a prince and princess who jumped from the cliff. The area later became a popular natural attraction in the hill country.",Natural waterfall,Associated with local legends and highland folklore.,"Waterfall, mountain views, hiking path, photography.",8:00 AM – 5:00 PM,1 hour,Free,January–April; morning,"Gregory Lake, Pedro Tea Estate, Victoria Park, Hakgala Garden, Horton Plains","Grand Hotel Nuwara Eliya, Heritance Tea Factory, Jetwing St Andrew’s, Araliya Green Hills, Blackpool Resort","Grand Indian Restaurant, Salmiya Restaurant, Coffee Bar, Lake View Pub, De Silva Food Centre",,
149,Galaboda Falls,Waterfall,Sabaragamuwa Province – Kegalle District,"7.0667° N, 80.6000° E","Galaboda Falls is a hidden waterfall in the hill country known for its natural beauty, forest surroundings, and peaceful atmosphere. It is less crowded compared with famous waterfalls in Sri Lanka.",The waterfall developed as a local eco-tourism attraction due to improved access through railway and village routes. It remains closely connected with the surrounding rural communities and natural environment.,Natural waterfall,Natural attraction in the hill country.,"Waterfall pools, forest surroundings, hiking, nature views.",8:00 AM – 5:00 PM,1–2 hours,Free,January–April; morning,"Nawalapitiya, Kandy, Ramboda Falls, Kotmale Reservoir, Ambuluwawa","The Argyle Luxury Boutique, Oak Ray Tea Bush, Ramboda Falls Hotel, Amaya Hills, Earl’s Regency","Kandy restaurants, Balaji Dosai, Cafe Aroma Inn, local Nawalapitiya restaurants, hotel restaurants",,
150,Bambarakiri Ella Falls,Waterfall,Central Province – Matale District,"7.5333° N, 80.7833° E","Bambarakiri Ella Falls is a scenic waterfall near Rattota in the Matale District, surrounded by mountains and forests. It is known for its refreshing natural setting and roadside viewpoint.",The waterfall has traditionally been part of the rural landscape of the Knuckles region. Its popularity increased with the growth of nature tourism and exploration of lesser-known waterfalls in central Sri Lanka.,Natural waterfall,Scenic waterfall near Matale/Kandy hill region.,"Waterfall, bridge views, forest scenery, photography.",Open access,30–60 minutes,Free,January–April; morning,"Knuckles Mountain Range, Riverston, Sembuwatta Lake, Matale, Wasgamuwa","Simpson’s Forest Hotel, The Grand Mountain Hotel, Madulkelle Tea Lodge, Riverston Grand, Elkaduwa Rest House","Riverston Restaurant, Cafe Aroma Inn, Balaji Dosai, Matale restaurants, local cafes",,
151,Alupola Ella Falls,Waterfall,Sabaragamuwa Province – Ratnapura District,"6.7000° N, 80.5667° E","Alupola Ella Falls is a beautiful waterfall located in the Ratnapura region, surrounded by lush forests and mountain landscapes. It is a peaceful natural attraction popular among hikers and nature lovers.",The waterfall has traditionally been part of the rural landscape of Sabaragamuwa. Its popularity has increased with the growth of eco-tourism and exploration of Sri Lanka’s lesser-known waterfalls.,Natural waterfall,Geological formation,Scenic waterfall representing Sri Lanka’s wet-zone natural beauty.,"Waterfall, forest scenery, hiking, photography.",Open access,1–2 hours,Free,January–April; morning,"Ratnapura, Bopath Ella, Sinharaja, Adam’s Peak, Maha Saman Devalaya","Sapphire Holiday Resort, Ratnaloka Tour Inn, Centauria Hill Resort, Hotel Gem Land, Sinharaja Eco Lodge","Ratnaloka Restaurant, Gem Garden Restaurant, local Ratnapura restaurants, hotel restaurants, village cafes",
152,Babarakanda Viewpoint,Viewpoint / Scenic Site,Sabaragamuwa Province – Badulla District,"6.7700° N, 80.8300° E","Babarakanda Viewpoint offers breathtaking views of Bambarakanda Falls, the tallest waterfall in Sri Lanka, and the surrounding hill country. It provides panoramic scenery of mountains, forests, and valleys.",The viewpoint developed as a tourism attraction due to the fame of Bambarakanda Falls and the natural beauty of the Horton Plains and central highlands region. The area has long been part of traditional mountain communities.,Natural viewpoint,Geological formation,Offers views of Sri Lanka’s tallest waterfall and surrounding mountains.,"Panoramic views, photography, hiking trails, forest landscapes.",6:00 AM – 6:00 PM,1 hour,Free,January–April; sunrise/sunset,"Bambarakanda Falls, Horton Plains, Ohiya, Haputale, Diyaluma Falls","Ohiya Jungle Resort, Melheim Resort Haputale, The Capoe House, Olympus Plaza, Adisham Bungalow stays","Glace Cafe, Lettuce & Cabbage Restaurant, Viharagala Restaurant, local cafes, hotel restaurants",
153,Pahanthudawa Falls,Waterfall,Sabaragamuwa Province – Ratnapura District,"6.4167° N, 80.5000° E","Pahanthudawa Falls is a small but scenic waterfall near Belihuloya, known for its crystal-clear pool and unique narrow rock formation. It is a popular spot for photography and nature exploration.",The waterfall has no major recorded historical events but is part of the natural heritage of the Sabaragamuwa highlands. It became popular through local tourism and adventure travel activities.,Natural waterfall,Geological formation,A hidden waterfall known for its unique drop and natural pool.,"Waterfall, trekking, forest views, photography.",Daylight hours,1–2 hours,Free,January–April; morning,"Belihuloya, Horton Plains, Sabaragamuwa University, Bambarakanda Falls, Haputale","River Garden Resort, Samanala Resort, Kumbuk Sevena Adventure Camp, Belihuloya Rest House, Horton Plains hotels","River Garden Restaurant, local Belihuloya restaurants, hotel restaurants, village cafes, food stalls",
154,Diyawini Ella Falls,Waterfall,Uva Province – Badulla District,"6.8500° N, 81.1000° E","Diyawini Ella Falls is a hidden waterfall surrounded by forests and mountains, offering a peaceful natural experience away from crowded tourist areas. It is valued for its untouched environment and scenic beauty.",Diyawini Ella has mainly local significance and is connected with traditional rural landscapes. The site gained attention through modern eco-tourism and exploration of hidden waterfalls.,Natural waterfall,Geological formation,Peaceful waterfall attraction in Sri Lanka’s hill country.,"Waterfall, hiking, nature photography, forest surroundings.",Open access,1–2 hours,Free,January–April; morning,"Haputale, Bandarawela, Bambarakanda Falls, Horton Plains, Ohiya","Melheim Resort Haputale, Olympus Plaza, The Capoe House, Adisham Bungalow, Ella hotels","Cafe Chill, Matey Hut, AK Ristoro, local Haputale restaurants, hotel restaurants",
155,Bomburu Ella Falls,Waterfall,Central Province – Nuwara Eliya District,"6.8667° N, 80.8167° E","Bomburu Ella Falls is one of the widest waterfalls in Sri Lanka, located near Nuwara Eliya and surrounded by forest landscapes. It is known for multiple streams flowing over rocky terrain.",The waterfall area has historically been part of the central highland forest region. Its popularity increased with tourism development around Nuwara Eliya and the expansion of nature-based travel.,Natural waterfall,Geological formation,"One of the widest waterfalls in Sri Lanka, valued for scenic beauty.","Waterfall walk, forest trail, picnic areas, photography.",8:00 AM – 5:00 PM,2–3 hours,Approx. USD 2–3,January–April; morning,"Nuwara Eliya, Gregory Lake, Hakgala Garden, Horton Plains, Moon Plains","Grand Hotel Nuwara Eliya, Araliya Green Hills, Heritance Tea Factory, Jetwing St Andrew’s, Blackpool Resort","Grand Indian Restaurant, Salmiya Restaurant, Lake View Pub, De Silva Food Centre, Coffee Bar",
156,Kolapathana Falls,Waterfall,Central Province – Nuwara Eliya District,"7.0167° N, 80.7000° E","Kolapathana Falls is a scenic waterfall located in the hill country, surrounded by forests and rural landscapes. It is a quiet destination for visitors seeking natural beauty and adventure.",The waterfall has no major documented historical background but forms part of Sri Lanka’s rich natural heritage. Local communities have traditionally valued the surrounding forests and waterways.,Natural waterfall,Geological formation,Lesser-known highland waterfall surrounded by forests.,"Waterfall, trekking, natural pools, photography.",Daylight hours,1–2 hours,Free,January–April; morning,"Nuwara Eliya, Bomburu Ella, Horton Plains, Hakgala Garden, Moon Plains","Grand Hotel Nuwara Eliya, Araliya Green Hills, Jetwing St Andrew’s, Heritance Tea Factory, Blackpool Resort","Grand Indian Restaurant, Salmiya Restaurant, Coffee Bar, Lake View Pub, local cafes",
157,Riverston Peak,Mountain / Viewpoint,Central Province – Matale District,"7.5333° N, 80.7500° E","Riverston Peak is a famous mountain viewpoint in the Knuckles region, known for dramatic landscapes, misty mountains, and hiking trails. It offers panoramic views of valleys and villages below.","Riverston became popular as part of the exploration of the Knuckles Mountain Range, an area protected for its biodiversity and cultural importance. The region has long been inhabited by traditional farming communities.",Natural mountain formation,Geological formation,Famous mountain viewpoint in the Knuckles region.,"Panoramic views, hiking, cloud forests, valleys, photography.",6:00 AM – 6:00 PM,3–5 hours,Free / small permit fees may apply,January–April; morning,"Pitawala Pathana, Knuckles Range, Sembuwatta Lake, Matale, Wasgamuwa","Riverston Grand, The Grand Mountain Hotel, Simpson’s Forest Hotel, Madulkelle Tea Lodge, Elkaduwa Rest House","Riverston Restaurant, Cafe Aroma Inn, Matale restaurants, Balaji Dosai, local cafes",
158,Pitawala Pathana,Nature Park / Grassland / Viewpoint,Central Province – Matale District,"7.5667° N, 80.7833° E","Pitawala Pathana is a scenic grassland plateau in the Knuckles Mountain Range featuring unique landscapes, hiking trails, and views of surrounding valleys. It is known as a mini-world’s-end viewpoint.","Pitawala Pathana forms part of the Knuckles Conservation Area, which has been protected for its ecological importance. The area became a popular nature tourism destination after the recognition of the Knuckles region as a UNESCO World Heritage Site.",Natural grassland ecosystem,Geological formation,Unique montane grassland in the Knuckles World Heritage region.,"Mini World’s End, grasslands, mountain views, hiking.",6:00 AM – 6:00 PM,2–3 hours,Approx. USD 5,January–April; morning,"Riverston Peak, Knuckles Range, Sembuwatta Lake, Matale, Wasgamuwa","Riverston Grand, Simpson’s Forest Hotel, Madulkelle Tea Lodge, The Grand Mountain Hotel, Elkaduwa Rest House","Riverston Restaurant, Matale restaurants, Balaji Dosai, Cafe Aroma Inn, local cafes",
159,Sembuwatta Lake,Lake / Natural Attraction,Central Province – Matale District,"7.5167° N, 80.6667° E","Sembuwatta Lake is a beautiful artificial lake near Matale surrounded by tea plantations and mountains. It is popular for boating, relaxation, and scenic photography.",The lake was created by plantation workers during the British colonial tea era using a natural spring in the area. It was originally associated with the Elkaduwa Tea Estate and later developed as a tourism attraction.,Created by Elkaduwa Estate,Modern artificial lake (20th century),Popular highland recreation site surrounded by tea plantations.,"Lake views, boating, swimming pool, camping, photography.",8:00 AM – 5:00 PM,2–3 hours,Approx. USD 5,January–April; morning,"Knuckles Range, Riverston, Matale, Aluvihare Temple, Kandy","Simpson’s Forest Hotel, Madulkelle Tea Lodge, The Grand Mountain Hotel, Earl’s Regency, Amaya Hills","Cafe Aroma Inn, Balaji Dosai, Matale restaurants, hotel restaurants, local cafes",
160,Meemure Village,Village / Nature Destination,Central Province – Kandy District,"7.5000° N, 80.8333° E","Meemure is a remote traditional village located near the Knuckles Mountain Range, famous for mountains, forests, waterfalls, and indigenous rural lifestyles. It is considered one of Sri Lanka’s most scenic villages.","Meemure has existed for centuries as an isolated farming community surrounded by mountains. Its traditional culture, agriculture, and connection with the Knuckles wilderness have been preserved due to its geographical isolation.",Traditional Kandyan village community,Ancient settlement,"Preserves traditional rural culture, farming practices, and indigenous lifestyles.","Village tours, mountains, waterfalls, trekking, traditional food.",Daylight hours,Free / guide fees apply,January–April; morning,"Knuckles Range, Corbett’s Gap, Sembuwatta Lake, Riverston, Kandy","The Wild Glamping Knuckles, Corbett’s Gap eco stays, Simpson’s Forest Hotel, Madulkelle Tea Lodge, local homestays","Village restaurants, homestay meals, local food stalls, Kandy restaurants, eco lodge dining",,
161,Alagalla Mountain,Mountain,Central Province – Kandy District,"7.2500° N, 80.5333° E","Alagalla Mountain is a popular hiking destination near Kandy, known for its pyramid-like shape, panoramic views, and historical significance. It offers challenging trails for adventure travellers.",Alagalla played a strategic role during the Kandyan Kingdom and colonial conflicts because of its elevated position overlooking important routes. The mountain area has long been part of the central highland landscape.,Natural mountain formation,Geological formation,Historic hiking mountain known for battles and panoramic views.,"Hiking, viewpoints, tea estates, photography.",Daylight hours,Free,January–April; morning,"Kandy, Kadugannawa, Ambuluwawa, Lankatilaka Temple, Gadaladeniya Temple","Earl’s Regency, Amaya Hills, The Grand Kandyan, Cinnamon Citadel, Fox Kandy","Balaji Dosai, Cafe Aroma Inn, Slightly Chilled, The Empire Cafe, Kandy House restaurants",,
162,Hanthana Mountain Range,Mountain Range,Central Province – Kandy District,"7.2500° N, 80.6167° E","Hanthana Mountain Range is a scenic mountain area near Kandy, famous for hiking trails, tea plantations, and beautiful views. It is a popular destination for nature lovers and outdoor activities.",Hanthana has historical connections with the development of tea plantations during the British colonial period. The area also became associated with the establishment of the University of Peradeniya nearby.,Natural mountain formation,Geological formation,Popular hiking area near Kandy with ecological and educational value.,"Hiking trails, viewpoints, tea plantations, bird watching.",Daylight hours,Free,January–April; morning,"Ceylon Tea Museum, Kandy Lake, Temple of Tooth, Peradeniya Gardens, Udawatta Kele","Earl’s Regency, Amaya Hills, Grand Kandyan, Cinnamon Citadel, Theva Residency","Balaji Dosai, Cafe Aroma Inn, Slightly Chilled, Kandy House, The Empire Cafe",,
163,Udawatta Kele Sanctuary,Forest Reserve / Nature Sanctuary,Central Province – Kandy District,"7.3000° N, 80.6500° E","Udawatta Kele Sanctuary is a historic forest reserve located behind the Temple of the Sacred Tooth Relic in Kandy. It is known for biodiversity, walking trails, birds, and ancient forest traditions.","The forest was once a royal sanctuary reserved for Kandyan kings before the British period. It was declared a forest reserve in 1856 and later became a protected sanctuary, preserving its ecological and historical value.",Protected by Kandyan kings; later government reserve,Royal forest sanctuary since Kandyan era,Historic forest reserve protecting biodiversity near Kandy Temple area.,"Forest trails, birds, wildlife, meditation sites, ponds.",8:00 AM – 5:00 PM,2–3 hours,Approx. USD 10,January–April; morning,"Temple of Tooth, Kandy Lake, Bahirawakanda Statue, Ceylon Tea Museum, Peradeniya Gardens","Earl’s Regency, Grand Kandyan, Cinnamon Citadel, Amaya Hills, Theva Residency","Balaji Dosai, Cafe Aroma Inn, Slightly Chilled, The Empire Cafe, Kandy restaurants",
164,Ceylon Tea Museum,Museum,Central Province – Kandy District,"7.2500° N, 80.6167° E","Ceylon Tea Museum in Kandy showcases the history of Sri Lanka’s tea industry, including old machinery, exhibits, and information about famous tea pioneers. It offers panoramic views of Kandy from its tower.","The museum was established in 2001 in a restored former tea factory built in 1925. It preserves the heritage of Sri Lanka’s tea industry, which began during the British colonial period after the decline of coffee plantations.",Tea Board of Sri Lanka,Established in 2001 (museum in former tea factory),Preserves Sri Lanka’s tea industry history and heritage.,"Tea machinery, exhibits, tea tasting, panoramic views.",8:30 AM – 3:45 PM (closed Mondays),Approx. USD 5–10,January–April; morning,"Hanthana Mountain, Kandy Lake, Temple of Tooth, Peradeniya Gardens, Udawatta Kele","Earl’s Regency, Amaya Hills, Grand Kandyan, Cinnamon Citadel, Theva Residency","Balaji Dosai, Cafe Aroma Inn, Slightly Chilled, The Empire Cafe, Kandy restaurants",,
165,Loolkandura Estate,Tea Plantation / Historical Site,Central Province – Kandy District,"7.1667° N, 80.7167° E","Loolkandura Estate is the birthplace of Sri Lanka’s commercial tea industry, located in the hills near Kandy. It offers visitors insight into tea cultivation and plantation history.","In 1867, Scottish planter James Taylor planted Sri Lanka’s first commercial tea crop at Loolkandura Estate after the collapse of the coffee industry. This event marked the beginning of the world-famous Ceylon Tea industry.",James Taylor (pioneer of Ceylon tea),First commercial tea plantation established in 1867,Birthplace of Sri Lanka’s tea industry and historic tea plantation.,"Tea fields, James Taylor memorial, factory visits, scenic landscapes.",8:00 AM – 5:00 PM,Free / small tour fees,January–April; morning,"Kandy, Loolecondera Falls, Ceylon Tea Museum, Hanthana, Ambuluwawa","Amaya Hills, Earl’s Regency, Grand Kandyan, Theva Residency, Cinnamon Citadel","Kandy House, Cafe Aroma Inn, Balaji Dosai, Slightly Chilled, local tea estate cafes",,
166,Kiri Vehera Kataragama,Temple / Religious Site,Uva Province – Monaragala District,"6.4167° N, 81.3333° E",Kiri Vehera is an ancient white-domed Buddhist stupa located near the Kataragama Temple complex. It is one of the most sacred Buddhist sites in southern Sri Lanka and attracts many pilgrims.,Kiri Vehera is believed to have been built during the reign of King Mahasena of the Ruhuna Kingdom around the 6th century BC according to local traditions. The stupa is associated with the Buddha’s visit to Kataragama and has been preserved as a major religious monument.,King Mahasena (traditional attribution),Ancient period,Sacred Buddhist stupa associated with Kataragama pilgrimage traditions.,"White stupa, religious rituals, shrine area, ceremonies.",5:00 AM – 8:00 PM,1 hour,Free / Donation,May–September; evening,"Kataragama Temple, Ruhunu Maha Kataragama Devalaya, Yala National Park, Sithulpawwa, Kirinda Temple","Mandara Rosen, Hotel Chandrika, Kithala Resort, Grand Tamarind Lake, Jetwing Yala","The Chill Restaurant, Yala Safari Camping restaurants, local Kataragama restaurants, Hotel restaurants, Ruhunu food outlets",
167,Lunugamvehera National Park,National Park,Southern Province – Hambantota District,"6.4500° N, 81.1833° E","Lunugamvehera National Park is a wildlife sanctuary in southern Sri Lanka known for elephants, birds, forests, and wetlands. It serves as an important habitat connecting Yala and Bundala ecosystems.",The park was established in 1995 to protect the Lunugamvehera Reservoir catchment area and surrounding wildlife habitats. It supports conservation of elephants and other dry-zone species while protecting the region’s water resources.,Sri Lankan government,Established in 1995,Wildlife corridor protecting elephants and dry-zone biodiversity.,"Elephants, birds, reservoirs, safari trails, forests.",6:00 AM – 6:00 PM,3–5 hours,Approx. USD 20–30 + jeep fees,May–September; morning safari,"Yala National Park, Kataragama, Bundala, Tissamaharama, Kirinda","Jetwing Yala, Cinnamon Wild Yala, Kithala Resort, Chena Huts, Grand Tamarind Lake","The Safari Restaurant, The Chill Restaurant, local Tissa restaurants, hotel restaurants, safari camps",
168,Tangalle Beach,Beach,Southern Province – Hambantota District,"6.0333° N, 80.8000° E","Tangalle Beach is a beautiful southern coastal destination known for golden sands, rocky bays, turquoise waters, and peaceful surroundings. It is popular for relaxation, swimming, and luxury beach stays.","Tangalle has a long history as a coastal settlement and trading location. During the colonial period, the area was influenced by Portuguese, Dutch, and British maritime activities before developing into a tourism destination.",Natural coastal area,Natural formation,Popular southern beach known for scenic coastline and marine tourism.,"Beaches, swimming, sunsets, lagoons, relaxation.",Open access,Free,November–April; morning/evening,"Goyambokka Beach, Mulkirigala Temple, Rekawa Turtle Beach, Hummanaya Blow Hole, Kalametiya","Anantara Peace Haven Tangalle, Palm Paradise Cabanas, Lagoon Paradise, Eva Lanka, Tangalle Bay Hotel","The Lounge, Mango Shade Restaurant, Tangalle Rice & Curry, Oceanfront Restaurant, The Beach Restaurant",,
169,Hiriketiya Beach,Beach,Southern Province – Matara District,"5.9667° N, 80.7167° E","Hiriketiya Beach is a scenic horseshoe-shaped bay famous for surfing, swimming, and its relaxed tropical atmosphere. It has become one of Sri Lanka’s most popular boutique beach destinations.",Hiriketiya was traditionally a quiet fishing area before gaining international attention through surf tourism. Its development as a tourism destination accelerated in the 21st century while maintaining much of its natural character.,Natural coastal area,Natural formation; developed as surf destination recently,Famous surfing bay and relaxed coastal tourism location.,"Surfing, swimming, cafes, beach walks, sunsets.",Open access,Half day–full day,Free,November–April; morning surfing,"Dickwella Beach, Hummanaya Blow Hole, Dikwella Temple, Tangalle, Dondra","Salt House, Jasper House, Verse Collective, Dickwella Resort, Soul Spa","Dots Bay House, Smoke & Bitters, Duni’s Hoppers, Verse Collective Cafe, Garlic Cafe",
170,Dickwella Beach,Beach,Southern Province – Matara District,"5.9667° N, 80.6833° E","Dickwella Beach is a peaceful southern coastline known for clear waters, coral areas, and nearby attractions such as Hiriketiya Bay. It offers a quieter alternative to busier tourist beaches.",Dickwella has historically been a coastal fishing community with cultural connections to nearby temples and villages. Tourism growth in the southern province later increased interest in its beaches and natural scenery.,Natural coastal area,Natural formation,Traditional southern fishing and beach destination.,"Swimming, beaches, snorkeling, sunsets.",Open access,Half day,Free,November–April; morning,"Hiriketiya Beach, Hummanaya Blow Hole, Wewurukannala Temple, Tangalle, Dondra Lighthouse","Dickwella Resort, Jasper House, Salt House, Soul Spa, Verse Collective","Dots Bay House, Smoke & Bitters, Duni’s Hoppers, local seafood restaurants, beach cafes",
171,Dondra Lighthouse,Lighthouse,Southern Province – Matara District,"5.9167° N, 80.5833° E",Dondra Lighthouse is Sri Lanka’s tallest lighthouse and a historic maritime landmark located at the southernmost point of the island. It offers spectacular ocean views and represents Sri Lanka’s naval heritage.,"The lighthouse was constructed by the British in 1889 using materials imported from England and Scotland. It was built to guide ships around the southern tip of Sri Lanka, an important route in Indian Ocean navigation.",British colonial government,1889 AD,Southernmost lighthouse of Sri Lanka and maritime heritage landmark.,"Lighthouse views, ocean scenery, coastal photography.",Exterior access,30–60 minutes,Free,November–April; sunset,"Dondra Temple, Matara Fort, Star Fort, Wewurukannala Temple, Mirissa","Amaloh Boutique Resort, Paradise Beach Club, Polhena Resort, Matara hotels, Lantern Boutique Hotel","The Doctor’s House, Vanina Villas Restaurant, Matara seafood restaurants, local cafes, beach restaurants",
172,Matara Fort,Fort / Historical Site,Southern Province – Matara District,"5.9500° N, 80.5500° E","Matara Fort is a historic colonial fortress located near the Nilwala River and coastline. It reflects the Portuguese, Dutch, and British influence on Sri Lanka’s southern region.","The Portuguese built the original fort in the 16th century, and the Dutch expanded it in the 17th century as part of their coastal defence system. The fort later served administrative purposes during British rule.",Portuguese; expanded by Dutch,1560s Portuguese; Dutch expansion 1640s,Colonial fortress representing southern maritime history.,"Fort walls, Clock Tower, churches, ocean views.",Open access,1 hour,Free,November–April; evening,"Star Fort, Dondra Lighthouse, Polhena Beach, Parey Dewa Temple, Weherahena Temple","Amaloh Boutique Resort, Matara hotels, Polhena Resort, Lakraj Heritage, Lantern Boutique","Vanina Villas Restaurant, The Doctor’s House, seafood restaurants, local cafes, beach restaurants",
173,Star Fort Matara,Fort / Historical Site,Southern Province – Matara District,"5.9500° N, 80.5500° E",Star Fort is a unique small fortress in Matara built in a star-shaped design. It is one of the best-preserved examples of Dutch military architecture in Sri Lanka.,The Dutch constructed Star Fort in 1765 under Governor Baron van Eck as a defensive structure against attacks. Its unusual design allowed soldiers to defend the fort from multiple directions.,Dutch East India Company,Built in 1765,Unique star-shaped Dutch fortification.,"Fort structure, museum, gardens, historical exhibits.",8:30 AM – 4:30 PM,1 hour,Approx. USD 3–5,November–April; morning,"Matara Fort, Dondra Lighthouse, Polhena Beach, Weherahena Temple, Madiha Beach","Amaloh Boutique Resort, Lakraj Heritage, Polhena Resort, Matara hotels, Lantern Boutique","Vanina Villas Restaurant, Doctor’s House, local seafood restaurants, cafes, beach restaurants",
174,Weherahena Temple,Temple / Religious Site,Southern Province – Matara District,"5.9333° N, 80.5333° E",Weherahena Temple is a famous Buddhist temple near Matara known for its enormous underground tunnel temple and large Buddha statue. It is a unique modern religious attraction in southern Sri Lanka.,"The temple was developed in the 20th century under the guidance of Ven. Parawahera Rewatha Thera. Construction began in the 1930s, and the temple became known for its large murals depicting Buddhist stories.",Ven. Parawahera Rewatha Thera,20th century (1939 onward),Famous Buddhist temple featuring a large underground tunnel temple.,"Giant Buddha statue, murals, tunnel shrine, gardens.",8:00 AM – 5:00 PM,1–2 hours,Donation,November–April; morning,"Matara Fort, Star Fort, Dondra Lighthouse, Polhena Beach, Wewurukannala Temple","Amaloh Boutique Resort, Lakraj Heritage, Polhena Resort, Matara hotels, Lantern Boutique","Local Matara restaurants, Doctor’s House, seafood restaurants, cafes, hotel restaurants",
175,Stilt Fishermen Weligama,Cultural Attraction,Southern Province – Matara District,"5.9500° N, 80.4333° E","Stilt fishing is a traditional fishing method practiced along parts of Sri Lanka’s southern coast, especially around Weligama. Fishermen sit on wooden poles fixed in shallow waters to catch fish.","Stilt fishing developed during the 20th century, especially after World War II, as a response to limited fishing space along the coast. It became an iconic symbol of Sri Lankan coastal culture and tourism.",Traditional fishing community,Traditional practice developed over centuries,Iconic symbol of Sri Lankan coastal fishing heritage.,"Stilt fishing demonstrations, photography, coastal views.",Daylight hours,Free / tips,November–April; sunrise/sunset,"Weligama Beach, Mirissa, Coconut Tree Hill, Galle Fort, Koggala Lake","Cape Weligama, Marriott Weligama, W15 Weligama, Weligama Bay Resort, Mandara Resort","Hangten Rooftop, Fish Point, Nomad Cafe, Roti Shop, Chef Akila Kitchen",,
176,Koggala Lake,Lake / Wetland,Southern Province – Galle District,"5.9833° N, 80.3167° E","Koggala Lake is a scenic coastal lagoon near Galle known for islands, mangroves, boat tours, and rich birdlife. It is one of the largest natural lakes in southern Sri Lanka.","Koggala Lake has long supported fishing communities and traditional livelihoods. During World War II, the nearby Koggala area was also used as an airfield by the British Royal Air Force.",Natural lagoon ecosystem,Natural formation,Important wetland and cultural landscape near Galle.,"Boat rides, islands, birds, mangroves, cinnamon islands.",7:00 AM – 5:00 PM,2–3 hours,Boat fees apply,November–April; morning,"Martin Wickramasinghe Museum, Koggala Beach, Galle Fort, Unawatuna, Japanese Peace Pagoda","Kahanda Kanda, The Fortress Resort, Koggala Beach Hotel, Long Beach Resort, Jetwing Lighthouse","The Tuna & Crab, Stick Fishermen Restaurant, Ahangama restaurants, Galle cafes, seafood restaurants",
177,Martin Wickramasinghe Folk Museum,Museum / Cultural Site,Southern Province – Galle District,"5.9833° N, 80.3333° E","Martin Wickramasinghe Folk Museum preserves the cultural heritage, traditional lifestyle, and rural history of Sri Lanka. It showcases artifacts, village houses, farming tools, and exhibits related to the famous writer Martin Wickramasinghe.","The museum was established in 1981 at the birthplace of Martin Wickramasinghe, one of Sri Lanka’s greatest literary figures. It preserves traditional southern Sri Lankan culture and the author’s contribution to literature.",Martin Wickramasinghe Trust,Opened in 1981,"Preserves Sri Lankan rural culture, literature, and traditions.","Traditional house, artifacts, folk displays, gardens.",9:00 AM – 5:00 PM,1 hour,Approx. USD 5,November–April; morning,"Koggala Lake, Koggala Beach, Galle Fort, Unawatuna, Ahangama","The Fortress Resort, Kahanda Kanda, Koggala Beach Hotel, Jetwing Lighthouse, Long Beach Resort","The Tuna & Crab, Galle cafes, seafood restaurants, Stick Fishermen Restaurant, local restaurants",
178,Koggala Beach,Beach,Southern Province – Galle District,"5.9833° N, 80.3167° E","Koggala Beach is a peaceful coastal area known for wide sandy shores, sunsets, and nearby attractions such as Koggala Lake. It provides a quieter beach experience near Galle.",Koggala developed as a coastal settlement connected with fishing and agriculture. Its importance increased during the colonial period due to the nearby airfield and later through tourism development.,Natural coastal area,Natural formation,Peaceful southern beach near Galle and Koggala Lake.,"Swimming, sunsets, beach walks, photography.",Open access,Free,November–April; evening,"Koggala Lake, Galle Fort, Unawatuna, Japanese Peace Pagoda, Martin Wickramasinghe Museum","The Fortress Resort, Kahanda Kanda, Koggala Beach Hotel, Long Beach Resort, Jetwing Lighthouse","The Tuna & Crab, Stick Fishermen Restaurant, Ahangama cafes, seafood restaurants, Galle restaurants",,
179,Rumassala Mountain,Mountain / Nature Site,Southern Province – Galle District,"6.0167° N, 80.2500° E","Rumassala Mountain is a scenic coastal hill near Unawatuna known for forests, ocean views, biodiversity, and legends connected to the Ramayana. It is also home to the Japanese Peace Pagoda.","Rumassala has ancient folklore connections and has long been recognized as a unique ecological area. During colonial times, it was also used as a landmark for ships approaching Galle Harbour.",Natural mountain formation,Ancient geological formation linked with Ramayana legends,Biodiversity hotspot and coastal viewpoint.,"Hiking, Japanese Peace Pagoda, ocean views, wildlife.",Daylight hours,Free,November–April; sunset,"Unawatuna Beach, Jungle Beach, Japanese Peace Pagoda, Galle Fort, Galle Lighthouse","Thaproban Pavilion, Levels Unawatuna, Calamander, Jetwing Lighthouse, Fort Bazaar","Kingfisher, Happy Banana, Tartaruga, Bedspace Beach, La Boheme",,
180,Galle Maritime Museum,Museum,Southern Province – Galle District,"6.0267° N, 80.2170° E","Galle Maritime Museum displays exhibits related to Sri Lanka’s naval history, marine ecosystems, traditional fishing, and coastal culture. It is located inside the historic Galle Fort.",The museum was established in 1992 within a Dutch colonial warehouse building dating from the 17th century. It preserves maritime heritage connected with Sri Lanka’s long history of Indian Ocean trade and navigation.,Department of National Museums,Opened in 1992; restored after tsunami,Displays Sri Lanka’s maritime history and coastal heritage.,"Ship models, marine artifacts, naval history, exhibits.",9:00 AM – 4:30 PM (closed Sundays/Mondays),1–2 hours,Approx. USD 5,November–April; morning,"Galle Fort, Lighthouse, Dutch Church, Unawatuna, Japanese Peace Pagoda","Amangalla, Fort Bazaar, Galle Fort Hotel, Jetwing Lighthouse, Bartizan","A Minute by Tuk Tuk, Pedlar’s Inn Cafe, Poonie’s Kitchen, Tuna & Crab, Fortaleza",
181,Dutch Reformed Church Galle,Church / Religious Site,Southern Province – Galle District,"6.0270° N, 80.2167° E","The Dutch Reformed Church inside Galle Fort is one of Sri Lanka’s oldest Protestant churches, known for its colonial architecture, historic tombstones, and beautiful interior. It is an important heritage monument within the UNESCO-listed fort.","The church was built by the Dutch in 1755 during their rule of Galle. It was constructed on the site of an earlier Portuguese church and served as a major place of worship for Dutch officials, settlers, and soldiers.",Dutch East India Company,Built 1755 AD,Important Dutch colonial religious monument.,"Historic tombstones, architecture, wooden pulpit, interiors.",9:00 AM – 5:00 PM,30–60 minutes,Free / Donation,November–April; morning,"Galle Fort, Maritime Museum, Lighthouse, National Museum, Unawatuna","Amangalla, Fort Bazaar, Galle Fort Hotel, Jetwing Lighthouse, Bartizan","Pedlar’s Inn Cafe, A Minute by Tuk Tuk, Tuna & Crab, Poonie’s Kitchen, Fortaleza",
182,Ambalangoda Mask Museum,Museum / Cultural Site,Southern Province – Galle District,"6.2333° N, 80.0667° E","Ambalangoda Mask Museum showcases Sri Lanka’s traditional wooden mask-making art, including colourful masks used in cultural dances and rituals. It preserves one of the island’s most unique folk traditions.","Traditional mask carving in Ambalangoda has existed for centuries, especially connected with healing rituals and Kolam dance performances. The museum was established to preserve and promote this indigenous artistic heritage.",Ariyapala family,Established in 1982,Preserves traditional Sri Lankan mask-making culture.,"Mask collections, workshops, carvings, demonstrations.",9:00 AM – 5:00 PM,1 hour,Approx. USD 5,November–April; morning,"Madampe Lake, Hikkaduwa, Galle Fort, Bentota, Madu River","Hikka Tranz, Coral Sands, Citrus Hikkaduwa, Taj Bentota, Cinnamon Bentota","Mamas Coral Beach, Refresh Restaurant, Amal Restaurant, seafood restaurants, local cafes",
183,Madampe Lake,Lake,Southern Province – Galle District,"6.2667° N, 80.0500° E","Madampe Lake is a peaceful coastal lagoon near Ambalangoda, surrounded by mangroves, villages, and rich birdlife. It is suitable for boat rides, nature exploration, and eco-tourism activities.",The lagoon has traditionally supported fishing communities and local agriculture. Its importance has increased with modern wetland conservation and eco-tourism initiatives along Sri Lanka’s southern coast.,Natural lagoon ecosystem,Natural formation,Scenic wetland area known for biodiversity and village life.,"Boat rides, bird watching, mangroves, photography.",Daylight hours,Free/boat fees,November–April; morning,"Ambalangoda Mask Museum, Hikkaduwa, Madu River, Bentota, Galle Fort","Hikka Tranz, Coral Sands, Citrus Hikkaduwa, Taj Bentota, Cinnamon Bentota","Seafood restaurants, local cafes, Amal Restaurant, Refresh Restaurant, beach restaurants",,
184,Beruwala Lighthouse,Lighthouse,Western Province – Kalutara District,"6.4667° N, 79.9833° E",Beruwala Lighthouse is a coastal navigation landmark located near the historic Beruwala harbour area. It offers scenic views of the Indian Ocean and surrounding coastline.,"The lighthouse was developed during the British colonial period to support maritime navigation around Beruwala, one of Sri Lanka’s oldest trading ports. The area has a long history connected with Arab traders and Indian Ocean commerce.",British colonial administration,1889 AD,Historic lighthouse on Barberyn Island.,"Lighthouse, island views, boat ride, coastal scenery.",8:00 AM – 5:00 PM,2 hours,Boat fee applies,November–April; morning,"Beruwala Beach, Bentota, Brief Garden, Madu River, Kande Viharaya","Cinnamon Bey Beruwala, Taj Bentota, Avani Bentota, Centara Ceysands, The Surf Bentota","Amal Restaurant, Pier 88, Malli’s Seafood, Golden Grill, Aida Restaurant",
185,Kalpitiya Dutch Fort,Fort / Historical Site,North Western Province – Puttalam District,"8.2333° N, 79.7667° E",Kalpitiya Dutch Fort is a colonial-era fortress located near the lagoon and coastline. It reflects the strategic importance of Kalpitiya during European colonial competition.,"The Portuguese built the original fort in the early 17th century, and the Dutch captured and rebuilt it in 1667. The fort was used to control coastal trade routes, especially the cinnamon and pearl fisheries.",Dutch East India Company,Built 1667–1676,Colonial fort representing Dutch coastal trading history.,"Fort walls, lagoon views, colonial ruins.",8:00 AM – 5:00 PM,1 hour,Free,November–March; morning,"Kalpitiya Beach, Dolphin watching, St Anne’s Shrine, Bar Reef, Puttalam Lagoon","Bar Reef Resort, Palagama Beach, Dolphin Beach Resort, Salt Bay Kite Resort, Ruins Villa","Tuna & Crab Restaurant, The Crab Shack, Kite House Cafe, beach restaurants, seafood restaurants",
186,Puttalam Lagoon,Lagoon / Wetland,North Western Province – Puttalam District,"8.0333° N, 79.8333° E","Puttalam Lagoon is a large coastal lagoon famous for mangroves, birdlife, fishing, and scenic landscapes. It is an important wetland ecosystem on Sri Lanka’s northwest coast.",The lagoon has supported fishing communities for centuries and was historically connected with coastal trade routes. Its ecosystem remains important for biodiversity conservation and local livelihoods.,Natural lagoon ecosystem,Natural formation,"Important wetland supporting fishing, birds, and marine ecosystems.","Boat tours, bird watching, mangroves, fishing villages.",7:00 AM – 5:00 PM,2–3 hours,Boat fees apply,November–March; morning,"Kalpitiya, Dutch Fort, Wilpattu, Anawilundawa, St Anne’s Shrine","Bar Reef Resort, Palagama Beach, local Puttalam hotels, Dolphin Beach Resort, Salt Bay Kite Resort","Seafood restaurants, Tuna & Crab, Kite House Cafe, local cafes, hotel restaurants",
187,Maho Railway Station Heritage Site,Heritage Site / Railway Station,North Western Province – Kurunegala District,"7.8167° N, 80.2667° E",Maho Railway Station is a historic railway junction in Sri Lanka known for its colonial-era railway architecture and importance in the national railway network. It connects several major routes across the island.,The railway station developed during the British colonial period when railway expansion connected agricultural regions with ports and cities. It became an important transportation hub after the railway network expanded in the late 19th and early 20th centuries.,Sri Lanka Railways,Colonial railway era (early 20th century),Represents Sri Lanka’s railway heritage and northern transport history.,"Historic station architecture, railway photography, train views.",Station operating hours,30–60 minutes,Free,Year-round; morning,"Yapahuwa, Anuradhapura, Kala Wewa, Kurunegala, Ridi Viharaya","Rajarata Hotel, Heritage Hotel Anuradhapura, Avasta Resort, local Maho hotels, Yapahuwa hotels","Local restaurants, Seedevi Restaurant, Casserole Restaurant, Milano Restaurant, village cafes",
188,Kurunegala Lake,Lake,North Western Province – Kurunegala District,"7.4833° N, 80.3667° E",Kurunegala Lake is a scenic urban lake surrounded by greenery and the famous Elephant Rock (Ethagala). It is a popular recreational area for locals and visitors.,"The lake is located near the medieval capital of Kurunegala, which served as Sri Lanka’s capital during the 13th–14th centuries. The area has historical connections with ancient kingdoms and irrigation traditions.",Ancient kings; developed as modern reservoir,Ancient irrigation origins,Important urban landmark and recreational area.,"Lake views, walking paths, bird watching, sunset views.",Open access,1–2 hours,Free,January–April; evening,"Ethagala Rock, Athugala, Ridi Viharaya, Dambadeniya, Arankele","Kandyan Reach Hotel, Hotel Topaz, Earl’s Regency, Grand Kandyan, Kurunegala hotels","Saruketha Restaurant, The Hangout, local cafes, food courts, hotel restaurants",
189,Ethagala Rock,Rock / Viewpoint,North Western Province – Kurunegala District,"7.4833° N, 80.3667° E",Ethagala Rock is a giant elephant-shaped rock overlooking Kurunegala city and is one of the region’s most recognizable landmarks. It provides panoramic views and has cultural significance.,"The rock has long been associated with local legends explaining the elephant-like shape. It is located near the ancient city of Kurunegala, which was an important medieval royal capital.",Natural rock formation,Geological formation,Famous Kurunegala landmark shaped like an elephant.,"Rock viewpoint, Buddha statue, city panorama, hiking.",6:00 AM – 6:00 PM,1–2 hours,Free,January–April; sunset,"Kurunegala Lake, Ridi Viharaya, Dambadeniya, Arankele, Yapahuwa","Kandyan Reach Hotel, Hotel Topaz, Grand Kandyan, Earl’s Regency, local hotels","Saruketha Restaurant, The Hangout, local restaurants, cafes, food courts",
190,Ridiyagama Safari Park,Wildlife Park,Southern Province – Hambantota District,"6.1500° N, 81.0500° E","Ridiyagama Safari Park is Sri Lanka’s first open safari park, featuring animals from different regions of the world. Visitors can observe wildlife in large natural-style enclosures.",The park was opened in 2016 as part of Sri Lanka’s wildlife tourism development. It was created to provide a modern wildlife experience while supporting conservation and public education.,Department of National Zoological Gardens,Opened in 2016,Sri Lanka’s first open safari park for wildlife conservation and education.,"Safari zones, lions, giraffes, elephants, animal viewing.",8:30 AM – 5:30 PM,3–4 hours,Approx. USD 15–20,May–September; morning,"Hambantota, Bundala, Yala, Mattala, Tissamaharama","Shangri-La Hambantota, Jetwing Yala, Kithala Resort, Hotel Chandrika, Grand Tamarind Lake","The Deck Restaurant, Shangri-La restaurants, local Hambantota restaurants, hotel restaurants, seafood restaurants",
191,Elephant Transit Home Udawalawe,Wildlife Conservation Centre,Sabaragamuwa Province – Ratnapura District,"6.4500° N, 80.9000° E",Elephant Transit Home is a conservation centre near Udawalawe National Park that cares for orphaned baby elephants before releasing them back into the wild. It focuses on rehabilitation rather than permanent captivity.,The centre was established in 1995 by the Department of Wildlife Conservation with support from conservation organizations. It has successfully rehabilitated many injured and orphaned elephants and released them into protected habitats.,Department of Wildlife Conservation,Established in 1995,Conservation centre rehabilitating orphaned elephants before release.,"Elephant feeding, conservation programs, viewing platform.",8:30 AM – 6:00 PM,1–2 hours,Approx. USD 5–10,May–September; feeding times,"Udawalawe National Park, Reservoir, Bambarakanda Falls, Diyaluma Falls, Ratnapura","Grand Udawalawe Safari Resort, Athgira River Camping, Kalu’s Hideaway, Elephant Trail, Silent Bungalow","Athgira Restaurant, Wildlife Safari Restaurant, Green Park Restaurant, local cafes, hotel restaurants",
192,Sinharaja Pitadeniya Entrance,Rainforest / Nature Site,Sabaragamuwa Province – Ratnapura District,"6.4000° N, 80.5000° E","Pitadeniya Entrance is one of the main access points to Sinharaja Forest Reserve, offering guided rainforest trails and opportunities to observe endemic species. It is popular among hikers and nature enthusiasts.",The entrance was developed as part of conservation management for Sinharaja after the forest became internationally recognized. Sinharaja was declared a UNESCO World Heritage Site in 1988 due to its exceptional biodiversity.,Department of Forest Conservation,Protected since 1875,Gateway to UNESCO Sinharaja rainforest conservation area.,"Rainforest trails, endemic species, waterfalls, bird watching.",6:00 AM – 6:00 PM,4–6 hours,Approx. USD 10–20 + guide,January–April; morning,"Sinharaja Forest, Deniyaya, Maduwanwela Walawwa, Udawalawe, Ratnapura","Sinharaja Forest Edge, Rainforest Eco Lodge, Blue Magpie Lodge, Lavenro Hotel, Boulder Garden","Forest Edge Restaurant, Eco Villa Restaurant, Deniyaya cafes, local restaurants, lodge restaurants",
193,Beddagana Wetland Park,Wetland Park,Western Province – Colombo District,"6.8500° N, 79.9000° E","Beddagana Wetland Park is an urban nature park near Colombo featuring wetlands, walking paths, birdlife, butterflies, and scenic views. It demonstrates the ecological value of urban wetlands.",The park was developed in 2016 by the Sri Jayawardenepura Kotte municipal authorities to conserve urban wetland ecosystems. The area forms part of the Diyawanna Oya wetland network near Sri Lanka’s administrative capital.,Urban Development Authority,Opened in 2016,Protects Colombo wetlands and urban biodiversity.,"Walking trails, birds, butterflies, wetlands, photography.",6:00 AM – 6:00 PM,1–2 hours,Approx. USD 5,November–April; morning/evening,"Diyasaru Park, Parliament, Diyatha Uyana, Independence Square, Colombo","Hilton Colombo, Cinnamon Grand, Shangri-La Colombo, Galle Face Hotel, Mövenpick Colombo","Ministry of Crab, Nihonbashi, Upali’s, The Gallery Cafe, Nuga Gama",
194,Diyasaru Park,Urban Wetland Park,Western Province – Colombo District,"6.8500° N, 79.9000° E","Diyasaru Park is a wetland conservation park located in Sri Jayawardenepura Kotte, known for bird watching, walking trails, and biodiversity. It provides a natural escape within the city area.",The park was established to protect the urban wetlands around Diyawanna Oya and promote environmental education. It represents modern efforts to conserve Colombo’s remaining wetland habitats.,Sri Lanka Land Reclamation and Development Corporation,Opened in 2017,Wetland conservation and environmental education centre.,"Bird watching, boardwalks, canoe rides, nature trails.",6:00 AM – 6:00 PM,1–2 hours,Approx. USD 5,November–April; morning,"Beddagana Wetland Park, Parliament, Diyatha Uyana, Ape Gama, Colombo","Hilton Colombo, Cinnamon Grand, Shangri-La Colombo, Galle Face Hotel, Mövenpick Colombo","Ministry of Crab, Nihonbashi, Upali’s, The Gallery Cafe, Nuga Gama",
195,Colombo Port Maritime Area,Port / Urban Attraction,Western Province – Colombo District,"6.9400° N, 79.8500° E","Colombo Port Maritime Area is a major harbour zone representing Sri Lanka’s importance as an Indian Ocean trading centre. It includes harbour views, maritime activities, and the historic connection between Colombo and global shipping.","Colombo Port has been a major trading harbour for centuries, with influences from Arab, Portuguese, Dutch, and British maritime powers. Modern port development expanded significantly during the colonial period and continues to serve as one of South Asia’s busiest transshipment hubs.",Colonial port authorities,Developed from colonial period onward,Represents Sri Lanka’s maritime trade history.,"Port views, ships, harbour scenery, maritime activities.",Restricted access areas,1 hour,Free/permission may apply,Year-round; evening,"Dutch Hospital, Lighthouse, Fort, Red Mosque, Galle Face Green","Galle Face Hotel, Shangri-La Colombo, Hilton Colombo, Cinnamon Grand, Mövenpick Colombo","Ministry of Crab, Nihonbashi, The Lagoon, Upali’s, The Gallery Cafe",
196,Port City Colombo,Urban Development / Waterfront Area,Western Province – Colombo District,"6.9530° N, 79.8400° E","Port City Colombo is a modern reclaimed waterfront development located beside Colombo Harbour. It is planned as a financial, residential, and tourism hub featuring parks, business areas, and waterfront attractions.",The project began in 2014 as a major urban development initiative involving land reclamation from the sea. It represents one of Sri Lanka’s largest modern infrastructure projects aimed at expanding Colombo’s economic and commercial capacity.,CHEC Port City Colombo,Construction began 2014,Modern urban development project representing Sri Lanka’s future city planning.,"Waterfront promenade, views, events, photography.",Public areas vary,1–2 hours,Free,November–April; sunset,"Galle Face Green, Lotus Tower, Dutch Hospital, Colombo Fort, Lighthouse","Shangri-La Colombo, Galle Face Hotel, Hilton Colombo, Cinnamon Grand, Mövenpick Colombo","Ministry of Crab, Nihonbashi, The Lagoon, Upali’s, The Gallery Cafe",
197,BMICH (Bandaranaike Memorial International Conference Hall),Convention Centre / Landmark,Western Province – Colombo District,"6.8977° N, 79.8680° E","BMICH is a landmark convention centre in Colombo known for international conferences, exhibitions, and cultural events. Its distinctive architecture makes it one of the city’s most recognizable buildings.",BMICH was built between 1973 and 1975 as a gift from the People’s Republic of China to Sri Lanka in memory of former Prime Minister S. W. R. D. Bandaranaike. It was the first purpose-built international conference hall in South Asia.,Built with Chinese government assistance,Opened in 1973,Important diplomatic and conference landmark of Sri Lanka.,"Architecture, exhibitions, gardens, events.",9:00 AM – 5:00 PM (events vary),1 hour,Free/varies by event,Year-round; daytime,"Independence Hall, National Museum, Viharamahadevi Park, Lotus Tower, Gangaramaya Temple","Cinnamon Grand, Shangri-La Colombo, Hilton Colombo, Mövenpick, Galle Face Hotel","Ministry of Crab, Upali’s, Nuga Gama, Gallery Cafe, Nihonbashi",
198,Nelum Pokuna Theatre,Theatre / Cultural Site,Western Province – Colombo District,"6.9095° N, 79.8650° E","Nelum Pokuna Mahinda Rajapaksa Theatre is a modern performing arts centre in Colombo hosting concerts, theatre productions, and cultural events. Its lotus-inspired design is a major architectural feature.",The theatre opened in 2011 and was inspired by the ancient “Nelum Pokuna” (lotus pond) concept from Sri Lankan history. It was developed to provide a world-class venue for performing arts and entertainment.,Government of Sri Lanka,Opened in 2011,Major performing arts venue promoting Sri Lankan culture.,"Theatre performances, architecture, cultural shows.",Event-based,1–3 hours,Event dependent,Year-round; evening shows,"National Museum, Viharamahadevi Park, Independence Hall, BMICH, Gangaramaya","Cinnamon Grand, Shangri-La, Hilton Colombo, Mövenpick, Galle Face Hotel","Ministry of Crab, Upali’s, Nuga Gama, Nihonbashi, Gallery Cafe",
199,Old Parliament Building Colombo,Historical Building / Monument,Western Province – Colombo District,"6.9347° N, 79.8417° E",The Old Parliament Building is a historic colonial-era structure located near the Colombo Fort waterfront. It is known for its neoclassical architecture and historical political importance.,The building was constructed in 1930 during British colonial rule and originally served as the Legislative Council building. It remained Sri Lanka’s parliamentary building until the legislature moved to Sri Jayawardenepura Kotte in 1983.,British colonial government,Built 1930 AD,Historic government building representing Sri Lanka’s colonial and political heritage.,"Colonial architecture, gardens, waterfront views, photography.",Exterior viewing only,30–60 minutes,Free,November–April; evening,"Galle Face Green, Colombo Fort, Port City, Lighthouse, Dutch Hospital","Galle Face Hotel, Shangri-La Colombo, Hilton Colombo, Cinnamon Grand, Mövenpick Colombo","Ministry of Crab, Nihonbashi, The Lagoon, Upali’s, The Gallery Cafe",
200,Independence Square Arcade,Shopping / Heritage Complex,Western Province – Colombo District,"6.9025° N, 79.8697° E",Independence Square Arcade is a shopping and leisure complex located near Independence Memorial Hall. It combines colonial-era architecture with modern retail and dining facilities.,"The arcade was developed through the restoration of former colonial buildings, including parts of the old Independence Commemoration structures. It reflects efforts to preserve historic architecture while creating modern public spaces.",Urban Development Authority,Developed in 2014,Modern shopping and leisure space integrated with national heritage surroundings.,"Shopping, restaurants, colonial buildings, gardens, walking area.",10:00 AM – 10:00 PM,1–2 hours,Free,November–April; evening,"Independence Memorial Hall, BMICH, National Museum, Viharamahadevi Park, Nelum Pokuna","Cinnamon Grand Colombo, Shangri-La Colombo, Hilton Colombo, Mövenpick Colombo, Galle Face Hotel","Ministry of Crab, Nihonbashi, Upali’s, Nuga Gama, The Gallery Cafe",
201,Colombo Dutch Hospital,Historical Building / Shopping Precinct,Western Province – Colombo District,"6.9347° N, 79.8428° E","Colombo Dutch Hospital is one of the oldest surviving Dutch colonial buildings in Sri Lanka, now converted into a shopping and dining area. It is located in the historic Colombo Fort district.","The building was constructed by the Dutch East India Company around the late 17th century as a hospital for Dutch officials and soldiers. After serving various purposes under British rule, it was restored as a heritage attraction.",Dutch East India Company,Built around 1681 AD,"One of Colombo’s oldest Dutch colonial buildings, now a heritage shopping precinct.","Colonial architecture, restaurants, boutiques, courtyard.",10:00 AM – 11:00 PM (varies),1–2 hours,Free,Year-round; evening,"Colombo Fort, Red Mosque, Lighthouse, Galle Face Green, Port City","Galle Face Hotel, Shangri-La Colombo, Hilton Colombo, Cinnamon Grand, Mövenpick Colombo","Ministry of Crab, Nihonbashi, The Lagoon, Upali’s, Colombo Fort Cafe",
202,Wolvendaal Church,Church / Religious Site,Western Province – Colombo District,"6.9472° N, 79.8653° E","Wolvendaal Church is one of Sri Lanka’s oldest Protestant churches, located in Colombo’s Pettah area. It is famous for its Dutch colonial architecture, tombstones, and historical significance.",The church was built by the Dutch in 1757 during their control of Colombo. It served the Dutch Reformed community and remains one of the best-preserved Dutch colonial religious buildings in Sri Lanka.,Dutch Reformed Church,Built 1749 AD,One of Sri Lanka’s oldest Protestant churches and Dutch colonial monuments.,"Dutch architecture, historic tombstones, wooden furniture, interiors.",8:30 AM – 4:00 PM,1 hour,Free / Donation,November–April; morning,"Dutch Hospital, Pettah Market, Red Mosque, Colombo Fort, Lighthouse","Hilton Colombo, Cinnamon Grand, Shangri-La, Galle Face Hotel, Mövenpick Colombo","Ministry of Crab, Nihonbashi, Upali’s, The Lagoon, local Pettah restaurants",
203,St. Lucia's Cathedral Colombo,Church / Religious Site,Western Province – Colombo District,"6.9547° N, 79.8667° E","St. Lucia’s Cathedral is the largest Roman Catholic cathedral in Sri Lanka, known for its impressive architecture, stained glass, and religious importance. It is a major Catholic landmark in Colombo.",Construction began in 1873 and the cathedral was completed in 1902 during the British colonial period. It became the seat of the Archbishop of Colombo and an important centre of Catholic worship.,Catholic Church community,Construction 1873–1905,Largest Catholic cathedral in Sri Lanka and major Christian landmark.,"Cathedral architecture, statues, religious ceremonies, stained glass.",6:00 AM – 7:00 PM,30–60 minutes,Free,Year-round; morning/evening,"Wolvendaal Church, Colombo Fort, Red Mosque, Dutch Hospital, Kelaniya Temple","Hilton Colombo, Cinnamon Grand, Shangri-La Colombo, Galle Face Hotel, Mövenpick Colombo","Ministry of Crab, Nihonbashi, Upali’s, local Colombo restaurants, The Gallery Cafe",
204,Gangaramaya Seema Malaka,Temple / Religious Site,Western Province – Colombo District,"6.9150° N, 79.8575° E",Seema Malaka is a peaceful Buddhist meditation and ceremonial centre located on Beira Lake near Gangaramaya Temple. It is known for its elegant floating pavilion design.,"Seema Malaka was designed by renowned architect Geoffrey Bawa and opened in 1979. It serves as a place for Buddhist ceremonies, especially the ordination of monks, and was built as part of the Gangaramaya Temple complex.",Designed by Geoffrey Bawa; Gangaramaya Temple,Opened in 1979,Buddhist meditation centre located on Beira Lake.,"Floating temple, lake views, Buddha statues, peaceful surroundings.",6:00 AM – 10:00 PM,30–60 minutes,Donation,November–April; sunset,"Gangaramaya Temple, Beira Lake, Lotus Tower, Galle Face Green, National Museum","Cinnamon Grand, Shangri-La Colombo, Hilton Colombo, Galle Face Hotel, Mövenpick Colombo","Ministry of Crab, Nihonbashi, Upali’s, Nuga Gama, The Gallery Cafe",
205,Diyatha Uyana,Urban Park / Waterfront Park,Western Province – Colombo District,"6.9050° N, 79.9100° E","Diyatha Uyana is a scenic urban waterfront park located near Sri Jayawardenepura Kotte. It features walking paths, gardens, food stalls, and views of the Diyawanna Oya wetland.",The park was opened in 2012 as part of urban beautification and wetland conservation projects. It was developed on previously underused land near the Sri Lankan Parliament area.,Urban Development Authority,Opened in 2012,Recreational wetland park promoting urban environmental conservation.,"Floating market, walking paths, lake views, food stalls, gardens.",7:00 AM – 10:00 PM,1–2 hours,Free,November–April; evening,"Parliament of Sri Lanka, Beddagana Wetland Park, Diyasaru Park, Ape Gama, Independence Square","Hilton Colombo, Cinnamon Grand, Shangri-La Colombo, Mövenpick, Galle Face Hotel","Ministry of Crab, Upali’s, Nuga Gama, The Gallery Cafe, local food stalls",
206,Parliament of Sri Lanka,Government Building / Landmark,Western Province – Colombo District,"6.8910° N, 79.9180° E","The Parliament of Sri Lanka is the country’s legislative building located on an island in Diyawanna Oya, Sri Jayawardenepura Kotte. It is famous for its unique architecture surrounded by water.",The Parliament complex was designed by architect Geoffrey Bawa and opened in 1982 when the administrative capital moved from Colombo to Sri Jayawardenepura Kotte. It represents Sri Lanka’s modern political development.,Designed by Geoffrey Bawa,Opened in 1982,Seat of Sri Lanka’s legislature and modern architectural landmark.,"Island setting, Japanese-inspired architecture, lake views.",Exterior viewing; guided visits vary,30–60 minutes,Free/permission required,November–April; morning,"Diyatha Uyana, Beddagana Wetland Park, Diyasaru Park, Ape Gama, Kelani Bridge","Hilton Colombo, Cinnamon Grand, Shangri-La Colombo, Mövenpick, Galle Face Hotel","Ministry of Crab, Upali’s, Nuga Gama, The Gallery Cafe, local restaurants",
207,Ape Gama,Cultural Village / Heritage Site,Western Province – Colombo District,"6.8915° N, 79.9185° E","Ape Gama is a cultural village near the Parliament area showcasing traditional Sri Lankan village life, crafts, agriculture, and customs. It provides visitors with an educational cultural experience.",Ape Gama was established as a cultural preservation project to display traditional lifestyles and heritage practices. It was developed in the modern era to promote awareness of Sri Lanka’s rural culture.,Government cultural village project,Opened in 2009,Showcases traditional Sri Lankan village lifestyle and heritage.,"Traditional houses, crafts, demonstrations, cultural activities.",9:00 AM – 5:00 PM,1–2 hours,Approx. USD 3–5,November–April; morning,"Parliament, Diyatha Uyana, Diyasaru Park, Beddagana Wetland Park, Independence Square","Hilton Colombo, Cinnamon Grand, Shangri-La, Mövenpick, Galle Face Hotel","Local Sri Lankan restaurants, Nuga Gama, Upali’s, Gallery Cafe, Colombo cafes",
208,Kelani Bridge,Bridge,Western Province – Colombo District,"6.9567° N, 79.8783° E","Kelani Bridge is a major bridge crossing the Kelani River, connecting Colombo with northern and eastern routes. It is an important transportation landmark in the western province.","The Kelani River has been historically important for trade and settlement development around Colombo. Several bridges have existed at this location, with modern versions built to support increasing transport needs.",British colonial administration,First bridge built 1829; modern bridges later,Important transportation landmark connecting Colombo and Kelaniya.,"River views, bridge architecture, city photography.",Open access,Free,Year-round; evening,"Kelaniya Temple, Colombo Fort, St Lucia’s Cathedral, Dutch Hospital, Port City","Hilton Colombo, Cinnamon Grand, Shangri-La, Pegasus Reef Hotel, Galle Face Hotel","Ministry of Crab, Upali’s, local Kelaniya restaurants, Nihonbashi, The Gallery Cafe",,
209,Attidiya Bird Sanctuary,Bird Sanctuary / Wetland,Western Province – Colombo District,"6.8167° N, 79.8833° E","Attidiya Bird Sanctuary is an urban wetland area near Colombo famous for migratory birds, butterflies, and aquatic wildlife. It is a valuable natural refuge close to the city.",The sanctuary was declared a protected area in 1990 to conserve wetland biodiversity. It forms part of the Bolgoda wetland system and plays an important role in protecting urban wildlife habitats.,Department of Wildlife Conservation,Declared protected wetland area in 1990,Important urban wetland supporting bird and wildlife conservation.,"Bird watching, wetlands, butterflies, nature trails.",6:00 AM – 6:00 PM,1–2 hours,Free,November–April; early morning,"Beddagana Wetland Park, Diyasaru Park, Mount Lavinia Beach, Dehiwala Zoo, Colombo","Mount Lavinia Hotel, Berjaya Colombo, Hilton Colombo, Cinnamon Grand, Shangri-La Colombo","The Shore by O, Lavinia Breeze, seafood restaurants, Colombo cafes, local restaurants",
210,Bolgoda Lake,Lake / Wetland,Western Province – Colombo District,"6.7500° N, 79.9500° E","Bolgoda Lake is Sri Lanka’s largest freshwater lake system, known for boating, fishing, birdlife, and scenic surroundings. It is a popular recreational and eco-tourism destination near Colombo.","Bolgoda Lake has supported fishing communities and traditional livelihoods for centuries. In modern times, conservation efforts have focused on protecting its wetland ecosystem from urban development pressures.",Natural freshwater lake system,Natural formation,Largest freshwater lake in Sri Lanka and popular eco-tourism destination.,"Boat rides, fishing, bird watching, kayaking, sunsets.",7:00 AM – 6:00 PM,2–4 hours,Boat fees apply,November–April; morning/evening,"Piliyandala, Panadura Beach, Kalutara Bodhiya, Mount Lavinia, Colombo","Bolgoda Lake Resort, Water Front Hotel, Mount Lavinia Hotel, Cinnamon Grand, Hilton Colombo","Bolgoda Lake restaurants, seafood restaurants, local cafes, The Shore by O, Colombo restaurants",
211,Panadura Beach,Beach,Western Province – Kalutara District,"6.7133° N, 79.9075° E","Panadura Beach is a coastal attraction near Colombo known for its sandy shoreline, sunsets, and relaxing seaside atmosphere. It is popular among locals for evening walks and leisure activities.",Panadura has a long history as a coastal settlement connected with fishing and trade. The area became more developed during the colonial period due to its location along the western coastal route.,Natural coastal area,Natural formation,Popular west coast beach known for fishing and coastal recreation.,"Beach walks, sunsets, fishing boats, photography.",Open access,1–3 hours,Free,November–April; evening,"Bolgoda Lake, Kalutara Bodhiya, Mount Lavinia Beach, Moratuwa Lake, Colombo","Mount Lavinia Hotel, Berjaya Hotel Colombo, Bolgoda Lake Resort, Cinnamon Grand, Hilton Colombo","Seafood restaurants, The Shore by O, local Panadura restaurants, cafes, beach restaurants",
212,Moratuwa Lake,Lake,Western Province – Colombo District,"6.7733° N, 79.8817° E","Moratuwa Lake is a scenic wetland area surrounded by waterways, mangroves, and local communities. It provides opportunities for boating, fishing, and observing aquatic ecosystems.",The lake has traditionally supported fishing and boat-based livelihoods in Moratuwa. Its wetlands form part of the interconnected coastal water systems of western Sri Lanka.,Natural lagoon/wetland system,Natural formation,Important urban wetland supporting fishing and biodiversity.,"Boat rides, bird watching, mangroves, lake scenery.",Daylight hours,1–2 hours,Boat fees apply,November–April; morning,"Bolgoda Lake, Panadura Beach, Piliyandala, Mount Lavinia, Colombo","Mount Lavinia Hotel, Berjaya Colombo, Bolgoda Lake Resort, Hilton Colombo, Cinnamon Grand","Seafood restaurants, local Moratuwa restaurants, The Shore by O, Colombo cafes, hotel restaurants",
213,Piliyandala Lake,Lake,Western Province – Colombo District,"6.8000° N, 79.9167° E","Piliyandala Lake is a peaceful freshwater wetland area near Colombo, known for birdlife, greenery, and local recreational activities. It offers a quiet natural environment close to urban areas.",The lake has historically supported agriculture and village communities in the area. Modern conservation interest has increased due to the importance of protecting urban freshwater ecosystems.,Natural wetland,Natural formation,Scenic freshwater lake used for recreation and local fishing.,"Bird watching, boating, photography, village scenery.",Daylight hours,1–2 hours,Free/boat fees,November–April; morning,"Bolgoda Lake, Beddagana Wetland Park, Diyasaru Park, Colombo, Panadura Beach","Bolgoda Lake Resort, Mount Lavinia Hotel, Hilton Colombo, Cinnamon Grand, Berjaya Colombo","Local Piliyandala restaurants, seafood restaurants, Colombo cafes, hotel restaurants, food courts",
214,Ruwanwella Fort,Fort / Historical Site,Sabaragamuwa Province – Kegalle District,"7.0500° N, 80.2500° E","Ruwanwella Fort is a historic military site located near the Kelani River, associated with colonial-era defence activities. Although only limited remains exist today, it reflects the strategic importance of the region.",The fort was built during the Portuguese period and later used by the Dutch and British to control routes between the lowlands and central highlands. Its location was important for military movement and trade protection.,Portuguese/Dutch colonial powers,17th century colonial period,Historic fort site connected with colonial defence routes.,"Fort remains, river surroundings, historical exploration.",Daylight hours,30–60 minutes,Free,January–April; morning,"Sitawaka Kingdom, Seethawaka Wet Zone, Avissawella, Bopath Ella, Belilena Cave","Seethawaka Regency, Avissawella hotels, Kithulgala hotels, Heritage Hotel Kandy, local guesthouses","Local Avissawella restaurants, Kithulgala cafes, hotel restaurants, village food outlets, tea shops",
215,Uthuwankanda Mountain,Mountain / Historical Site,Sabaragamuwa Province – Kegalle District,"7.2500° N, 80.4667° E","Uthuwankanda Mountain is a scenic rocky hill near Mawanella known for hiking, forests, and panoramic views. It is also associated with the legendary outlaw Saradiel.","During the British colonial period, Uthuwankanda became famous as the hideout of Saradiel, a Robin Hood-like figure who resisted colonial authorities in the 19th century. The mountain remains linked with local folklore and history.",Natural mountain formation,Geological formation,Historic mountain associated with folklore and legendary figures.,"Hiking, viewpoints, forest scenery, photography.",Daylight hours,2–3 hours,Free,January–April; morning,"Mawanella, Alagalla Mountain, Ambuluwawa, Kadugannawa, Pinnawala","Hotel Elephant Park, The Grand Kandyan, Earl’s Regency, Amaya Hills, local Mawanella hotels","Balaji Dosai, Cafe Aroma Inn, Kandy restaurants, local Mawanella restaurants, hotel dining",
216,Sabaragamuwa University Area,Educational Site / Scenic Area,Sabaragamuwa Province – Ratnapura District,"6.7333° N, 80.7833° E","The Sabaragamuwa University area is surrounded by beautiful hills, rivers, forests, and rural landscapes near Belihuloya. It is known for its natural environment and academic setting.","Sabaragamuwa University was established in 1996 and developed in the central highlands region. The area has historical connections with traditional villages, agriculture, and the natural heritage of Sabaragamuwa Province.",Sabaragamuwa University of Sri Lanka,Established in 1996,Educational and scenic highland area surrounded by natural landscapes.,"Campus views, mountain scenery, Belihuloya environment, hiking areas.",Daylight hours,1–2 hours,Free,January–April; morning,"Belihuloya, Pahanthudawa Falls, Horton Plains, Bambarakanda Falls, Samanalawewa","River Garden Resort, Samanala Resort, Kumbuk Sevena, local eco lodges, Belihuloya Rest House","River Garden Restaurant, local Belihuloya restaurants, eco lodge restaurants, cafes, village food stalls",
217,Pallebedda Sankhapala Temple,Temple / Religious Site,Sabaragamuwa Province – Ratnapura District,"6.4500° N, 80.7500° E","Sankhapala Raja Maha Viharaya is an ancient Buddhist temple near Embilipitiya, known for caves, rock inscriptions, and religious traditions. It is associated with the legendary warrior Pussadeva of King Dutugemunu’s army.","According to tradition, the temple was founded by Pussadeva, one of the ten great warriors of King Dutugemunu, after the unification of Sri Lanka. Archaeological evidence shows ancient cave monasteries dating back to early Buddhist periods.",King Dutugemunu period tradition,Ancient period,Ancient Buddhist cave temple linked with King Dutugemunu legends.,"Cave temples, Buddha statues, inscriptions, murals.",6:00 AM – 6:00 PM,1–2 hours,Donation,January–April; morning,"Ratnapura, Udawalawe, Maduwanwela Walawwa, Sinharaja, Bopath Ella","Centauria Hill Resort, Hotel Gem Land, Ratnaloka Tour Inn, Grand Udawalawe Safari Resort, local hotels","Ratnapura restaurants, Gem Garden Restaurant, hotel restaurants, local cafes, village eateries",
218,Maha Saman Devalaya,Temple / Religious Site,Sabaragamuwa Province – Ratnapura District,"6.6833° N, 80.4000° E","Maha Saman Devalaya in Ratnapura is a major shrine dedicated to Saman Deviyo, the guardian deity of Sri Lanka’s central mountains. It is famous for its annual Esala festival.",The devalaya was established during the reign of King Parakramabahu II in the 13th century. It became an important religious centre associated with the protection of Sri Pada (Adam’s Peak) and the Sabaragamuwa region.,King Parakramabahu II (traditional attribution),Medieval period,"Major shrine dedicated to God Saman, protector deity of Sri Pada.","Temple complex, annual Esala festival, architecture, rituals.",6:00 AM – 8:00 PM,1 hour,Free / Donation,July–September; festival season,"Ratnapura Gem Museum, Bopath Ella, Sinharaja, Adam’s Peak, Udawalawe","Centauria Hill Resort, Hotel Gem Land, Ratnaloka Tour Inn, Sapphire Holiday Resort, local hotels","Ratnapura restaurants, Gem Garden Restaurant, local cafes, hotel restaurants, village eateries",
219,Ratnapura Gem Museum,Museum,Sabaragamuwa Province – Ratnapura District,"6.6833° N, 80.4000° E","Ratnapura Gem Museum showcases Sri Lanka’s famous gemstones, including sapphires, rubies, and other precious stones. It introduces visitors to the island’s long gem-mining tradition.","Ratnapura has been known as Sri Lanka’s “City of Gems” for over two thousand years. Historical records mention Sri Lankan gemstones being traded internationally with ancient civilizations including Rome, Persia, and China.",Local gem industry organizations,Modern establishment,Showcases Sri Lanka’s world-famous gem mining heritage.,"Gem displays, jewellery, mining information, exhibitions.",9:00 AM – 5:00 PM,1 hour,Approx. USD 5,January–April; morning,"Maha Saman Devalaya, Bopath Ella, Sinharaja, Udawalawe, Adam’s Peak","Centauria Hill Resort, Hotel Gem Land, Ratnaloka Tour Inn, Sapphire Holiday Resort, local hotels","Gem Garden Restaurant, Ratnapura restaurants, hotel restaurants, cafes, local food outlets",
220,Nil Diya Pokuna Cave,Cave / Natural Attraction,Uva Province – Badulla District,"6.8500° N, 81.0667° E",Nil Diya Pokuna is an underground cave attraction near Ella known for its blue underground pool and mysterious natural environment. It is a popular adventure destination.,"The cave has no confirmed ancient historical records, but local legends connect it with King Ravana and the Ramayana tradition. It became popular as an adventure tourism site through modern exploration.",Natural cave formation,Geological formation,Underground cave pool linked with local legends and adventure tourism.,"Cave exploration, underground pool, rock formations.",8:00 AM – 5:00 PM,2–3 hours,Approx. USD 10–15,January–April; morning,"Ella, Ravana Cave, Ravana Falls, Diyaluma Falls, Bandarawela","98 Acres Resort, Mountain Heavens, Ella Flower Garden Resort, Jetwing Kaduruketha, Morning Dew Hotel","Cafe Chill, Matey Hut, AK Ristoro, Ella restaurants, local cafes",
221,Ella Spice Garden,Garden / Cultural Attraction,Uva Province – Badulla District,"6.8667° N, 81.0500° E","Ella Spice Garden introduces visitors to Sri Lanka’s traditional spices, medicinal plants, and herbal knowledge. It offers educational experiences about cinnamon, cardamom, pepper, and other crops.","Spice cultivation has been an important part of Sri Lanka’s history for centuries, attracting traders from Arabia and Europe. Modern spice gardens preserve this agricultural heritage for visitors.",Local spice growers,Modern tourism attraction,Introduces Sri Lanka’s traditional spices and herbal uses.,"Spice demonstrations, herbal products, cooking experiences.",8:00 AM – 6:00 PM,1 hour,Free/activities charged,January–April; morning,"Ella Rock, Nine Arches Bridge, Little Adam’s Peak, Ravana Falls, Demodara","98 Acres Resort, Mountain Heavens, Ella Flower Garden Resort, EKHO Ella, Morning Dew Hotel","Cafe Chill, Matey Hut, AK Ristoro, Dream Cafe, Ella restaurants",
222,Demodara Railway Station,Railway Heritage Site,Uva Province – Badulla District,"6.9000° N, 81.0500° E",Demodara Railway Station is a historic railway station famous for its unique architecture and location near the Demodara Loop. It is one of Sri Lanka’s most scenic railway stops.,The station was built during the British colonial railway expansion in the early 20th century. It became famous because of the engineering challenge of constructing the railway loop through the mountainous terrain.,British colonial railway administration,Opened in early 20th century,Famous railway heritage location near the Demodara Loop.,"Colonial station building, trains, railway photography.",Railway operating hours,30–60 minutes,Free,January–April; morning,"Demodara Loop, Nine Arches Bridge, Ella, Little Adam’s Peak, Ravana Falls","98 Acres Resort, Mountain Heavens, Ella Flower Garden Resort, EKHO Ella, Morning Dew Hotel","Cafe Chill, Matey Hut, Dream Cafe, AK Ristoro, local cafes",
223,Demodara Loop,Railway Landmark,Uva Province – Badulla District,"6.9000° N, 81.0500° E",Demodara Loop is a remarkable railway engineering feature where the track makes a complete loop and passes beneath itself. It is considered one of Sri Lanka’s most fascinating railway landmarks.,The loop was constructed during the British colonial period as part of the Badulla railway extension. The design solved the problem of gaining elevation through the steep mountain landscape.,British railway engineers,Completed around 1921,Engineering landmark demonstrating colonial railway innovation.,"Spiral railway track, tunnel, train views, photography.",Daylight hours,1 hour,Free,January–April; train passing times,"Demodara Station, Ella, Nine Arches Bridge, Ravana Falls, Little Adam’s Peak","98 Acres Resort, Mountain Heavens, Ella Flower Garden Resort, EKHO Ella, Morning Dew Hotel","Cafe Chill, Matey Hut, AK Ristoro, Dream Cafe, Ella restaurants",
224,Bogoda Wooden Bridge,Bridge / Heritage Site,Uva Province – Badulla District,"6.9500° N, 81.0167° E","Bogoda Wooden Bridge is an ancient covered wooden bridge near Badulla, famous for its traditional construction and Buddhist-era craftsmanship. It is one of Sri Lanka’s oldest surviving wooden bridges.","The bridge is believed to date back to the Kandyan period, possibly around the 16th century. It was built using traditional wooden techniques and served as an important crossing point for local travellers.",Kandyan craftsmen,Estimated 16th century,One of Sri Lanka’s oldest surviving wooden bridges with Buddhist heritage.,"Wooden architecture, temple surroundings, forest scenery.",8:00 AM – 5:00 PM,1 hour,Donation,January–April; morning,"Badulla, Muthiyangana Temple, Dunhinda Falls, Ella, Demodara","The Grand Bandarawela, Orient Hotel, Ella hotels, Badulla hotels, local guesthouses","Cafe Chill, Matey Hut, Badulla restaurants, local cafes, hotel restaurants",
225,Muthiyangana Raja Maha Viharaya,Temple / Religious Site,Uva Province – Badulla District,"6.9833° N, 81.0500° E",Muthiyangana Raja Maha Viharaya is an ancient Buddhist temple in Badulla believed to be one of the sixteen sacred places of Buddhism in Sri Lanka. It is known for its historic stupa and religious importance.,"According to Buddhist tradition, the Buddha visited Muthiyangana during his third visit to Sri Lanka and left relics at the site. The temple was developed over centuries by various kings, becoming an important pilgrimage centre.",Ancient Buddhist tradition; associated with Buddha’s visit,Ancient period,One of the Solosmasthana sacred Buddhist sites in Sri Lanka.,"Stupa, temple paintings, Buddha relic traditions, ceremonies.",5:00 AM – 8:00 PM,1 hour,Free / Donation,January–April; morning,"Dunhinda Falls, Badulla Fort, Bogoda Bridge, Ella, Demodara","The Grand Bandarawela, Orient Hotel, Badulla hotels, Ella hotels, local guesthouses","Badulla restaurants, Cafe Chill, Matey Hut, local cafes, hotel restaurants",
226,Dhowa Rock Temple,Temple / Religious Site,Uva Province – Badulla District,"6.8667° N, 81.0500° E","Dhowa Rock Temple is an ancient Buddhist temple located near Bandarawela, renowned for its unfinished 12-meter-tall rock-carved Buddha statue, ancient cave shrine, and historical murals. It is an important religious and archaeological site in Sri Lanka's Uva Province.","Dhowa Rock Temple is believed to have been established during the reign of King Walagamba (1st century BCE), who is said to have sought refuge in the area while fleeing South Indian invaders. The temple later developed into an important Buddhist monastery. Its unfinished rock-carved Buddha statue, cave temple, and preserved murals highlight the site's historical and artistic significance, making it an important destination for pilgrims and visitors.",King Walagamba period tradition,Around 1st century BC,Ancient Buddhist cave temple famous for unfinished rock Buddha statue.,"Rock-carved Buddha, cave shrine, murals, temple architecture.",8:00 AM – 5:00 PM,1 hour,Donation,January–April; morning,"Ella, Demodara, Ravana Falls, Nine Arches Bridge, Bandarawela","98 Acres Resort, Mountain Heavens, Ella Flower Garden Resort, Orient Hotel, Grand Bandarawela","Cafe Chill, Matey Hut, AK Ristoro, Ella restaurants, Bandarawela cafes",
227,Mahiyangana Raja Maha Viharaya,Temple / Religious Site,Uva Province – Badulla District,"7.3333° N, 81.0000° E","Mahiyangana Raja Maha Viharaya is one of Sri Lanka's oldest and most sacred Buddhist temples, located in Mahiyanganaya. It is revered as the site of the Buddha's first visit to Sri Lanka and is an important pilgrimage destination.","According to Buddhist tradition, the Buddha visited Mahiyanganaya during his first visit to Sri Lanka to restore peace among the Yakkha tribes. After his departure, a sacred relic of his hair was enshrined here, leading to the construction of the first stupa at the site. The temple was later expanded by successive Sri Lankan kings, becoming one of the country's Solosmasthana (16 sacred Buddhist sites) and an enduring center of Buddhist worship.",Ancient Buddhist tradition; linked to Buddha’s first visit,Pre-3rd century BC,One of the sixteen sacred Buddhist pilgrimage sites (Solosmasthana).,"Stupa, temple rituals, relic chamber, cultural ceremonies.",5:00 AM – 8:00 PM,1–2 hours,Free / Donation,May–September; morning,"Sorabora Wewa, Dunhinda Falls, Badulla, Veddah Village, Randenigala Reservoir","Mapakada Village, The Nest, Badulla hotels, local guesthouses, eco lodges","Local Mahiyangana restaurants, hotel restaurants, village food outlets, cafes, tea shops",
228,Sorabora Wewa,Reservoir / Ancient Irrigation Site,Uva Province – Badulla District,"7.3167° N, 81.0000° E","Sorabora Wewa is an ancient reservoir located near Mahiyanganaya, celebrated for its impressive hydraulic engineering and scenic surroundings. It remains an important source of irrigation for agriculture in the region.","Sorabora Wewa is believed to have been constructed during the reign of King Dutugemunu (161–137 BCE) by his trusted giant, Bulatha. The reservoir is unique for its stone sluice system carved directly through natural rock, demonstrating advanced ancient engineering. It continues to serve surrounding farming communities while showcasing Sri Lanka's rich irrigation heritage.",King Dutugemunu period tradition,Ancient irrigation reservoir,Historic tank representing ancient Sri Lankan hydraulic engineering.,"Reservoir views, fishing, boating, sunrise photography.",6:00 AM – 6:00 PM,1–2 hours,Free,May–September; sunrise/sunset,"Mahiyangana Temple, Randenigala Reservoir, Veddah Village, Badulla, Dunhinda Falls","Mapakada Village, The Nest, local eco resorts, Badulla hotels, guesthouses","Local restaurants, hotel restaurants, village cafes, tea shops, food stalls",
229,Yudaganawa Temple,Temple / Archaeological Site,Uva Province – Monaragala District,"6.8833° N, 81.2833° E","Yudaganawa Temple is an ancient Buddhist archaeological site near Buttala, featuring a massive stupa, monastery ruins, and historic stone structures. It is associated with both Buddhist history and legendary Sri Lankan folklore.","Yudaganawa is believed to have been developed during the Anuradhapura Period and later expanded under various rulers. Local tradition associates the area with the legendary battle between King Dutugemunu and Prince Saddhatissa before their reconciliation. Archaeological remains, including one of Sri Lanka's largest stupas, indicate that the site was once an important Buddhist religious and educational center.",King Parakramabahu period tradition,Medieval Polonnaruwa era,Historic Buddhist temple linked with ancient royal battles and traditions.,"Large stupa, ancient ruins, paintings, monastery remains.",8:00 AM – 5:00 PM,1 hour,Donation,January–April; morning,"Dedigama, Dambadeniya, Aluvihare, Kurunegala, Kandy","Kandy hotels, local Kurunegala hotels, Earl’s Regency, Amaya Hills, Grand Kandyan","Local restaurants, Balaji Dosai, Cafe Aroma Inn, hotel restaurants, village cafes",
230,Galabedda Ancient Site,Archaeological Site,Uva Province – Monaragala District,"7.0000° N, 81.3000° E","Galabedda Ancient Site is an archaeological location in the Uva Province containing ruins of ancient monasteries, stone pillars, inscriptions, and other remnants of early Sri Lankan civilization. It reflects the region's historical Buddhist heritage.","The Galabedda Ancient Site is believed to date back to the Anuradhapura Period, when it functioned as a Buddhist monastery and religious settlement. Archaeological discoveries, including stone foundations, inscriptions, and monastic structures, indicate that the area served as an important center for Buddhist monks and local communities. Ongoing preservation efforts continue to reveal its historical significance.",Ancient rulers of Sri Lanka,Ancient period,Archaeological site representing early settlement and Buddhist heritage.,"Ruins, ancient structures, inscriptions, archaeology.",Daylight hours,1 hour,Free,January–April; morning,"Mahiyangana, Sorabora Wewa, Dambana, Badulla, Randenigala","Mapakada Village, The Nest, local eco lodges, Badulla hotels, guesthouses","Local restaurants, village eateries, hotel restaurants, cafes, food stalls",
231,Panama Beach,Beach,Eastern Province – Ampara District,"6.8167° N, 81.8167° E","Panama Beach is a tranquil coastal destination on Sri Lanka's southeastern coast, known for its golden sandy shoreline, clear waters, and unspoiled natural beauty. It offers a peaceful escape close to several wildlife and cultural attractions.","Panama Beach has long been associated with traditional fishing communities that have depended on the surrounding coastal resources for generations. Its location near Kumana National Park and historic religious sites has made the area culturally and environmentally significant. Today, it remains a popular destination for nature lovers seeking a less crowded coastal experience.",Natural coastal area,Natural formation,Quiet eastern coastal destination near Kumana and Arugam Bay.,"Beach, fishing village, wildlife, surfing, sunsets.",Open access,Half day,Free,April–September; morning/evening,"Arugam Bay, Kumana National Park, Okanda Temple, Crocodile Rock, Kudumbigala","Jetwing Surf, Kottukal Beach House, Arugam Bay hotels, Blue Wave Hotel, Stardust Beach Hotel","Hideaway Resort Restaurant, Gecko Restaurant, Siam View, Arugam Bay cafes, local seafood restaurants",
232,Okanda Devalaya,Temple / Religious Site,Eastern Province – Ampara District,"6.6667° N, 81.7833° E","Okanda Devalaya is a revered Hindu shrine dedicated to Lord Murugan (Kataragama Deviyo), located near the entrance to Kumana National Park. It is an important pilgrimage site for devotees undertaking the traditional foot pilgrimage to Kataragama.","Okanda Devalaya has served as a significant spiritual stop for pilgrims traveling along the historic eastern coastal route to Kataragama for centuries. The shrine is deeply connected to the annual Pada Yatra pilgrimage, during which thousands of devotees walk across the eastern coastline to worship Lord Murugan. Its religious importance continues to attract both Hindu and Buddhist pilgrims.",Traditional Hindu/Buddhist shrine,Ancient period,Sacred shrine dedicated to Lord Murugan/Kataragama traditions.,"Temple rituals, coastal views, pilgrimage site.",6:00 AM – 6:00 PM,1 hour,Donation,May–September; festival periods,"Kumana National Park, Panama Beach, Arugam Bay, Kudumbigala, Crocodile Rock","Jetwing Surf, Kottukal Beach House, Blue Wave Hotel, Stardust Beach Hotel, Arugam Bay resorts","Gecko Restaurant, Hideaway Resort, Siam View, seafood restaurants, local cafes",
233,Arugam Bay Crocodile Rock,Rock / Viewpoint,Eastern Province – Ampara District,"6.8333° N, 81.8333° E","Arugam Bay Crocodile Rock is a scenic rocky viewpoint situated south of Arugam Bay, offering panoramic views of the coastline, surfing beaches, and surrounding landscapes. It is also known for its opportunities to observe wildlife.","Crocodile Rock derives its name from its resemblance to a resting crocodile and has become a popular destination for hikers and photographers. The surrounding area supports diverse wildlife, including elephants, peacocks, and crocodiles found in nearby lagoons. With the growth of tourism in Arugam Bay, the site has gained recognition as one of the region's most scenic viewpoints.",Natural rock formation,Geological formation,Scenic coastal landmark combining wildlife and ocean landscapes.,"Rock viewpoint, surfing views, sunsets, wildlife spotting.",Daylight hours,1–2 hours,Free,April–September; sunset,"Arugam Bay, Panama Beach, Elephant Rock, Kumana, Okanda","Jetwing Surf, Blue Wave Hotel, Kottukal Beach House, Stardust Beach Hotel, Arugam Bay resorts","Gecko Restaurant, Hideaway Resort, Siam View, local seafood restaurants, cafes",
234,Kudumbigala Monastery,Monastery / Archaeological Site,Eastern Province – Ampara District,"6.7500° N, 81.7000° E","Kudumbigala Monastery is an ancient forest monastery located within a protected wildlife area near Panama. It is known for its rock caves, meditation sites, inscriptions, and panoramic summit views.","Kudumbigala Monastery dates back to the 2nd century BCE and served as an important meditation center for Buddhist monks practicing in seclusion. Numerous cave dwellings, Brahmi inscriptions, stupas, and monastic ruins testify to its long religious history. Despite centuries of abandonment, restoration efforts have preserved the site's archaeological and spiritual significance.",King Devanampiya Tissa period tradition,Around 2nd century BC,Ancient forest monastery used by Buddhist monks for meditation.,"Rock caves, stupa, panoramic views, forest trails.",6:00 AM – 5:00 PM,2–3 hours,Free / Donation,April–September; morning,"Kumana National Park, Panama, Okanda, Arugam Bay, Crocodile Rock","Arugam Bay hotels, Jetwing Surf, Blue Wave Hotel, Kottukal Beach House, local eco lodges","Gecko Restaurant, Hideaway Resort, Siam View, seafood restaurants, village cafes",
235,Medirigiriya Vatadage,Ancient Monument / Archaeological Site,North Central Province – Polonnaruwa District,"8.0500° N, 80.9500° E","Medirigiriya Vatadage is one of Sri Lanka's finest ancient circular relic houses, located in the Polonnaruwa District. It is admired for its remarkable stone architecture, concentric columns, and well-preserved Buddha statues.","Medirigiriya Vatadage is believed to have been constructed during the Anuradhapura Period, with later renovations during the Polonnaruwa Kingdom. Built to protect a sacred relic, the circular structure demonstrates the advanced architectural skills of ancient Sri Lankan builders. Today, it is regarded as one of the country's best-preserved vatadage structures and an important archaeological monument.",King Aggabodhi / ancient rulers,7th–8th century AD,Important ancient Buddhist architectural monument.,"Circular relic house, stone pillars, ruins, archaeological site.",7:30 AM – 5:30 PM,1 hour,Approx. USD 5,January–April; morning,"Polonnaruwa, Minneriya, Kaudulla, Somawathiya, Gal Vihara","Hotel Sudu Araliya, Giritale Hotel, Cinnamon Lodge Habarana, Aliya Resort, Deer Park Hotel","Priyamali Gedara Restaurant, Jaga Food, local Polonnaruwa restaurants, hotel restaurants, cafes",
236,Abhayagiri Museum,Museum,North Central Province – Anuradhapura District,"8.3670° N, 80.3950° E","Abhayagiri Museum is an archaeological museum located within the Abhayagiri Monastic Complex in Anuradhapura. It showcases a rich collection of ancient artifacts, sculptures, inscriptions, coins, and architectural remains that illustrate the history and culture of Sri Lanka's ancient civilizations.","The museum was established to preserve and exhibit discoveries made during archaeological excavations at the Abhayagiri Monastery, one of the largest Buddhist monastic complexes of the Anuradhapura Kingdom. Its exhibits provide valuable insights into the religious, cultural, and technological achievements of ancient Sri Lanka, making it an important educational center for visitors and researchers.",Central Cultural Fund,Opened 1992,Preserves artifacts from Abhayagiri Buddhist monastery complex.,"Ancient artifacts, statues, inscriptions, exhibits.",8:00 AM – 5:00 PM,1–2 hours,Approx. USD 10–15 (heritage ticket area),January–April; morning,"Abhayagiri Monastery, Kuttam Pokuna, Samadhi Buddha, Thuparamaya, Ruwanwelisaya","Heritage Hotel Anuradhapura, Avasta Resort, Rajarata Hotel, Miridiya Lake Resort, Ulagalla Resort","Seedevi Restaurant, Casserole Restaurant, Mango Mango, local restaurants, hotel dining",
237,Samadhi Buddha Statue,Religious Site / Statue,North Central Province – Anuradhapura District,"8.3547° N, 80.3965° E","Samadhi Buddha Statue is one of Sri Lanka's most celebrated ancient sculptures, located in Mahamevnawa Park, Anuradhapura. The granite statue depicts the Buddha seated in the Dhyana Mudra (meditation posture), symbolizing serenity and enlightenment.",The Samadhi Buddha Statue is believed to have been carved during the 4th century CE in the late Anuradhapura Period. It is regarded as a masterpiece of ancient Sri Lankan stone sculpture due to its balanced proportions and peaceful expression. The statue has become one of the country's most revered Buddhist monuments and an enduring symbol of meditation and spiritual tranquility.,Ancient Anuradhapura sculptors,4th century AD,One of Sri Lanka’s greatest Buddhist sculptures representing meditation.,"Buddha statue, forest surroundings, photography.",7:00 AM – 6:00 PM,30–60 minutes,Included in heritage ticket,January–April; morning,"Abhayagiri, Kuttam Pokuna, Sri Maha Bodhi, Ruwanwelisaya, Isurumuniya","Heritage Hotel Anuradhapura, Avasta Resort, Rajarata Hotel, Miridiya Lake Resort, Ulagalla Resort","Seedevi Restaurant, Casserole Restaurant, Mango Mango, hotel restaurants, cafes",
238,Kuttam Pokuna (Twin Ponds),Ancient Monument / Archaeological Site,North Central Province – Anuradhapura District,"8.3667° N, 80.4000° E","Kuttam Pokuna, or the Twin Ponds, are two beautifully designed ancient bathing pools located within the Abhayagiri Monastic Complex in Anuradhapura. They are admired for their sophisticated hydraulic engineering and symmetrical stone construction.","The Twin Ponds were constructed during the Anuradhapura Period, most likely between the 6th and 8th centuries CE, for the use of Buddhist monks residing in the monastery. Their advanced water filtration and drainage systems demonstrate the remarkable engineering knowledge of ancient Sri Lankan builders. Today, they remain among the finest examples of ancient hydraulic architecture in the country.",Abhayagiri monks / ancient engineers,8th century AD,Masterpiece of ancient hydraulic engineering in Buddhist monastic culture.,"Twin stone pools, carvings, ancient architecture.",7:00 AM – 6:00 PM,30–60 minutes,Included in heritage ticket,January–April; morning,"Abhayagiri, Samadhi Buddha, Thuparamaya, Ruwanwelisaya, Jetavanaramaya","Heritage Hotel Anuradhapura, Avasta Resort, Rajarata Hotel, Miridiya Lake Resort, Ulagalla Resort","Seedevi Restaurant, Casserole Restaurant, Mango Mango, hotel restaurants, cafes",
239,Mirisavetiya Stupa,Stupa / Religious Site,North Central Province – Anuradhapura District,"8.3447° N, 80.3967° E",Mirisavetiya Stupa is a sacred Buddhist stupa located in the ancient city of Anuradhapura. It is one of the city's principal religious monuments and an important pilgrimage site.,"Mirisavetiya Stupa was built by King Dutugemunu (161–137 BCE) after his victory over King Elara. According to tradition, the king accidentally left his royal spear containing a sacred relic at the site, where it became impossible to remove, prompting the construction of the stupa. The monument has undergone several restorations over the centuries and remains an important symbol of Sri Lanka's Buddhist heritage.",King Dutugemunu,2nd century BC,One of the earliest stupas built after Sri Lanka’s Buddhist revival.,"White stupa, sacred grounds, rituals, architecture.",5:00 AM – 8:00 PM,1 hour,Free / Donation,January–April; morning/evening,"Sri Maha Bodhi, Ruwanwelisaya, Thuparamaya, Isurumuniya, Abhayagiri","Heritage Hotel Anuradhapura, Avasta Resort, Rajarata Hotel, Miridiya Lake Resort, Ulagalla Resort","Seedevi Restaurant, Casserole Restaurant, Mango Mango, local restaurants, hotel dining",
240,Lankarama Stupa,Stupa / Religious Site,North Central Province – Anuradhapura District,"8.3617° N, 80.4050° E",Lankarama Stupa is an ancient Buddhist stupa situated within the sacred city of Anuradhapura. It is notable for its elegant circular design and the stone pillars that once supported a protective roof around the structure.,Lankarama Stupa was constructed during the reign of King Valagamba (89–77 BCE) as part of the Abhayagiri Monastery complex. The stupa reflects the architectural style of the Anuradhapura Kingdom and served as an important place of worship for Buddhist monks and pilgrims. It remains a well-preserved archaeological monument within the UNESCO World Heritage Site of Anuradhapura.,King Valagamba,1st century BC,Ancient Buddhist stupa connected with Anuradhapura monastic traditions.,"Stupa, stone pillars, archaeological remains.",7:00 AM – 6:00 PM,30–60 minutes,Included in heritage ticket,January–April; morning,"Abhayagiri, Kuttam Pokuna, Samadhi Buddha, Jetavanaramaya, Ruwanwelisaya","Heritage Hotel Anuradhapura, Avasta Resort, Rajarata Hotel, Miridiya Lake Resort, Ulagalla Resort","Seedevi Restaurant, Casserole Restaurant, Mango Mango, local restaurants, hotel restaurants",
241,Vessagiriya Ancient Monastery,Monastery / Archaeological Site,North Central Province – Anuradhapura District,"8.3333° N, 80.3833° E","Vessagiriya Ancient Monastery is an important archaeological site in Anuradhapura, consisting of ancient meditation caves, monastic buildings, and stone inscriptions. It is known for its peaceful natural setting among large granite boulders.","Vessagiriya was established during the reign of King Devanampiya Tissa (307–267 BCE) as a monastery for Buddhist monks. Over the centuries, additional caves and monastic structures were developed, making it an important center for meditation and religious learning. The site's well-preserved cave inscriptions and ruins continue to provide valuable evidence of early Buddhist monastic life in Sri Lanka.",King Devanampiya Tissa,3rd century BC,Ancient Buddhist monastery famous for rock caves used by monks.,"Rock shelters, inscriptions, ruins, forest surroundings.",7:00 AM – 6:00 PM,1 hour,Included in heritage ticket,January–April; morning,"Isurumuniya Temple, Sri Maha Bodhi, Ruwanwelisaya, Ranmasu Uyana, Mirisavetiya","Heritage Hotel Anuradhapura, Avasta Resort, Rajarata Hotel, Miridiya Lake Resort, Ulagalla Resort","Seedevi Restaurant, Casserole Restaurant, Mango Mango, local restaurants, hotel restaurants",
242,Eth Pokuna (Elephant Pond),Ancient Monument,North Central Province – Anuradhapura District,"8.3667° N, 80.3833° E","Eth Pokuna, or Elephant Pond, is a large ancient reservoir located within the Abhayagiri Monastic Complex in Anuradhapura. It is one of the largest man-made ponds built for the use of resident Buddhist monks.","Eth Pokuna was constructed during the Anuradhapura Period to provide water for the extensive Abhayagiri Monastery. The reservoir demonstrates the advanced hydraulic engineering techniques developed by ancient Sri Lankan builders, including sophisticated water supply and drainage systems. Today, it remains an impressive example of the country's ancient water management expertise.",Abhayagiri monastery engineers,8th century AD,Ancient monastic water management system showing advanced engineering.,"Massive stone pond, forest setting, ancient ruins.",7:00 AM – 6:00 PM,30–60 minutes,Included in heritage ticket,January–April; morning,"Abhayagiri Monastery, Kuttam Pokuna, Samadhi Buddha, Lankarama, Jetavanaramaya","Heritage Hotel Anuradhapura, Avasta Resort, Rajarata Hotel, Miridiya Lake Resort, Ulagalla Resort","Seedevi Restaurant, Casserole Restaurant, Mango Mango, local restaurants, hotel dining",
243,Naka Vihara,Temple / Archaeological Site,North Central Province – Anuradhapura District,"8.3500° N, 80.4000° E","Naka Vihara is an ancient Buddhist archaeological site in Anuradhapura, featuring the ruins of a stupa, image house, and other monastic structures. It is recognized for its historical and religious significance within the sacred city.","Naka Vihara is believed to have been established during the Anuradhapura Kingdom as a Buddhist monastery serving monks and pilgrims. Although much of the original complex has deteriorated over time, archaeological remains indicate that it was once an active religious center. Conservation efforts continue to preserve its historical value as part of Sri Lanka's ancient Buddhist heritage.",Ancient Anuradhapura rulers,Ancient period,Historic Buddhist site with archaeological remains.,"Ancient ruins, stupa remains, carvings, monastery area.",7:00 AM – 6:00 PM,30–60 minutes,Included in heritage ticket,January–April; morning,"Abhayagiri, Jetavanaramaya, Thuparamaya, Ruwanwelisaya, Samadhi Buddha","Heritage Hotel Anuradhapura, Avasta Resort, Rajarata Hotel, Miridiya Lake Resort, Ulagalla Resort","Seedevi Restaurant, Casserole Restaurant, Mango Mango, local cafes, hotel restaurants",
244,Lovamahapaya (Brazen Palace),Ancient Monument / Archaeological Site,North Central Province – Anuradhapura District,"8.3450° N, 80.3960° E","Lovamahapaya, also known as the Brazen Palace, is an ancient monastic building situated between the Sri Maha Bodhi and Ruwanwelisaya in Anuradhapura. It is famous for its extensive rows of stone pillars that once supported a magnificent multi-storeyed structure.","Lovamahapaya was originally constructed by King Dutugemunu (161–137 BCE) as a residence and assembly hall for Buddhist monks. The building reportedly featured a bronze-tiled roof, giving rise to the name ""Brazen Palace."" Although destroyed and rebuilt several times throughout history, its remaining stone pillars continue to reflect the scale and architectural sophistication of the ancient structure.",King Dutugemunu,2nd century BC,Historic nine-storey Buddhist monastery building linked to the Mahavihara tradition.,"Stone pillars, ancient architecture, archaeological remains.",7:00 AM – 6:00 PM,30–60 minutes,Included in heritage ticket,January–April; morning,"Sri Maha Bodhi, Ruwanwelisaya, Mirisavetiya, Thuparamaya, Isurumuniya","Heritage Hotel Anuradhapura, Avasta Resort, Rajarata Hotel, Miridiya Lake Resort, Ulagalla Resort","Seedevi Restaurant, Casserole Restaurant, Mango Mango, local restaurants, hotel dining",
245,Ranmasu Uyana,Ancient Garden / Archaeological Site,North Central Province – Anuradhapura District,"8.3375° N, 80.3900° E","Ranmasu Uyana is an ancient royal pleasure garden located between Isurumuniya Temple and Tissa Wewa in Anuradhapura. The site is known for its landscaped gardens, bathing pools, and the mysterious Sakwala Chakraya stone carving.","Ranmasu Uyana was developed during the Anuradhapura Period as a royal leisure garden for the kings and nobility. The complex incorporated bathing ponds, landscaped terraces, and decorative features supplied by advanced irrigation systems. The site gained additional interest due to the enigmatic Sakwala Chakraya, an ancient circular rock carving whose purpose remains uncertain, making Ranmasu Uyana both a historical and archaeological attraction.",King Dutugemunu / ancient royalty,Ancient Anuradhapura period,Royal pleasure garden showing ancient landscape design and legends.,"Royal gardens, stone carvings, Isurumuniya surroundings, ancient pools.",7:00 AM – 6:00 PM,1 hour,Included in heritage ticket,January–April; evening,"Isurumuniya Temple, Vessagiriya, Sri Maha Bodhi, Ruwanwelisaya, Lovamahapaya","Heritage Hotel Anuradhapura, Avasta Resort, Rajarata Hotel, Miridiya Lake Resort, Ulagalla Resort","Seedevi Restaurant, Casserole Restaurant, Mango Mango, local restaurants, hotel cafes",
246,Menikdena Archaeological Reserve,Archaeological Site,Central Province – Matale District,"7.7500° N, 80.6333° E","Menikdena Archaeological Reserve is an ancient archaeological site located near Dambulla, containing the remains of a historic monastery, stone structures, inscriptions, and ruins dating back to Sri Lanka's early kingdoms. It is an important site for understanding the island's ancient Buddhist heritage.","Menikdena Archaeological Reserve is believed to date to the Anuradhapura Period and continued to develop during the Polonnaruwa Kingdom. Archaeological excavations have uncovered monastic buildings, stone foundations, ponds, and inscriptions that indicate the site served as a significant Buddhist religious center. Today, the reserve is protected for its archaeological and historical importance.",Ancient Buddhist monks / rulers,8th–10th century AD,Important monastic complex representing ancient Buddhist scholarship.,"Ruins, stone pillars, monastery remains, forest scenery.",8:00 AM – 5:00 PM,1–2 hours,Free / Donation,January–April; morning,"Nalanda Gedige, Dambulla Cave Temple, Sigiriya, Matale, Aluvihare","Amaya Lake Dambulla, Heritance Kandalama, Jetwing Lake, Rangiri Dambulla Resort, Sevonrich Holiday Resort","Athula Restaurant, Sandra Restaurant, Dambulla restaurants, hotel restaurants, cafes",
247,Nalanda Gedige,Temple / Archaeological Site,Central Province – Matale District,"7.9000° N, 80.6500° E","Nalanda Gedige is a unique ancient stone temple situated near Matale, renowned for its remarkable fusion of Buddhist and Hindu architectural styles. It is one of Sri Lanka's finest examples of medieval stone construction.","Nalanda Gedige is believed to have been built between the 8th and 10th centuries CE during the late Anuradhapura Period. The structure originally stood at a different location but was carefully relocated in the 1980s to protect it from the waters of the Bowatenna Reservoir. Its distinctive architecture reflects cultural influences from both South India and Sri Lanka, making it an important archaeological monument.",Ancient rulers (possibly 8th–10th century),Early medieval period,Unique Hindu-Buddhist architectural monument blending cultural traditions.,"Stone temple, carvings, lake surroundings, architecture.",8:00 AM – 5:00 PM,1 hour,Free / small site fee,January–April; morning,"Dambulla Cave Temple, Sigiriya, Matale, Aluvihare Temple, Spice Gardens","Heritance Kandalama, Amaya Lake, Jetwing Lake, Rangiri Dambulla Resort, Sigiriya hotels","Athula Restaurant, Sandra Restaurant, Mango Mango, hotel restaurants, local cafes",
248,Wasgamuwa National Park,National Park,Central Province – Matale District,"7.7000° N, 80.9500° E","Wasgamuwa National Park is a protected wildlife reserve in central Sri Lanka, renowned for its large population of Asian elephants, diverse birdlife, and rich biodiversity. It offers visitors opportunities for wildlife safaris and nature observation.","Wasgamuwa was declared a national park in 1984 to protect wildlife displaced by the Mahaweli Development Project and to conserve one of Sri Lanka's important dry-zone ecosystems. The park contains ancient reservoirs, archaeological remains, and forest habitats that have supported both wildlife and human settlements for centuries. Today, it is one of the country's premier wildlife conservation areas.",Department of Wildlife Conservation,Established 1984,Important wildlife sanctuary protecting elephants and ancient heritage.,"Elephant safaris, birds, forests, rivers, archaeological sites.",6:00 AM – 6:00 PM,3–5 hours,Approx. USD 20–30 + jeep,May–September; morning safari,"Riverston, Knuckles, Polonnaruwa, Minneriya, Dambulla","Wasgamuwa Safari Camp, Deer Park Hotel, Giritale Hotel, Cinnamon Lodge, local eco lodges","Local safari restaurants, hotel restaurants, village cafes, Dambulla restaurants, food stalls",
249,Kaudulla Tank,Reservoir / Wildlife Area,North Central Province – Polonnaruwa District,"8.1500° N, 80.9500° E","Kaudulla Tank is a large ancient reservoir located in the North Central Province, famous for supporting agriculture and attracting large gatherings of wild elephants during the dry season. It forms an important part of Sri Lanka's ancient irrigation network.","Kaudulla Tank was constructed during the reign of King Mahasen (277–304 CE), who built numerous reservoirs across the island to improve irrigation. The reservoir has continued to provide water for farming communities for centuries while supporting rich wetland ecosystems. Today, it plays a vital role within Kaudulla National Park and is internationally recognized for seasonal elephant gatherings.",Ancient Sri Lankan kings,Ancient irrigation period,Historic reservoir supporting agriculture and wildlife.,"Elephant gatherings, bird watching, lake views, safaris.",6:00 AM – 6:00 PM,3–4 hours,Approx. USD 20–30 + jeep,August–December; evening safari,"Kaudulla National Park, Minneriya, Polonnaruwa, Habarana, Medirigiriya","Cinnamon Lodge Habarana, Aliya Resort, Jetwing Lake, Habarana Village, Deer Park Hotel","Habarana restaurants, Thika Restaurant, Dewata Villas, hotel restaurants, local cafes",
250,Hingurakgoda Ancient Site,Archaeological Site,North Central Province – Polonnaruwa District,"8.0333° N, 80.9500° E","Hingurakgoda Ancient Site is an archaeological location in the Polonnaruwa District containing the ruins of ancient monasteries, stone structures, and other remains that reflect the region's long Buddhist history. It is an important heritage site in Sri Lanka's Cultural Triangle.","The Hingurakgoda Ancient Site is believed to have flourished during the Anuradhapura and Polonnaruwa periods as a Buddhist monastic settlement. Archaeological findings, including stone foundations, statues, and inscriptions, indicate that the area served as an active religious and residential center. Preservation efforts continue to protect its valuable historical remains.",Ancient rulers of Polonnaruwa era,Ancient period,Archaeological area linked with the cultural landscape of Polonnaruwa.,"Ruins, temples, inscriptions, historic remains.",Daylight hours,1 hour,Free,January–April; morning,"Polonnaruwa, Minneriya, Kaudulla, Medirigiriya, Somawathiya","Hotel Sudu Araliya, Giritale Hotel, Cinnamon Lodge, Aliya Resort, Deer Park Hotel","Priyamali Gedara, Jaga Food, Polonnaruwa restaurants, hotel restaurants, cafes",
251,Nissanka Latha Mandapaya,Ancient Monument / Archaeological Site,North Central Province – Polonnaruwa District,"7.9575° N, 81.0017° E",Nissanka Latha Mandapaya is a distinctive stone pavilion located within the ancient city of Polonnaruwa. It is famous for its uniquely carved stone pillars resembling lotus stems and its elegant architectural design.,"Nissanka Latha Mandapaya was constructed during the reign of King Nissanka Malla (1187–1196 CE) as a pavilion where the king is believed to have listened to Buddhist sermons and religious recitations. The unusual stone pillars and central platform demonstrate the artistic achievements of the Polonnaruwa Kingdom. Today, it remains one of the city's most recognizable architectural monuments.",King Nissanka Malla,12th century AD,Unique Buddhist architectural structure used for chanting ceremonies.,"Lotus-shaped pillars, stone architecture, royal complex.",7:00 AM – 6:00 PM,30 minutes,Heritage ticket,January–April; morning,"Sacred Quadrangle, Vatadage, Hatadage, Gal Vihara, Parakrama Samudra","Hotel Sudu Araliya, Giritale Hotel, Deer Park Hotel, Cinnamon Lodge, Aliya Resort","Priyamali Gedara, Jaga Food, Lake View Restaurant, hotel restaurants, local cafes",
252,Audience Hall Polonnaruwa,Ancient Monument / Archaeological Site,North Central Province – Polonnaruwa District,"7.9570° N, 81.0030° E","The Audience Hall of Polonnaruwa is an impressive royal structure located within the ancient royal palace complex. It is known for its elevated stone platform, intricately carved elephant sculptures, and ceremonial significance.","The Audience Hall was built during the Polonnaruwa Kingdom, most notably under King Parakramabahu I (1153–1186 CE), as a venue for royal ceremonies, official meetings, and state functions. The beautifully carved stone elephants and lions surrounding the platform reflect the craftsmanship of the period. The structure remains one of the finest surviving examples of royal architecture in ancient Sri Lanka.",King Nissanka Malla,12th century AD,Royal administrative monument showing medieval Sri Lankan architecture.,"Stone lions, carved pillars, royal platform.",7:00 AM – 6:00 PM,30–60 minutes,Heritage ticket,January–April; morning,"Royal Palace, Vatadage, Gal Vihara, Hatadage, Parakrama Samudra","Hotel Sudu Araliya, Giritale Hotel, Deer Park Hotel, Cinnamon Lodge, Aliya Resort","Priyamali Gedara, Jaga Food, Lake View Restaurant, local restaurants, hotel dining",
253,Pothgul Vihara,Temple / Archaeological Site,North Central Province – Polonnaruwa District,"7.9333° N, 81.0000° E",Pothgul Vihara is an ancient monastic complex located near the Parakrama Samudraya in Polonnaruwa. It is recognized for its circular library building and nearby statue believed by some scholars to represent King Parakramabahu I.,"Pothgul Vihara was constructed during the Polonnaruwa Kingdom as a center for Buddhist learning and religious scholarship. The circular building is thought to have served as a repository for sacred manuscripts, while the adjoining statue remains the subject of historical debate. The monastery highlights the kingdom's commitment to education, literature, and Buddhism.",King Parakramabahu I,12th century AD,Ancient Buddhist library and monastery complex.,"Circular shrine, statue, ruins, archaeological surroundings.",7:00 AM – 6:00 PM,1 hour,Heritage ticket,January–April; morning,"Parakrama Samudra, Royal Palace, Gal Vihara, Vatadage, Nissanka Latha Mandapaya","Hotel Sudu Araliya, Giritale Hotel, Deer Park Hotel, Cinnamon Lodge, Aliya Resort","Priyamali Gedara, Jaga Food, Lake View Restaurant, hotel restaurants, cafes",
254,Menik Vehera,Stupa / Religious Site,North Central Province – Polonnaruwa District,"7.9500° N, 81.0000° E",Menik Vehera is an ancient Buddhist stupa situated within the Polonnaruwa archaeological region. It is an important religious monument reflecting the architectural traditions of the medieval Sri Lankan kingdoms.,"Menik Vehera is believed to have been constructed during the Polonnaruwa Period as part of a larger monastic complex. Although much of the original structure has been restored, the stupa remains an important symbol of Buddhist devotion and the architectural achievements of the kingdom. It continues to attract pilgrims and visitors exploring Sri Lanka's cultural heritage.",Ancient Polonnaruwa rulers,8th–12th century AD,Historic Buddhist stupa within the Polonnaruwa archaeological zone.,"Stupa, monastery ruins, stone carvings.",7:00 AM – 6:00 PM,30–60 minutes,Heritage ticket,January–April; morning,"Gal Vihara, Vatadage, Hatadage, Rankoth Vehera, Parakrama Samudra","Hotel Sudu Araliya, Giritale Hotel, Deer Park Hotel, Cinnamon Lodge, Aliya Resort","Priyamali Gedara, Jaga Food, Lake View Restaurant, local restaurants, hotel dining",
255,Hatadage,Ancient Monument / Archaeological Site,North Central Province – Polonnaruwa District,"7.9578° N, 81.0015° E","Hatadage is an ancient relic shrine located in the Sacred Quadrangle of Polonnaruwa. It is renowned for its elegant stone architecture, finely carved entrance, and the Buddha statues housed within the shrine.","Hatadage was built by King Nissanka Malla (1187–1196 CE) to enshrine the Sacred Tooth Relic of the Buddha. According to historical records, the shrine was completed in sixty days, giving rise to the name ""Hatadage,"" meaning ""House of Sixty."" Today, it stands as one of the best-preserved religious monuments of the Polonnaruwa Kingdom and showcases the exceptional craftsmanship of medieval Sri Lanka.",King Vijayabahu I,12th century AD,Ancient relic house built to protect Buddha’s sacred tooth relic.,"Stone pillars, Buddha statues, inscriptions, ruins.",7:00 AM – 6:00 PM,30–60 minutes,Heritage ticket,January–April; morning,"Vatadage, Nissanka Latha Mandapaya, Gal Vihara, Rankoth Vehera, Sacred Quadrangle","Hotel Sudu Araliya, Giritale Hotel, Deer Park Hotel, Cinnamon Lodge, Aliya Resort","Priyamali Gedara, Jaga Food, Lake View Restaurant, hotel restaurants, local cafes",
256,Gal Oya Reservoir,Reservoir / Lake,Eastern Province – Ampara District,"7.0500° N, 81.3500° E","Gal Oya Reservoir, also known as Senanayake Samudraya, is Sri Lanka's largest inland reservoir, located within the Gal Oya National Park. It is renowned for its scenic islands, abundant wildlife, and importance in irrigation and hydroelectric development.","Gal Oya Reservoir was created in 1953 following the construction of the Gal Oya Dam as part of Sri Lanka's first major multi-purpose development project after independence. The reservoir transformed agriculture in the Eastern Province by providing irrigation water while also supporting hydroelectric power generation. Today, it is an important ecological and recreational resource, forming the centerpiece of Gal Oya National Park.",Built under Gal Oya Development Scheme,Completed in 1948,One of Sri Lanka’s largest reservoirs supporting agriculture and wildlife conservation.,"Boat safaris, islands, bird watching, elephants, sunrise views.",6:00 AM – 6:00 PM,3–5 hours,Boat safari approx. USD 20–30,March–September; morning,"Gal Oya National Park, Senanayake Samudraya, Dambana, Deegavapiya, Lahugala","Gal Oya Lodge, Amaya Beach, Hotel East Lagoon, Arugambay resorts, local eco lodges","Gal Oya Lodge Restaurant, local Ampara restaurants, hotel restaurants, village cafes, seafood restaurants",
257,Biso Pokuna,Ancient Pond / Archaeological Site,Eastern Province – Ampara District,"7.0000° N, 81.5000° E","Biso Pokuna is an ancient stone bathing pond located within the Polonnaruwa archaeological complex. It is admired for its elegant design, stone steps, and sophisticated water management system, reflecting the advanced engineering of medieval Sri Lanka.","Biso Pokuna is believed to have been constructed during the Polonnaruwa Kingdom as a royal bathing pool, possibly used by queens or members of the royal household. The pond features carefully dressed stone masonry and an advanced water supply system that demonstrates the engineering expertise of the period. Today, it remains one of the finest examples of ancient hydraulic architecture in Sri Lanka.",Ancient rulers of Sri Lanka,Ancient period,Historic water structure associated with royal gardens and ancient irrigation.,"Stone pond, archaeological remains, peaceful surroundings.",Daylight hours,30–60 minutes,Free,January–April; morning,"Polonnaruwa ruins, Minneriya, Medirigiriya, Somawathiya, Kaudulla","Hotel Sudu Araliya, Giritale Hotel, Cinnamon Lodge, Aliya Resort, Deer Park Hotel","Priyamali Gedara, Jaga Food, hotel restaurants, local cafes, village restaurants",
258,Lahugala Magul Maha Viharaya,Temple / Archaeological Site,Eastern Province – Ampara District,"6.9000° N, 81.3500° E","Lahugala Magul Maha Viharaya is an ancient Buddhist temple located near Lahugala in the Eastern Province. The temple is known for its historic stupa, ancient image house, and close association with early Sri Lankan Buddhist traditions.","According to tradition, Lahugala Magul Maha Viharaya dates back over 2,000 years and is believed to have been patronized by King Kavantissa (205–161 BCE). It is also associated with the marriage of Prince Dutugemunu and Princess Ran Etana, giving rise to the name ""Magul"" (wedding). The temple remains an important religious site and archaeological monument in eastern Sri Lanka.",King Dhatusena period tradition,Ancient period,Historic Buddhist temple linked with ancient royal ceremonies.,"Stupa, ruins, moonstone, ancient carvings.",7:00 AM – 6:00 PM,1 hour,Donation,April–September; morning,"Lahugala National Park, Kumana, Arugam Bay, Deegavapiya, Panama","Arugam Bay hotels, Jetwing Surf, Blue Wave Hotel, Kottukal Beach House, local lodges","Gecko Restaurant, Hideaway Resort, Siam View, seafood restaurants, local cafes",
259,Deegavapi Stupa,Stupa / Religious Site,Eastern Province – Ampara District,"7.0000° N, 81.5667° E","Deegavapi Stupa is one of Sri Lanka's most sacred Buddhist pilgrimage sites, located in the Ampara District. The stupa is revered as the place where the Buddha is believed to have visited during his third visit to Sri Lanka.","According to Buddhist tradition, the Buddha visited Deegavapi during his third visit to the island and blessed the site. The stupa was later constructed to enshrine sacred relics and became an important center of Buddhist worship. Recognized as one of Sri Lanka's Solosmasthana (16 sacred Buddhist sites), Deegavapi has undergone several restorations while preserving its religious significance.",King Saddhatissa,2nd century BC,One of Sri Lanka’s sixteen sacred Buddhist pilgrimage sites.,"Large stupa, sacred grounds, religious ceremonies.",5:00 AM – 8:00 PM,1–2 hours,Free / Donation,April–September; morning,"Ampara, Gal Oya, Lahugala, Kumana, Arugam Bay","Gal Oya Lodge, Hotel East Lagoon, Amaya Beach, local hotels, eco lodges","Local Ampara restaurants, hotel restaurants, seafood restaurants, cafes, village food outlets",
260,Nuwaragala Archaeological Site,Archaeological Site,Eastern Province – Ampara District,"7.2000° N, 81.4500° E","Nuwaragala Archaeological Site is an ancient fortified settlement located in the Ampara District, featuring ruins of monasteries, defensive structures, caves, and stone inscriptions. It is surrounded by rugged hills and dense forest.","Nuwaragala is believed to have flourished during the Anuradhapura Period as both a defensive stronghold and a Buddhist monastic settlement. Archaeological remains, including cave temples, stone walls, and inscriptions, indicate continuous occupation over many centuries. The site's remote location helped preserve its historical features, making it an important destination for archaeological research.",Ancient rulers,Ancient period,Important archaeological site with prehistoric and Buddhist remains.,"Rock caves, inscriptions, ruins, forest landscape.",Daylight hours,2–3 hours,Free,April–September; morning,"Gal Oya, Deegavapiya, Lahugala, Ampara, Kumana","Gal Oya Lodge, local eco lodges, Amaya Beach, Hotel East Lagoon, Arugam Bay hotels","Local restaurants, hotel restaurants, village cafes, seafood restaurants, food stalls",
261,Kanchikudicharu Tank,Reservoir / Wetland,Eastern Province – Ampara District,"7.1500° N, 81.7000° E","Kanchikudicharu Tank is an ancient irrigation reservoir situated in the Eastern Province. It is valued for its role in supporting agriculture, wildlife, and the surrounding forest ecosystem.","Kanchikudicharu Tank is believed to have originated during the ancient hydraulic civilization of Sri Lanka and was later restored by successive rulers to sustain farming communities. The reservoir reflects the sophisticated irrigation systems developed by ancient engineers to manage water resources in the dry zone. Today, it remains an important water source and supports a rich diversity of wildlife.",Ancient irrigation engineers,Ancient period,Traditional irrigation reservoir supporting local agriculture and wildlife.,"Tank views, birds, village scenery, photography.",Daylight hours,1–2 hours,Free,April–September; sunrise/sunset,"Ampara, Deegavapiya, Gal Oya, Lahugala, Kumana","Gal Oya Lodge, Hotel East Lagoon, Amaya Beach, local hotels, eco lodges","Local Ampara restaurants, hotel restaurants, seafood restaurants, cafes, village eateries",
262,Seruwila Temple,Temple / Religious Site,Eastern Province – Trincomalee District,"8.3667° N, 81.3167° E","Seruwila Temple, officially known as Seruwila Mangala Raja Maha Viharaya, is one of Sri Lanka's most sacred Buddhist temples, located in the Trincomalee District. It is an important pilgrimage destination and one of the country's Solosmasthana (16 sacred Buddhist sites).","According to historical records, Seruwila Temple was built by King Kavantissa (205–161 BCE) to enshrine a sacred frontal bone relic of the Buddha. The temple flourished during the Anuradhapura Kingdom but later declined before being rediscovered and restored in the 20th century. Today, it remains a major center of Buddhist worship and cultural heritage.",King Kavantissa,2nd century BC,Ancient Buddhist temple containing a sacred forehead relic of Buddha.,"Seruwila stupa, temple ruins, religious ceremonies.",6:00 AM – 7:00 PM,1–2 hours,Free / Donation,May–September; morning,"Somawathiya, Trincomalee, Koneswaram Temple, Marble Beach, Fort Frederick","Trinco Blu by Cinnamon, Amaranthe Bay, Jungle Beach Resort, Aqua Hotel, Trinco hotels","Rice & Curry restaurants, seafood restaurants, hotel restaurants, local cafes, beach restaurants",
263,Kanniya Hot Springs,Natural Attraction / Hot Springs,Eastern Province – Trincomalee District,"8.6000° N, 81.2000° E","Kanniya Hot Springs is a group of seven natural geothermal wells located near Trincomalee. The springs are famous for their warm mineral-rich waters and their historical, cultural, and religious significance.","Kanniya Hot Springs are closely associated with the legend of King Ravana from the Ramayana, who is said to have created the springs while mourning his mother. Although the springs have long been revered in local tradition, archaeological evidence also suggests their use since ancient times. Today, they are a popular attraction visited for both cultural interest and recreation.",Ancient Hindu/Buddhist traditions,Ancient period,Sacred hot springs with religious and cultural importance.,"Seven wells, bathing area, legends, photography.",7:00 AM – 6:00 PM,1 hour,Approx. USD 3–5,May–September; morning,"Trincomalee, Koneswaram Temple, Fort Frederick, Marble Beach, Nilaveli","Trinco Blu by Cinnamon, Amaranthe Bay, Jungle Beach Resort, Anantamaa Hotel, Aqua Hotel","Seafood restaurants, Nilaveli restaurants, hotel restaurants, local cafes, beach restaurants",
264,Lanka Patuna Beach,Beach,Eastern Province – Trincomalee District,"8.6500° N, 81.2000° E","Lanka Patuna Beach is a quiet coastal destination situated near the eastern shoreline of Sri Lanka. The beach is known for its pristine sands, scenic beauty, and proximity to important historical and religious sites.","Lanka Patuna has historically served as a coastal landing point and is closely associated with nearby Seruwila Temple. According to tradition, it was through this area that sacred relics were brought for the construction of the temple during the Anuradhapura Kingdom. Today, the beach attracts visitors seeking both natural beauty and historical significance.",Natural coastal area,Natural formation,Historic coastal pilgrimage location linked with ancient Buddhist traditions.,"Beach, ocean views, quiet coastline, photography.",Open access,1–3 hours,Free,May–September; evening,"Seruwila Temple, Trincomalee, Fort Frederick, Koneswaram, Marble Beach","Trinco Blu by Cinnamon, Amaranthe Bay, Jungle Beach Resort, Aqua Hotel, Trinco hotels","Seafood restaurants, beach cafes, hotel restaurants, local restaurants, cafes",
265,Somapura Ancient Site,Archaeological Site,Eastern Province – Trincomalee District,"8.4000° N, 81.2000° E","Somapura Ancient Site is an archaeological location in the Eastern Province containing the remains of ancient Buddhist monasteries, stupas, stone structures, and inscriptions. It represents an important part of Sri Lanka's early Buddhist civilization.","Somapura is believed to have developed during the Anuradhapura Period as a Buddhist monastic settlement serving the surrounding region. Archaeological excavations have revealed monastery foundations, stone pillars, and religious structures that demonstrate the site's historical importance. Ongoing conservation efforts continue to preserve its archaeological heritage for future generations.",Ancient Sri Lankan rulers,Ancient period,Archaeological site representing ancient Buddhist settlement remains.,"Ruins, inscriptions, monastery remains, archaeology.",7:00 AM – 6:00 PM,1 hour,Free,January–April; morning,"Somawathiya, Polonnaruwa, Medirigiriya, Minneriya, Kaudulla","Hotel Sudu Araliya, Giritale Hotel, Cinnamon Lodge, Aliya Resort, Deer Park Hotel","Priyamali Gedara, Jaga Food, hotel restaurants, local cafes, village restaurants",
266,Jaffna Library,Library / Cultural Landmark,Northern Province – Jaffna District,"9.6650° N, 80.0090° E","Jaffna Library is one of Sri Lanka's most significant public libraries, located in the heart of Jaffna. Renowned for its elegant architecture and extensive collection of books and manuscripts, it stands as a symbol of education, culture, and resilience.","Jaffna Library was established in 1933 and grew into one of the largest libraries in South Asia, housing nearly 97,000 books, rare manuscripts, and historical documents. In 1981, the library was destroyed in an act of arson during ethnic unrest, resulting in the loss of invaluable cultural heritage. It was rebuilt and officially reopened in 2003, continuing its role as an important educational and cultural institution.",Jaffna Municipal Council,Opened in 1933; rebuilt 2003,Symbol of Tamil literary heritage and knowledge preservation.,"Architecture, reading halls, gardens, cultural exhibits.",9:00 AM – 7:00 PM,1 hour,Free,January–September; morning/evening,"Jaffna Fort, Clock Tower, Nallur Temple, Nagadeepa, Delft Island","Jetwing Jaffna, The Thinnai, North Gate Hotel, Tilko Jaffna City Hotel, Valampuri Hotel","Malayan Cafe, Mangoes, Malayan Cafe, Cosy Restaurant, Jaffna restaurants",
267,Jaffna Clock Tower,Monument / Landmark,Northern Province – Jaffna District,"9.6667° N, 80.0100° E",Jaffna Clock Tower is a prominent historical landmark situated in the center of Jaffna town. It serves as a memorial monument and remains one of the city's most recognizable colonial-era structures.,"The Jaffna Clock Tower was erected in 1875 to commemorate the visit of the Prince of Wales, later King Edward VII, to Ceylon. Over the years, it has witnessed significant historical events, including periods of civil conflict, while remaining an enduring symbol of Jaffna's heritage. Today, it continues to be a popular landmark and meeting point in the city.",British colonial administration,Built 1879 AD,Colonial landmark celebrating Queen Victoria’s visit.,"Clock tower, city views, colonial architecture.",Open access,30 minutes,Free,January–September; evening,"Jaffna Library, Jaffna Fort, Nallur Temple, Dutch Fort, Market area","Jetwing Jaffna, The Thinnai, North Gate Hotel, Tilko Jaffna City Hotel, Valampuri Hotel","Malayan Cafe, Mangoes, Cosy Restaurant, Jaffna restaurants, local cafes",
268,Delft Island Fort,Fort / Historical Site,Northern Province – Jaffna District,"9.5167° N, 79.6833° E","Delft Island Fort is a small colonial-era fort located on Delft Island (Neduntheevu), built during the Dutch period. The fort is known for its coral stone construction and offers insight into the island's colonial history.","Delft Island Fort was constructed by the Dutch East India Company during the 17th century to protect maritime activities and maintain control over the island. After the British took control of Ceylon, the fort gradually lost its military importance. Although partially in ruins today, it remains one of the island's most important historical landmarks.",Portuguese; later Dutch,17th century,Colonial fort representing European maritime influence.,"Fort ruins, wild horses, coral walls, island scenery.",7:00 AM – 5:00 PM,Full day,Ferry + site fees apply,January–September; morning ferry,"Delft Island, Baobab Tree, Nagadeepa, Jaffna Fort, Point Pedro","Jetwing Jaffna, The Thinnai, North Gate Hotel, Tilko Jaffna City Hotel, Valampuri Hotel","Jaffna restaurants, island cafes, seafood stalls, local eateries, hotel restaurants",
269,Point Pedro Beach,Beach,Northern Province – Jaffna District,"9.8167° N, 80.2333° E","Point Pedro Beach is a peaceful coastal destination located at the northernmost tip of Sri Lanka. The beach is known for its golden sands, calm waters, and scenic views of the Indian Ocean.","Point Pedro has historically been an important coastal settlement engaged in fishing and maritime trade due to its strategic location. The beach lies near the northernmost point of Sri Lanka, an area that has long served as a gateway between Sri Lanka and South India. Today, it is appreciated for its natural beauty and historical significance.",Natural coastal area,Natural formation,Northernmost coastal attraction known for scenic beaches and fishing culture.,"Beach, lighthouse area, coastline views, sunsets.",Open access,1–3 hours,Free,January–September; evening,"Point Pedro Lighthouse, Casuarina Beach, Jaffna Fort, Nagadeepa, Nallur Temple","Jetwing Jaffna, The Thinnai, North Gate Hotel, Tilko Jaffna City Hotel, Valampuri Hotel","Jaffna restaurants, Malayan Cafe, Mangoes, seafood restaurants, local cafes",
270,Casuarina Beach,Beach,Northern Province – Jaffna District,"9.7333° N, 79.9167° E","Casuarina Beach is one of the most popular beaches in the Jaffna Peninsula, located on Karainagar Island. It is renowned for its shallow, clear waters, soft white sand, and tranquil environment, making it ideal for swimming and relaxation.","Casuarina Beach derives its name from the rows of Casuarina trees planted along the coastline during the colonial period. Over the years, it has developed into one of northern Sri Lanka's most visited coastal attractions while maintaining its peaceful atmosphere. Today, it is a favorite destination for both local and international visitors.",Natural coastal area,Natural formation,Famous shallow-water beach and popular Jaffna coastal destination.,"Calm waters, swimming, coral views, sunsets.",Open access,Half day,Free,January–September; morning/evening,"Delft Island, Jaffna Fort, Nagadeepa, Point Pedro, Nallur Temple","Jetwing Jaffna, The Thinnai, North Gate Hotel, Tilko Jaffna City Hotel, Valampuri Hotel","Malayan Cafe, Mangoes, Cosy Restaurant, seafood restaurants, local cafes",
271,Keerimalai Naguleswaram Temple,Hindu Temple / Religious Site,Northern Province – Jaffna District,"9.8167° N, 80.0833° E","Keerimalai Naguleswaram Temple is one of Sri Lanka's oldest and most revered Hindu temples, dedicated to Lord Shiva. Located near the famous Keerimalai mineral springs, it is an important pilgrimage site for Hindu devotees.","The origins of Naguleswaram Temple date back more than 2,000 years, making it one of the ancient Pancha Ishwarams dedicated to Lord Shiva in Sri Lanka. The temple has been destroyed and rebuilt several times throughout history, particularly during the Portuguese period. Today, it remains one of the most sacred Hindu temples in the country and a major center of religious worship.",Ancient Hindu tradition; renovated by Sri Lankan kings,Ancient period,One of the five ancient Shiva temples of Sri Lanka and major Hindu pilgrimage site.,"Temple architecture, sacred springs, rituals, coastal views.",6:00 AM – 8:00 PM,1–2 hours,Free / Donation,January–September; morning,"Keerimalai Springs, Jaffna Fort, Nagadeepa, Delft Island, Nallur Temple","Jetwing Jaffna, The Thinnai, North Gate Hotel, Tilko Jaffna City Hotel, Valampuri Hotel","Malayan Cafe, Mangoes, Cosy Restaurant, Jaffna restaurants, seafood restaurants",
272,Kayts Island,Island / Natural Attraction,Northern Province – Jaffna District,"9.6167° N, 79.9500° E","Kayts Island, locally known as Urkavalthurai, is one of the inhabited islands of the Jaffna Peninsula. It is known for its historic harbor, colonial heritage, and scenic coastal landscapes.","Kayts has served as an important maritime trading center since ancient times due to its strategic location in the Palk Strait. The Portuguese, Dutch, and British all established military and trading facilities on the island, leaving behind several historical structures. Today, Kayts continues to preserve its rich cultural and colonial heritage while supporting traditional fishing communities.",Natural island settlement,Ancient coastal settlement,"Historic island area with Hindu, Buddhist and colonial heritage.","Beaches, temples, islands, fishing villages, landscapes.",Open access,Half day–full day,Free,January–September; morning,"Nagadeepa, Delft Island, Casuarina Beach, Jaffna Fort, Nallur Temple","Jetwing Jaffna, The Thinnai, North Gate Hotel, Tilko Jaffna City Hotel, Valampuri Hotel","Malayan Cafe, Mangoes, local seafood restaurants, island cafes, Jaffna restaurants",
273,Mannar Island,Island / Natural Attraction,Northern Province – Mannar District,"8.9833° N, 79.9000° E","Mannar Island is a historic island located off the northwestern coast of Sri Lanka, connected to the mainland by a causeway. It is famous for its natural beauty, migratory birds, baobab tree, and centuries of maritime history.","Mannar Island has long been an important center for pearl fishing and maritime trade, attracting traders from South Asia, the Middle East, and Europe. During the Portuguese and Dutch periods, the island became a strategic military and commercial outpost. Today, it remains culturally significant while serving as an important destination for birdwatching, history, and coastal tourism.",Ancient settlement area,Ancient and colonial periods,"Important historical island connecting trade, religion and migration routes.","Beaches, baobab tree, forts, bird watching, lagoons.",Open access,Full day,Free,December–April; morning/evening,"Mannar Fort, Baobab Tree, Giant’s Tank, Adam’s Bridge, Doric House","Hotel Agape, Palmyrah House, Pearl Rest, local Mannar hotels, guesthouses","Mannar seafood restaurants, Palmyrah Restaurant, local cafes, hotel restaurants, village eateries",
274,Doric House Mannar,Historical Building,Northern Province – Mannar District,"8.9500° N, 79.8500° E","Doric House is a historic colonial residence located on Mannar Island, overlooking the sea. Built in the distinctive Doric architectural style, it is one of the most notable colonial buildings in northern Sri Lanka.","Doric House was constructed in the early 19th century as the official residence of the British Government Agent overseeing Mannar's valuable pearl fisheries. Designed with classical Greek-inspired columns, the building symbolized British colonial administration in the region. Although no longer used as a government residence, it remains an important architectural and historical landmark.",Built by British colonial administration for Governor Frederick North,1804 AD,Colonial architectural monument connected with early British rule.,"Greek-style architecture, sea views, ruins, photography.",Daylight hours,30–60 minutes,Free,December–April; evening,"Mannar Island, Fort, Baobab Tree, Adam’s Bridge, Giant’s Tank","Hotel Agape, Palmyrah House, Pearl Rest, local guesthouses, Mannar hotels","Mannar seafood restaurants, Palmyrah Restaurant, local cafes, hotel restaurants, food stalls",
275,Giant's Tank,Reservoir / Ancient Irrigation Site,Northern Province – Mannar District,"8.9167° N, 80.1000° E","Giant's Tank, also known as Yoda Wewa, is one of Sri Lanka's largest ancient irrigation reservoirs, located near Mannar. It supports agriculture, wildlife, and extensive wetland ecosystems, particularly for migratory birds.","Giant's Tank is believed to have been originally constructed during the reign of King Dhatusena (455–473 CE), who expanded Sri Lanka's sophisticated irrigation network. The reservoir has provided irrigation water for surrounding farming communities for centuries while creating valuable wetland habitats. Today, it is recognized as an important ecological and historical site supporting both agriculture and biodiversity.",Ancient Sri Lankan kings,Ancient irrigation period,Historic reservoir supporting agriculture and migratory birds.,"Bird watching, wetlands, sunsets, wildlife.",Daylight hours,2–3 hours,Free,December–April; morning,"Mannar Island, Wilpattu, Madhu Church, Arippu Fort, Doric House","Hotel Agape, Palmyrah House, Pearl Rest, local Mannar hotels, guesthouses","Mannar seafood restaurants, local cafes, hotel restaurants, village eateries, food stalls",
276,Arippu Fort,Fort / Historical Site,Northern Province – Mannar District,"8.6500° N, 79.9500° E","Arippu Fort is a small colonial-era fort located near Mannar on Sri Lanka's northwestern coast. Built to safeguard the region's valuable pearl fisheries and coastal trade routes, it reflects the island's colonial maritime history.","Arippu Fort was constructed by the Portuguese during the 16th century and was later occupied and strengthened by the Dutch after they gained control of the region. Owing to its strategic location near the Gulf of Mannar, the fort played an important role in protecting pearl fishing operations and coastal trade. Although only ruins remain today, it continues to be a significant historical landmark.",Portuguese; later Dutch,17th century,Colonial coastal fort connected with maritime trade routes.,"Fort ruins, beach, coastal scenery, history.",Daylight hours,30–60 minutes,Free,December–April; evening,"Giant’s Tank, Mannar Island, Doric House, Adam’s Bridge, Wilpattu","Hotel Agape, Palmyrah House, Pearl Rest, local guesthouses, Mannar hotels","Mannar seafood restaurants, local cafes, hotel restaurants, village eateries, food stalls",
277,Madhu Church Shrine,Church / Religious Site,Northern Province – Mannar District,"8.8500° N, 80.1667° E","Madhu Church Shrine, officially known as the Shrine of Our Lady of Madhu, is one of Sri Lanka's most important Roman Catholic pilgrimage sites. Surrounded by tranquil forest, it attracts devotees of many faiths throughout the year.","The origins of the shrine date back to the 17th century when Catholics fleeing religious persecution during the Portuguese and Dutch colonial periods established a place of worship at Madhu. Over the centuries, it developed into the country's most significant Catholic pilgrimage destination, symbolizing peace, reconciliation, and religious harmony. The annual feast of Our Lady of Madhu continues to draw thousands of pilgrims from across Sri Lanka.",Portuguese missionaries,17th century,Sri Lanka’s most important Catholic pilgrimage site dedicated to Our Lady of Madhu.,"Basilica, sacred statue, annual feast, forest surroundings.",6:00 AM – 8:00 PM,1–2 hours,Free / Donation,August feast season; December–April,"Mannar, Giant’s Tank, Wilpattu, Arippu Fort, Madhu Forest","Hotel Agape Mannar, local guesthouses, Vavuniya hotels, Mannar hotels, eco lodges","Church area food stalls, local restaurants, hotel restaurants, cafes, village eateries",
278,Illuppaikadavai Beach,Beach,Northern Province – Mannar District,"8.8000° N, 79.9000° E","Illuppaikadavai Beach is a quiet coastal destination situated along Sri Lanka's northwestern shoreline. It is known for its unspoiled sandy beaches, peaceful surroundings, and traditional fishing communities.","Illuppaikadavai has long been home to fishing communities that have depended on the rich marine resources of the Gulf of Mannar. The surrounding coastal region has historically supported pearl fishing and maritime trade, contributing to the area's economic importance. Today, the beach remains a serene destination valued for its natural beauty and cultural heritage.",Natural coastal area,Natural formation,Quiet northern beach known for untouched coastal scenery.,"Beach walks, fishing villages, sunsets, photography.",Open access,1–3 hours,Free,December–April; evening,"Mannar Island, Madhu Church, Giant’s Tank, Arippu Fort, Wilpattu","Mannar hotels, Hotel Agape, Palmyrah House, local guesthouses, eco lodges","Local seafood restaurants, village cafes, hotel restaurants, food stalls, Mannar eateries",
279,Meeran Mosque Galle Fort,Mosque / Religious Site,Southern Province – Galle District,"6.0250° N, 80.2170° E","Meeran Mosque is a historic mosque located within the UNESCO-listed Galle Fort. Distinguished by its unique architecture combining Islamic and colonial influences, it remains an active place of worship for the local Muslim community.","Meeran Mosque was built in the early 20th century during the British colonial period, replacing an earlier mosque that had served Muslim traders and residents of Galle. Its façade features architectural elements resembling Gothic churches while maintaining traditional Islamic design inside. The mosque reflects the multicultural history of Galle Fort and continues to serve as an important religious landmark.",Muslim merchant community,1904 AD,Historic mosque representing Galle’s multicultural heritage.,"Indo-Islamic architecture, interiors, Fort surroundings.",Prayer times / daytime visits,30 minutes,Free / Donation,November–April; morning/evening,"Galle Fort, Lighthouse, Dutch Church, Maritime Museum, National Museum","Amangalla, Fort Bazaar, Galle Fort Hotel, Jetwing Lighthouse, Bartizan","Pedlar’s Inn Cafe, A Minute by Tuk Tuk, Tuna & Crab, Poonie’s Kitchen, Fortaleza",
280,Dalawella Beach,Beach,Southern Province – Galle District,"6.0080° N, 80.2480° E","Dalawella Beach is a picturesque beach near Unawatuna, famous for its golden sands, turquoise waters, and the iconic rope swing suspended from a palm tree. It is a popular destination for swimming, photography, and relaxation.","Dalawella Beach has traditionally been a quiet fishing village before developing into a well-known tourist destination. The beach gained international recognition through its scenic coastline and famous rope swing, becoming one of the most photographed locations on Sri Lanka's southern coast. Today, it remains a favorite attraction for both local and international visitors.",Natural coastal area,Natural formation,Famous southern beach known for scenic coastal attractions.,"Rope swing, sunsets, swimming, photography.",Open access,Half day,Free,November–April; sunset,"Unawatuna Beach, Jungle Beach, Galle Fort, Japanese Peace Pagoda, Wijaya Beach","Thaproban Pavilion, Levels Unawatuna, Calamander, Jetwing Lighthouse, Fort Bazaar","Kingfisher, Happy Banana, Tartaruga, Bedspace Beach, La Boheme",
281,Wijaya Beach,Beach,Southern Province – Galle District,"6.0150° N, 80.2500° E","Wijaya Beach is a beautiful beach located near Unawatuna, known for its calm lagoon-like waters, offshore reef, and opportunities to observe sea turtles. It is ideal for swimming, snorkeling, and family-friendly recreation.","Named after the nearby Wijaya Beach Restaurant, the beach developed into a popular tourist destination as tourism expanded along Sri Lanka's southern coastline. The protective offshore reef creates naturally calm waters, making the beach suitable for safe swimming. Today, Wijaya Beach is widely recognized as one of the finest beaches in the Galle area.",Natural coastal area,Natural formation,Popular swimming beach near Unawatuna with calm waters.,"Beach, palm trees, snorkeling, sunsets.",Open access,Half day,Free,November–April; morning/evening,"Dalawella Beach, Unawatuna, Jungle Beach, Galle Fort, Rumassala","Thaproban Pavilion, Levels Unawatuna, Calamander, Jetwing Lighthouse, Fort Bazaar","Kingfisher, Happy Banana, Tartaruga, Bedspace Beach, La Boheme",
282,Habaraduwa Turtle Hatchery,Wildlife Conservation Centre,Southern Province – Galle District,"5.9833° N, 80.3167° E","Habaraduwa Turtle Hatchery is a marine conservation center dedicated to protecting endangered sea turtles through egg conservation, rehabilitation, and public education. It plays an important role in preserving Sri Lanka's coastal biodiversity.","Established in the late 20th century, the hatchery was created to safeguard sea turtle nests from poaching and natural threats. Eggs collected from vulnerable beaches are incubated until hatchlings are safely released into the ocean. The center also rescues and rehabilitates injured turtles while raising awareness about marine conservation among visitors.",Local conservation organization,Modern conservation project,Protects sea turtles and supports marine conservation education.,"Turtle tanks, hatchlings, conservation programs.",8:00 AM – 6:00 PM,1 hour,Approx. USD 5–10,November–April; morning,"Koggala Lake, Unawatuna, Galle Fort, Dalawella, Jungle Beach","The Fortress Resort, Kahanda Kanda, Jetwing Lighthouse, Koggala Beach Hotel, Long Beach Resort","The Tuna & Crab, Stick Fishermen Restaurant, seafood restaurants, cafes, beach restaurants",
283,Kosgoda Turtle Conservation Centre,Wildlife Conservation Centre,Southern Province – Galle District,"6.3333° N, 80.0333° E","Kosgoda Turtle Conservation Centre is one of Sri Lanka's leading sea turtle conservation facilities, focused on protecting endangered turtle species through research, hatchery programs, and environmental education.","The conservation center was established in 1988 in response to declining sea turtle populations caused by egg collection, pollution, and habitat destruction. It protects turtle nests, rehabilitates injured turtles, and releases thousands of hatchlings into the sea each year. The center has become an important institution for marine conservation and sustainable tourism in Sri Lanka.",Turtle conservation groups,Established in 1980s,Major sea turtle conservation and research centre.,"Turtle ponds, hatchery, release programs, education.",8:30 AM – 5:30 PM,1 hour,Approx. USD 5–10,November–April; morning,"Bentota Beach, Madu River, Brief Garden, Galle Fort, Hikkaduwa","Cinnamon Bentota Beach, Taj Bentota, Avani Bentota, The Surf Bentota, Centara Ceysands","Amal Restaurant, Pier 88, Malli’s Seafood, Golden Grill, Aida Restaurant",
284,Bentota River,River / Water Attraction,Western Province – Kalutara District,"6.4167° N, 79.9833° E","Bentota River is one of Sri Lanka's most scenic rivers, flowing through lush mangrove forests before reaching the Indian Ocean. It is famous for boat safaris, water sports, and its rich diversity of wildlife.","The Bentota River has supported local communities for centuries by providing water, transportation, fishing, and agriculture. Its mangrove ecosystems have long served as important habitats for birds, reptiles, and aquatic life. With the growth of tourism, the river has become one of Sri Lanka's premier destinations for eco-tourism, water sports, and river excursions.",Natural river system,Natural formation,Important eco-tourism destination combining river and coastal activities.,"Boat safaris, mangroves, water sports, wildlife.",7:00 AM – 6:00 PM,2–3 hours,Boat fees apply,November–April; morning/evening,"Bentota Beach, Brief Garden, Lunuganga Estate, Kosgoda, Beruwala","Cinnamon Bentota Beach, Taj Bentota, Avani Bentota, Centara Ceysands, The Surf Bentota","Pier 88, Amal Restaurant, Malli’s Seafood, Golden Grill, Aida Restaurant",
285,Beruwala Beach,Beach,Western Province – Kalutara District,"6.4667° N, 79.9833° E","Beruwala Beach is a popular coastal destination on Sri Lanka's southwest coast, renowned for its long golden sandy shoreline, clear waters, and vibrant beach resorts. It is a favorite location for swimming, water sports, and relaxation.","Beruwala is one of Sri Lanka's oldest Muslim settlements, founded by Arab traders around the 10th century. The town developed into an important trading port and fishing center, contributing to the region's cultural diversity. Today, Beruwala Beach is a major tourist destination, combining historical significance with modern hospitality and recreational activities.",Natural coastal area,Natural formation,Historic west coast beach town known for fishing and tourism.,"Beach, lighthouse, fishing harbour, water activities.",Open access,Half day,Free,November–April; evening,"Barberyn Lighthouse, Bentota, Brief Garden, Kande Viharaya, Madu River","Cinnamon Bey Beruwala, Taj Bentota, Avani Bentota, Centara Ceysands, The Surf Bentota","Amal Restaurant, Pier 88, Malli’s Seafood, Golden Grill, Aida Restaurant",
286,Kande Vihara Temple,Temple / Religious Site,Western Province – Kalutara District,"6.4300° N, 80.0000° E","Kande Vihara Temple is a renowned Buddhist temple located in Aluthgama, famous for its towering seated Buddha statue, colorful murals, and peaceful surroundings. It is one of the most visited religious sites in Sri Lanka's Western Province.","Kande Vihara was established in 1734 during the Kandyan Kingdom by Karapagala Dewamitta Thero. Over the centuries, it developed into an important center of Buddhist worship and education. The temple gained further prominence with the construction of its 48.8-meter-tall seated Buddha statue, one of the tallest in Sri Lanka, making it a major pilgrimage and tourist destination.",Ven. Karapagala Dewamitta Thero,Established 1734 AD,Important Buddhist temple famous for one of Sri Lanka’s tallest seated Buddha statues.,"Giant Buddha statue, temple murals, Bodhi tree, shrines.",6:00 AM – 8:00 PM,1–2 hours,Free / Donation,November–April; morning/evening,"Bentota Beach, Brief Garden, Beruwala, Madu River, Kosgoda Turtle Centre","Cinnamon Bentota Beach, Taj Bentota, Avani Bentota, Centara Ceysands, The Surf Bentota","Amal Restaurant, Pier 88, Malli’s Seafood, Golden Grill, Aida Restaurant",
287,Richmond Castle Garden,Garden / Historical Site,Western Province – Kalutara District,"6.5875° N, 79.9825° E","Richmond Castle Garden surrounds Richmond Castle, a magnificent Edwardian mansion located near Kalutara. The landscaped gardens feature ornamental trees, flowering plants, and scenic pathways that complement the historic estate.","Richmond Castle was built between 1900 and 1910 by Mudaliyar Don Arthur de Silva Wijesinghe Siriwardena, one of Sri Lanka's wealthy plantation owners. The gardens were carefully designed using both local and imported plant species to enhance the grandeur of the mansion. Today, the estate is preserved as an important historical and architectural landmark open to visitors.",Padikara Mudaliyar Don Arthur de Silva Wijesinghe Siriwardena,Built 1910 AD,Colonial-era mansion reflecting Sri Lankan aristocratic heritage.,"Edwardian mansion, gardens, architecture, antique interiors.",8:00 AM – 5:00 PM,1 hour,Approx. USD 5,November–April; morning,"Kalutara Bodhiya, Kalutara Beach, Brief Garden, Bentota, Madu River","Anantara Kalutara, Avani Kalutara, Cinnamon Bey Beruwala, Taj Bentota, Royal Palms Beach Hotel","The Palms Restaurant, Seafood restaurants, local Kalutara restaurants, hotel restaurants, cafes",
288,Kalutara Beach,Beach,Western Province – Kalutara District,"6.5833° N, 79.9600° E","Kalutara Beach is a popular coastal destination on Sri Lanka's southwest coast, known for its golden sandy shoreline, clear waters, and scenic sunsets. It is a favored location for beach holidays, water sports, and relaxation.","Kalutara has served as an important coastal settlement and trading port since ancient times due to its strategic position along the Kalu Ganga estuary. During the Portuguese, Dutch, and British colonial periods, the town continued to grow as a center for commerce and cinnamon trade. Today, Kalutara Beach is one of the region's leading tourist attractions.",Natural coastal area,Natural formation,Popular west coast beach known for sunsets and coastal recreation.,"Beach walks, fishing boats, sunsets, photography.",Open access,1–3 hours,Free,November–April; evening,"Kalutara Bodhiya, Richmond Castle, Beruwala, Bentota, Madu River","Anantara Kalutara, Avani Kalutara, Royal Palms Beach Hotel, Taj Bentota, Cinnamon Bey Beruwala","Seafood restaurants, The Palms Restaurant, hotel restaurants, local cafes, beach restaurants",
289,Fa Hien Cave,Cave / Archaeological Site,Western Province – Kalutara District,"6.6500° N, 80.0000° E","Fa Hien Cave, also known as Pahiyangala Cave, is one of Asia's largest natural rock caves and an important prehistoric archaeological site located in Bulathsinhala. It is famous for evidence of some of the earliest human settlements in South Asia.","The cave is named after the Chinese Buddhist monk Faxian (Fa Hien), who is believed to have visited Sri Lanka during the 5th century CE. Archaeological excavations have uncovered human skeletal remains and stone tools dating back more than 35,000 years, providing evidence of prehistoric human habitation. Today, Fa Hien Cave is recognized as one of Sri Lanka's most significant archaeological sites.",Natural cave; Buddhist occupation site,Prehistoric period; Buddhist use around early centuries AD,One of Sri Lanka’s most important prehistoric archaeological sites.,"Massive cave, archaeological remains, rock formations, views.",8:00 AM – 5:00 PM,1–2 hours,Free / Donation,December–April; morning,"Kalutara Bodhiya, Richmond Castle, Ratnapura, Sinharaja, Bentota","Anantara Kalutara, Avani Kalutara, Cinnamon Bey Beruwala, local guesthouses, Taj Bentota","Local Kalutara restaurants, seafood restaurants, hotel restaurants, cafes, village eateries",
290,Embekke Wood Carving Village,Cultural Village / Heritage Site,Central Province – Kandy District,"7.2089° N, 80.5770° E","Embekke Wood Carving Village is a traditional artisan community near Kandy, renowned for preserving Sri Lanka's centuries-old wood carving craftsmanship. The village is closely associated with the historic Embekke Devalaya.","Wood carving traditions in Embekke date back to the Gampola Kingdom during the 14th century, when highly skilled craftsmen created the intricate carvings that adorn Embekke Devalaya. These techniques have been passed down through generations, allowing local artisans to continue producing traditional wooden sculptures, decorative panels, and religious artworks.",Kandyan craftsmen tradition,14th century tradition,Famous centre preserving traditional Kandyan wood carving skills.,"Wood workshops, traditional crafts, carvings, artisans.",8:00 AM – 5:00 PM,1–2 hours,Free,January–April; morning,"Embekka Devalaya, Lankatilaka Temple, Gadaladeniya Temple, Kandy Lake, Peradeniya Gardens","Earl’s Regency, The Grand Kandyan, Amaya Hills, Cinnamon Citadel, Mahaweli Reach","Balaji Dosai, Cafe Aroma, Theva Cuisine, Kandy restaurants, hotel restaurants",
291,Pallekele International Cricket Stadium,Sports Stadium,Central Province – Kandy District,"7.2720° N, 80.7220° E","Pallekele International Cricket Stadium is one of Sri Lanka's premier international cricket venues, located near Kandy. The stadium hosts Test matches, One Day Internationals, and Twenty20 Internationals in a picturesque setting surrounded by hills.","Construction of Pallekele International Cricket Stadium began in 2009, and it was officially opened in 2010 as part of preparations for the 2011 ICC Cricket World Cup. Since then, it has hosted numerous international matches featuring Sri Lanka and visiting teams. The stadium has become one of the country's most important cricket venues.",Sri Lanka Cricket,Opened 2009 AD,Major international cricket venue representing modern sports culture.,"Cricket matches, stadium architecture, sports events.",Event days / scheduled visits,1–3 hours,Event dependent,December–April; match days,"Kandy Lake, Temple of Tooth, Udawatta Kele, Peradeniya Gardens, Bahirawakanda","Earl’s Regency, Mahaweli Reach, The Grand Kandyan, Amaya Hills, Cinnamon Citadel","Balaji Dosai, Cafe Aroma, Slightly Chilled Lounge, Kandy restaurants, hotel restaurants",
292,Kandy Viewpoint,Viewpoint,Central Province – Kandy District,"7.2900° N, 80.6300° E","Kandy Viewpoint is a popular observation point overlooking the city of Kandy, Kandy Lake, and the surrounding hills. It offers one of the finest panoramic views of Sri Lanka's cultural capital.","The viewpoint developed as Kandy expanded during the colonial period, providing visitors with a scenic location from which to appreciate the city's natural landscape and historic landmarks. Its elevated position has made it a favorite destination for photographers and tourists, especially during sunrise and sunset. Today, it remains one of Kandy's most visited viewpoints.",Natural viewpoint,Natural formation,Popular scenic location overlooking Kandy city and lake.,"City panorama, sunset views, photography.",Open access,30–60 minutes,Free,January–April; sunset,"Temple of Tooth, Kandy Lake, Bahirawakanda Buddha, Udawatta Kele, Peradeniya Gardens","Earl’s Regency, The Grand Kandyan, Amaya Hills, Cinnamon Citadel, Mahaweli Reach","Slightly Chilled Lounge, Cafe Aroma, Balaji Dosai, Kandy restaurants, hotel dining",
293,Totapola Mountain,Mountain,Central Province – Nuwara Eliya District,"6.8500° N, 80.8000° E","Totapola Mountain is the second-highest peak in Sri Lanka, rising to approximately 2,357 meters above sea level within Horton Plains National Park. It is known for its montane forests, grasslands, and breathtaking panoramic views.","The name ""Totapola"" is traditionally believed to refer to a ""landing place,"" with local folklore associating the mountain with King Ravana's legendary flying craft. The mountain has long formed part of the unique ecosystem of Horton Plains, supporting numerous endemic plant and animal species. Today, it is a popular destination for hikers and nature enthusiasts exploring the national park.",Natural mountain formation,Geological formation,Third highest mountain in Sri Lanka and important hiking destination.,"Hiking trails, mountain views, cloud forests, scenery.",Daylight hours,3–5 hours,Free,January–April; morning,"Horton Plains, World’s End, Baker’s Falls, Pattipola, Nuwara Eliya","Jetwing St Andrew’s, Araliya Green Hills, Grand Hotel Nuwara Eliya, Heritance Tea Factory, Hill Club","Grand Indian, Coffee Bar, Salmiya, Adma Agro, Nuwara Eliya restaurants",
294,Single Tree Hill,Mountain / Viewpoint,Central Province – Nuwara Eliya District,"6.9700° N, 80.7800° E","Single Tree Hill is a scenic viewpoint overlooking Nuwara Eliya, famous for its sweeping views of the town, tea plantations, and surrounding mountain ranges. It is a popular destination for hiking and photography.","Single Tree Hill derives its name from the solitary tree that once stood at its summit, serving as a recognizable landmark. During the British colonial era, the hill became a favorite recreational spot due to its cool climate and panoramic scenery. It continues to attract visitors seeking some of the best views in Sri Lanka's hill country.",Natural mountain viewpoint,Natural formation,Famous viewpoint overlooking Nuwara Eliya town and surrounding mountains.,"Sunrise views, tea plantations, panoramic scenery.",Daylight hours,1–2 hours,Free,January–April; sunrise,"Gregory Lake, Victoria Park, Hakgala, Pedro Tea Estate, Moon Plains","Grand Hotel Nuwara Eliya, Jetwing St Andrew’s, Araliya Green Hills, Heritance Tea Factory, Hill Club","Grand Indian, Coffee Bar, Salmiya, Adma Agro, local cafes",
295,Nanu Oya Railway Station,Railway Heritage Site,Central Province – Nuwara Eliya District,"6.9317° N, 80.7450° E",Nanu Oya Railway Station is a historic railway station located near Nuwara Eliya on Sri Lanka's famous Main Line. It is well known for its colonial-era architecture and serves as the primary rail gateway to Nuwara Eliya.,"Nanu Oya Railway Station was opened in the late 19th century during the expansion of Sri Lanka's hill country railway by the British. The railway played a crucial role in transporting tea from the central highlands to Colombo for export. Today, the station remains an important stop on one of the world's most scenic railway journeys while preserving its historic colonial character.",British colonial railway administration,Opened 19th century,Historic railway station serving the hill country railway route.,"Colonial railway architecture, trains, mountain scenery.",Railway operating hours,30–60 minutes,Free,January–April; morning,"Nuwara Eliya, Gregory Lake, Horton Plains, Pedro Tea Estate, Hakgala","Grand Hotel Nuwara Eliya, Jetwing St Andrew’s, Araliya Green Hills, Hill Club, Heritance Tea Factory","Grand Indian, Coffee Bar, Salmiya, local restaurants, hotel restaurants",
296,Hakgala Rock,Mountain / Nature Site,Central Province – Nuwara Eliya District,"6.9200° N, 80.8200° E","Hakgala Rock is a prominent granite mountain located near Nuwara Eliya, renowned for its dramatic cliffs, cool climate, and the nearby Hakgala Botanical Garden. It offers stunning views of the surrounding highlands and is associated with local legends.","Hakgala Rock has long been linked to the Ramayana, where it is believed to be part of the region connected with King Ravana and the Ashoka Vatika, where Princess Sita was said to have been held. The mountain has also been an important natural landmark in Sri Lanka's central highlands for centuries. Today, it attracts nature lovers, hikers, and visitors exploring the nearby botanical gardens.",Natural rock formation,Geological formation,Scenic mountain landmark within the Hakgala highland environment.,"Rock views, forests, photography, hiking surroundings.",Daylight hours,1–2 hours,Free,January–April; morning,"Hakgala Botanical Garden, Seetha Amman Temple, Gregory Lake, Moon Plains, Horton Plains","Heritance Tea Factory, Grand Hotel, Jetwing St Andrew’s, Araliya Green Hills, Hill Club","Grand Indian, Salmiya, Coffee Bar, Adma Agro, local cafes",
297,Pidurutalagala Mountain,Mountain,Central Province – Nuwara Eliya District,"7.0000° N, 80.7667° E","Pidurutalagala Mountain is the highest mountain in Sri Lanka, rising approximately 2,524 meters above sea level. Located near Nuwara Eliya, it is covered by montane forests and serves as an important watershed and biodiversity hotspot.","Pidurutalagala has been recognized as Sri Lanka's highest peak since ancient times and gained strategic importance during the British colonial period for surveying and communication. Today, the summit houses military and telecommunications facilities while the surrounding forests are protected for their ecological significance. The mountain remains one of Sri Lanka's most prominent natural landmarks.",Natural mountain formation,Geological formation,Highest mountain in Sri Lanka and important natural landmark.,"Mountain views, forests, panoramic scenery.",Restricted access (permission required),1–2 hours,Permission required,January–April; morning,"Nuwara Eliya, Single Tree Hill, Gregory Lake, Hakgala, Horton Plains","Grand Hotel Nuwara Eliya, Jetwing St Andrew’s, Heritance Tea Factory, Araliya Green Hills, Hill Club","Grand Indian, Coffee Bar, Salmiya, Adma Agro, hotel restaurants",
298,Kotmale Reservoir,Reservoir / Lake,Central Province – Nuwara Eliya District,"7.0500° N, 80.6000° E","Kotmale Reservoir is a large artificial lake situated in the central highlands of Sri Lanka. It forms part of the Mahaweli Development Programme and is important for hydroelectric power generation, irrigation, and scenic tourism.","Kotmale Reservoir was created in 1985 following the construction of the Kotmale Dam under the Mahaweli Development Programme. The project significantly contributed to Sri Lanka's electricity supply and agricultural development. Although several historic villages were submerged during its construction, important archaeological and religious monuments were relocated or preserved, making the reservoir both an engineering and historical landmark.",Mahaweli Development Authority,Completed 1985 AD,Major hydroelectric reservoir representing modern Sri Lankan engineering.,"Reservoir views, boating, mountains, photography.",7:00 AM – 6:00 PM,2–3 hours,Free / boat fees,January–April; morning/evening,"Kotmale Mahaweli Maha Seya, Ramboda Falls, Nuwara Eliya, Pussellawa, Tea estates","Ramboda Falls Hotel, Heritance Tea Factory, Grand Hotel, Jetwing St Andrew’s, Araliya Green Hills","Ramboda restaurants, Nuwara Eliya restaurants, hotel restaurants, cafes, tea estate cafes",
299,Kotmale Mahaweli Maha Seya,Stupa / Religious Site,Central Province – Nuwara Eliya District,"7.0333° N, 80.6000° E",Kotmale Mahaweli Maha Seya is a prominent Buddhist stupa overlooking the Kotmale Reservoir. It serves as a religious monument commemorating the communities and cultural heritage affected by the Mahaweli Development Project.,"The stupa was constructed during the late 20th century after the creation of the Kotmale Reservoir to preserve the memory of numerous temples and villages submerged by the reservoir. Sacred relics and archaeological artifacts recovered from the flooded area were enshrined within the monument. Today, it stands as a symbol of cultural preservation and Buddhist devotion.",Mahaweli Development Authority,Opened 1987 AD,Monumental Buddhist stupa built to commemorate displaced temples after reservoir construction.,"Large stupa, panoramic views, architecture, meditation area.",6:00 AM – 7:00 PM,1 hour,Free / Donation,January–April; morning/evening,"Kotmale Reservoir, Ramboda Falls, Tea estates, Nuwara Eliya, Pussellawa","Ramboda Falls Hotel, Heritance Tea Factory, Grand Hotel, Jetwing St Andrew’s, Araliya Green Hills","Ramboda restaurants, hotel restaurants, tea cafes, local eateries, Nuwara Eliya cafes",
300,Laxapana Reservoir,Reservoir / Lake,Sabaragamuwa Province – Nuwara Eliya District,"6.9333° N, 80.5000° E","Laxapana Reservoir is an important hydroelectric reservoir located in Sri Lanka's central highlands. Surrounded by mountains and tea plantations, it plays a key role in the country's renewable energy production.","Laxapana Reservoir was developed as part of Sri Lanka's Laxapana Hydroelectric Scheme during the mid-20th century. The project harnessed the waters of the Kelani River to generate electricity, contributing significantly to the nation's growing power needs. The reservoir remains an essential component of Sri Lanka's hydroelectric network.",Ceylon Electricity Board,Developed mid-20th century,Important hydroelectric reservoir supporting Sri Lanka’s power generation.,"Reservoir views, mountains, waterfalls, photography.",Daylight hours,1–2 hours,Free,January–April; morning,"Laxapana Falls, Adam’s Peak, Maskeliya, Castlereigh Reservoir, Nuwara Eliya","Governor’s Mansion, Maskeliya hotels, Ceylon Tea Trails, local guesthouses, Hatton hotels","Hatton restaurants, Tea Centre, local cafes, hotel restaurants, village eateries",
301,Maskeliya Reservoir,Reservoir / Lake,Central Province – Nuwara Eliya District,"6.8333° N, 80.5667° E",Maskeliya Reservoir is a scenic reservoir located near Adam's Peak in the central highlands. It is surrounded by lush tea estates and mountain landscapes and supports hydroelectric power generation.,Maskeliya Reservoir was constructed as part of Sri Lanka's hydroelectric development projects to utilize the waters flowing from the central mountains. The reservoir contributes to electricity generation while supplying water to downstream power stations. Its picturesque surroundings have also made it a popular stop for travelers visiting Adam's Peak and the hill country.,Ceylon Electricity Board,Completed 1968 AD,Important hydroelectric reservoir surrounded by mountain landscapes.,"Reservoir views, Adam’s Peak scenery, boating, photography.",7:00 AM – 6:00 PM,1–2 hours,Free / Boat fees apply,December–April; sunrise/sunset,"Adam’s Peak, Laxapana Falls, Castlereigh Reservoir, Hatton, Norton Bridge","Governor’s Mansion, Ceylon Tea Trails, Grand Adams Peak, Mandira Strathdon, Hatton hotels","Hatton restaurants, Tea Centre, Adams Peak restaurants, local cafes, hotel restaurants",
302,Adam's Peak Peace Pagoda,Religious Site / Pagoda,Sabaragamuwa Province – Ratnapura District,"6.8000° N, 80.5000° E",Adam's Peak Peace Pagoda is a Buddhist monument situated near the sacred pilgrimage route to Adam's Peak (Sri Pada). It offers visitors a peaceful place for meditation along with panoramic views of the surrounding mountains.,"The Peace Pagoda was built in the late 20th century as a symbol of peace, harmony, and spiritual unity. Located near one of Sri Lanka's most sacred pilgrimage destinations, it welcomes visitors of all faiths traveling to Adam's Peak. Today, it serves as both a religious monument and a scenic viewpoint in the central highlands.",Japanese Buddhist monks (Nipponzan Myohoji),Built 1976 AD,Buddhist peace monument overlooking Sri Pada pilgrimage routes.,"White pagoda, mountain views, meditation area, sunrise scenery.",6:00 AM – 6:00 PM,1 hour,Free / Donation,December–April; sunrise,"Adam’s Peak, Dalhousie, Maskeliya Reservoir, Laxapana Falls, Hatton","Grand Adams Peak, Ceylon Tea Trails, Governor’s Mansion, Mandira Strathdon, local guesthouses","Adams Peak restaurants, Hatton cafes, Tea Centre, local eateries, hotel restaurants",
303,Belilena Prehistoric Cave,Cave / Archaeological Site,Sabaragamuwa Province – Kegalle District,"7.2500° N, 80.3333° E","Belilena Prehistoric Cave is one of Sri Lanka's most significant archaeological sites, located near Kitulgala. The cave has yielded evidence of prehistoric human habitation dating back tens of thousands of years.","Archaeological excavations at Belilena Cave have uncovered human skeletal remains, stone tools, and evidence of early human settlements dating back approximately 30,000 years. These discoveries have provided valuable insights into the lives of prehistoric communities in Sri Lanka. Today, the cave is recognized as one of the country's most important prehistoric archaeological sites.",Natural cave; prehistoric human settlement,"Over 30,000 years old archaeological site",Important prehistoric site revealing early human habitation in Sri Lanka.,"Cave exploration, archaeological remains, forest surroundings.",8:00 AM – 5:00 PM,1–2 hours,Free / Guide fee,January–April; morning,"Kitulgala Forest, Makandawa Rainforest, White Water Rafting, Kelani River, Bopath Ella","Rafters Retreat, Kitulgala Plantation Hotel, Palmstone Retreat, Borderlands, local eco lodges","Kitulgala restaurants, rafting camp restaurants, local cafes, hotel restaurants, village eateries",
304,Makandawa Rainforest,Rainforest / Nature Reserve,Sabaragamuwa Province – Kegalle District,"6.9833° N, 80.4167° E","Makandawa Rainforest is a protected lowland rainforest located near Kitulgala, renowned for its rich biodiversity, endemic wildlife, and scenic trekking trails. It is an important conservation area within Sri Lanka's wet zone.","Makandawa Rainforest was declared a forest reserve to protect its unique ecosystem and endemic species. For centuries, the forest has served as an important natural habitat and watershed supporting the Kelani River basin. Today, it is a popular destination for eco-tourism, birdwatching, and scientific research while contributing to biodiversity conservation.",Department of Forest Conservation,Protected forest area,One of Sri Lanka’s important rainforest ecosystems with rich biodiversity.,"Jungle trekking, birds, waterfalls, endemic species.",7:00 AM – 5:00 PM,3–5 hours,Approx. USD 5–10,January–April; morning,"Belilena Cave, Kitulgala rafting area, Kelani River, Bopath Ella, Sinharaja","Rafters Retreat, Palmstone Retreat, Borderlands, Kitulgala Plantation Hotel, eco lodges","Kitulgala restaurants, rafting camps, hotel restaurants, cafes, local food stalls",
305,Kitulgala White Water Rafting Area,Adventure Site / River Activity,Sabaragamuwa Province – Kegalle District,"6.9833° N, 80.4167° E","Kitulgala White Water Rafting Area is Sri Lanka's premier destination for white water rafting and adventure tourism. Located along the Kelani River, it offers exciting rapids, scenic rainforest surroundings, and a variety of outdoor activities.","Kitulgala gained international recognition after serving as the filming location for the 1957 Academy Award-winning movie The Bridge on the River Kwai. In recent decades, the area's fast-flowing section of the Kelani River has become the country's leading destination for white water rafting and adventure sports. Today, it attracts both local and international visitors seeking outdoor recreation in a spectacular natural setting.",Natural river attraction,Natural formation,Sri Lanka’s premier adventure tourism destination on Kelani River.,"White water rafting, canyoning, jungle walks, bird watching.",8:00 AM – 5:00 PM,3–5 hours,Approx. USD 20–50 (activity packages),May–September; morning,"Belilena Cave, Makandawa Forest, Kelani River, Beli Lena, Adventure trails","Rafters Retreat, Palmstone Retreat, Borderlands, Kitulgala Plantation Hotel, local lodges","Kitulgala restaurants, rafting camp restaurants, cafes, hotel dining, village eateries",
306,Alawwa Ancient Temple,Temple / Religious Site,North Western Province – Kurunegala District,"7.3000° N, 80.2500° E","Alawwa Ancient Temple is a historic Buddhist temple located in the Kurunegala District, known for its ancient shrine room, murals, and peaceful surroundings. It serves as an important religious and cultural landmark for the local community.","The origins of Alawwa Ancient Temple are believed to date back to the Anuradhapura Period, with subsequent renovations carried out during the Kandyan Kingdom. The temple has preserved ancient image houses, religious paintings, and stone inscriptions that reflect centuries of Buddhist worship. Today, it continues to function as an active place of worship and an important heritage site.",Ancient Sri Lankan rulers,Ancient period,Historic Buddhist temple representing local religious heritage.,"Temple architecture, Buddha statues, religious activities.",6:00 AM – 6:00 PM,30–60 minutes,Donation,January–April; morning,"Dedigama, Kota Vehera, Yapahuwa, Dambadeniya, Kurunegala","Local Kurunegala hotels, The Kandyan Manor, Kandy hotels, guesthouses, Mawanella hotels","Local restaurants, Kurunegala restaurants, cafes, hotel restaurants, village eateries",
307,Dedigama Kota Vehera,Stupa / Archaeological Site,Sabaragamuwa Province – Kegalle District,"7.3000° N, 80.4500° E",Dedigama Kota Vehera is a large ancient Buddhist stupa located near Dedigama in the Kegalle District. It is one of Sri Lanka's tallest brick stupas and an important archaeological monument.,"Dedigama Kota Vehera was constructed by King Parakramabahu I (1153–1186 CE), who was born in Dedigama before becoming ruler of the Polonnaruwa Kingdom. Built to commemorate his birthplace and promote Buddhism, the stupa reflects the advanced brick construction techniques of the period. Today, it remains a significant religious and historical landmark.",King Parakramabahu I,12th century AD,Ancient stupa associated with the birthplace of King Parakramabahu.,"Stupa, archaeological remains, temple grounds.",7:00 AM – 6:00 PM,1 hour,Free / Donation,January–April; morning,"Dedigama Museum, Elephant Lamp Museum, Alawwa, Dambadeniya, Yapahuwa","Local guesthouses, Kurunegala hotels, Mawanella hotels, Kandy hotels, Colombo hotels","Local restaurants, Kurunegala cafes, village food outlets, hotel restaurants, cafes",
308,Dedigama Elephant Lamp Museum,Museum,Sabaragamuwa Province – Kegalle District,"7.3000° N, 80.4500° E","Dedigama Elephant Lamp Museum is a small museum located near Dedigama Kota Vehera, displaying replicas and information about the famous bronze elephant oil lamp discovered at the archaeological site. The museum highlights the artistic achievements of medieval Sri Lanka.","The museum was established following the discovery of the renowned Dedigama Bronze Elephant Lamp during archaeological excavations at Kota Vehera. The intricately crafted lamp, believed to date to the Polonnaruwa Period, is regarded as one of Sri Lanka's finest examples of ancient bronze craftsmanship. The museum preserves and interprets this important archaeological discovery for visitors.",Central Cultural Fund,Modern museum,Displays archaeological discoveries from Dedigama Kota Vehera excavation.,"Elephant lamp artifact, ancient objects, exhibitions.",8:00 AM – 5:00 PM,30–60 minutes,Approx. USD 3–5,January–April; morning,"Kota Vehera, Alawwa, Dambadeniya, Yapahuwa, Kurunegala","Local guesthouses, Kurunegala hotels, Kandy hotels, Mawanella hotels, Colombo hotels","Local restaurants, Kurunegala restaurants, cafes, village eateries, hotel restaurants",
309,Hummanaya Blow Hole,Natural Attraction / Blow Hole,Southern Province – Matara District,"5.9500° N, 80.7333° E","Hummanaya Blow Hole is the largest natural blowhole in Sri Lanka and one of the largest in the world. Located near Kudawella on the southern coast, it creates spectacular jets of seawater that can rise over 20 meters into the air.","Hummanaya was formed naturally through the erosion of coastal rock, creating an underwater sea cave connected to a vertical opening. Powerful ocean waves force seawater through the opening, producing dramatic water spouts that have attracted visitors for generations. Today, it is one of Sri Lanka's most famous geological attractions and a popular tourist destination.",Natural coastal formation,Geological formation,Famous natural blowhole and coastal geological attraction.,"Sea spray, rock formations, ocean views, photography.",7:00 AM – 6:00 PM,1 hour,Approx. USD 3,November–April; morning/evening,"Kudawella Beach, Dikwella, Hiriketiya, Mulkirigala, Tangalle","Dickwella Resort, Hiriketiya Beach hotels, Anantara Peace Haven Tangalle, Villa Tangalle Lagoon, local hotels","Smoke & Bitters, Dots Bay House, seafood restaurants, beach cafes, local restaurants",
310,Kudawella Beach,Beach,Southern Province – Matara District,"5.9500° N, 80.7333° E","Kudawella Beach is a peaceful coastal destination on Sri Lanka's southern shoreline, known for its rocky coastline, clear waters, and close proximity to Hummanaya Blow Hole. It offers a tranquil setting for relaxation and sightseeing.",Kudawella has traditionally been a fishing village where local communities have relied on the rich marine resources of the southern coast. The area's natural beauty and nearby geological attractions have gradually transformed it into a popular destination for visitors seeking a quieter alternative to busier beaches.,Natural coastal area,Natural formation,Peaceful southern beach known for fishing and coastal scenery.,"Beach walks, fishing boats, sunsets, nearby blowhole.",Open access,1–3 hours,Free,November–April; evening,"Hummanaya, Hiriketiya Beach, Dikwella, Tangalle, Mulkirigala","Dickwella Resort, Anantara Tangalle, Villa Tangalle Lagoon, Hiriketiya hotels, local guesthouses","Smoke & Bitters, Dots Bay House, seafood restaurants, beach cafes, local eateries",
311,Parey Dewa Temple (Rock Temple),Temple / Religious Site,Southern Province – Matara District,"5.9500° N, 80.5500° E","Parey Dewa Temple, also known as the Rock Temple, is a unique Buddhist temple built on a rocky islet just off the coast of Matara. Connected to the mainland by a footbridge, it offers scenic ocean views and a peaceful atmosphere.","The temple is believed to have been established centuries ago as a place of Buddhist worship for coastal communities. Its distinctive location on a rocky outcrop has made it both a religious landmark and a popular attraction. Over time, the temple has been expanded and restored while preserving its spiritual significance and picturesque setting.",Ancient Buddhist tradition,Ancient period,Buddhist rock temple located on a small island-like rock area.,"Rock shrine, Buddha statues, coastal views, meditation area.",6:00 AM – 6:00 PM,1 hour,Donation,November–April; morning,"Matara Fort, Polhena Beach, Devinuwara, Dondra Lighthouse, Weligama","Amaloh Boutique Resort, LakRaj Heritage, Grand Navro Hotel, Matara hotels, Weligama hotels","Reef Edge, seafood restaurants, local Matara restaurants, cafes, hotel restaurants",
312,Devinuwara Temple,Temple / Religious Site,Southern Province – Matara District,"5.9167° N, 80.5833° E","Devinuwara Temple, also known as Dondra Devalaya, is one of Sri Lanka's most important shrines dedicated to the deity Upulvan (Vishnu). Located at the island's southernmost region, it is a major place of pilgrimage for Buddhist devotees.","Devinuwara was one of the wealthiest and most important religious centers in medieval Sri Lanka. The temple flourished under the patronage of Sinhalese kings before suffering destruction during the Portuguese period in the 16th century. It was later restored and continues to attract thousands of devotees, particularly during its annual religious festival.",Ancient Sri Lankan kings,Ancient period,Sacred shrine dedicated to Lord Vishnu and important pilgrimage site.,"Temple complex, architecture, festivals, coastal views.",6:00 AM – 8:00 PM,1–2 hours,Free / Donation,July–August festival; November–April,"Dondra Lighthouse, Matara Fort, Star Fort, Polhena Beach, Wewurukannala","Amaloh Boutique Resort, LakRaj Heritage, Matara hotels, Weligama hotels, local guesthouses","Seafood restaurants, local Matara restaurants, cafes, hotel restaurants, beach restaurants",
313,Polhena Beach,Beach,Southern Province – Matara District,"5.9400° N, 80.5000° E","Polhena Beach is a popular beach located near Matara, famous for its calm waters protected by an offshore coral reef. It is an ideal destination for swimming, snorkeling, and observing sea turtles.","Polhena has long served as a fishing village where the coral reef naturally sheltered boats and protected the coastline from strong waves. As tourism developed along Sri Lanka's southern coast, the beach became well known for its safe swimming conditions and abundant marine life. Today, it remains one of the region's most visited family-friendly beaches.",Natural coastal area,Natural formation,Famous southern beach known for coral reefs and calm swimming waters.,"Snorkeling, turtles, coral areas, swimming.",Open access,Half day,Free,November–April; morning,"Matara Fort, Dondra, Devinuwara, Madiha Beach, Weligama","Amaloh Boutique Resort, LakRaj Heritage, Matara hotels, Weligama hotels, guesthouses","Reef Edge, seafood restaurants, beach cafes, local restaurants, hotel dining",
314,Mulkirigala Rock Temple,Temple / Archaeological Site,Southern Province – Hambantota District,"6.0833° N, 80.7000° E","Mulkirigala Rock Temple is an ancient Buddhist monastery built atop a series of massive rock formations in the Hambantota District. The temple is renowned for its cave shrines, ancient murals, stone inscriptions, and panoramic views.","Mulkirigala Rock Temple is believed to have been established during the 3rd century BCE under the patronage of King Devanampiya Tissa. Over the centuries, successive rulers expanded the monastery by constructing image houses, stupas, and cave temples decorated with remarkable Kandyan-era murals. The temple also gained historical importance as the place where portions of the ancient Mahavamsa chronicle were discovered by British scholar George Turnour in the 19th century.",King Saddhatissa tradition,"Around 2,000 years old",Ancient Buddhist cave temple complex with murals and inscriptions.,"Rock caves, Buddha statues, paintings, summit views.",7:00 AM – 5:30 PM,2–3 hours,Approx. USD 5,November–April; morning,"Tangalle Beach, Rekawa Turtle Beach, Hiriketiya, Hummanaya, Kudawella","Anantara Peace Haven Tangalle, Villa Tangalle Lagoon, Lagoon Paradise, Dickwella Resort, local hotels","Smoke & Bitters, seafood restaurants, Tangalle cafes, beach restaurants, local eateries",
315,Rekawa Turtle Beach,Beach / Wildlife Site,Southern Province – Hambantota District,"6.0500° N, 80.8500° E","Rekawa Turtle Beach is one of Sri Lanka's most important sea turtle nesting beaches, located along the southern coastline near Tangalle. It is internationally recognized for turtle conservation and responsible wildlife tourism.","Rekawa has been a natural nesting site for five species of endangered sea turtles for centuries. Conservation programs introduced during the late 20th century helped protect nesting turtles and their eggs while promoting sustainable eco-tourism. Today, Rekawa Turtle Beach is regarded as one of the best places in Sri Lanka to observe sea turtles nesting in their natural habitat.",Turtle Conservation Project,Modern conservation area,Important nesting site protecting endangered sea turtles.,"Turtle watching, conservation tours, beach walks, night nesting.",Evening turtle tours,2–4 hours,Approx. USD 10–15,November–April; night tours,"Tangalle Beach, Mulkirigala, Hummanaya, Kudawella, Kalametiya Bird Sanctuary","Anantara Tangalle, Villa Tangalle Lagoon, Lagoon Paradise, Dickwella Resort, local guesthouses","Smoke & Bitters, Tangalle seafood restaurants, beach cafes, hotel restaurants, local eateries",
316,Kalametiya Bird Sanctuary,Bird Sanctuary / Wetland,Southern Province – Hambantota District,"6.0833° N, 80.9500° E","Kalametiya Bird Sanctuary is a protected coastal wetland located near Tangalle, renowned for its rich biodiversity, mangrove ecosystems, and large variety of resident and migratory bird species. It is one of Sri Lanka's premier birdwatching destinations.","Kalametiya was declared a bird sanctuary in 1938 to conserve its valuable wetland ecosystem and wildlife. Although parts of the sanctuary experienced environmental changes over the years, conservation initiatives have helped restore its habitats. Today, it remains an important refuge for birds, reptiles, and aquatic life while supporting eco-tourism and environmental education.",Department of Wildlife Conservation,Declared sanctuary in 1984,Important wetland ecosystem protecting migratory birds and wildlife.,"Bird watching, lagoons, mangroves, boat rides, wildlife photography.",6:00 AM – 6:00 PM,2–4 hours,Approx. USD 10–15 (boat/guide fees vary),November–April; morning,"Tangalle Lagoon, Rekawa Beach, Bundala, Hummanaya, Mulkirigala","Anantara Peace Haven Tangalle, Lagoon Paradise, Villa Tangalle Lagoon, Dickwella Resort, local eco lodges","Smoke & Bitters, Tangalle seafood restaurants, beach cafes, hotel restaurants, local eateries",
317,Tangalle Lagoon,Lagoon / Wetland,Southern Province – Hambantota District,"6.0333° N, 80.8000° E","Tangalle Lagoon is a scenic coastal lagoon situated near the town of Tangalle. Surrounded by mangroves and abundant wildlife, it is popular for boat rides, birdwatching, and experiencing Sri Lanka's coastal ecosystems.","Tangalle Lagoon has long supported local fishing communities and provided natural protection for the surrounding coastline. Its mangrove forests have served as important breeding grounds for fish and birds for centuries. Today, the lagoon is recognized for its ecological importance and has become a popular destination for nature-based tourism.",Natural lagoon system,Natural formation,Important coastal wetland supporting fishing and eco-tourism.,"Boat tours, mangroves, birds, kayaking, sunsets.",7:00 AM – 6:00 PM,2–3 hours,Boat fees apply,November–April; morning/evening,"Tangalle Beach, Rekawa, Kalametiya, Mulkirigala, Hummanaya","Anantara Peace Haven Tangalle, Villa Tangalle Lagoon, Lagoon Paradise, Palm Paradise, local hotels","Smoke & Bitters, Tangalle cafes, seafood restaurants, hotel restaurants, beach restaurants",
318,Hambantota Salt Pans,Salt Marsh / Industrial Heritage Site,Southern Province – Hambantota District,"6.1167° N, 81.1167° E","Hambantota Salt Pans are among Sri Lanka's largest salt production areas, located along the southeastern coast. The salt pans are well known for their vast white evaporation ponds and their contribution to the country's salt industry.","Salt production in Hambantota dates back several centuries due to the area's dry climate and favorable coastal conditions. During the colonial period, salt manufacturing expanded significantly under Portuguese, Dutch, and British administration. Today, the Hambantota Salt Pans remain one of Sri Lanka's principal sources of locally produced salt and an important part of the regional economy.",Government salt industry,Developed during colonial and modern periods,Represents Sri Lanka’s traditional salt production industry.,"Salt fields, landscapes, bird watching, photography.",Daylight hours,1–2 hours,Free,May–September; sunrise/sunset,"Bundala National Park, Hambantota Port, Martello Tower, Yala, Tissamaharama","Shangri-La Hambantota, Jetwing Yala, Cinnamon Wild Yala, Peacock Beach Hotel, local hotels","Hotel restaurants, Hambantota seafood restaurants, local cafes, village eateries, food stalls",
319,Martello Tower Hambantota,Historical Monument / Fortification,Southern Province – Hambantota District,"6.1167° N, 81.1167° E",Martello Tower Hambantota is a historic coastal defense tower built by the British in Hambantota. The circular fortification was designed to protect the harbor and surrounding coastline from potential naval attacks.,"The Martello Tower was constructed in 1804 by the British colonial administration during the Napoleonic era as part of Sri Lanka's coastal defense system. Inspired by the famous Martello towers of Europe, it served as a military outpost overlooking Hambantota Bay. Today, the restored structure functions as a small museum showcasing the region's colonial history.",British colonial administration,1804 AD,Historic coastal defense tower from British colonial era.,"Circular tower, coastal views, colonial architecture.",Daylight hours,30–60 minutes,Free,November–April; evening,"Hambantota Salt Pans, Bundala, Yala, Tissa Lake, Kirinda","Shangri-La Hambantota, Jetwing Yala, Cinnamon Wild Yala, Peacock Beach Hotel, local hotels","Hambantota restaurants, seafood restaurants, hotel restaurants, cafes, local eateries",
320,Ramba Viharaya,Temple / Archaeological Site,Southern Province – Hambantota District,"6.1833° N, 81.1667° E","Ramba Viharaya is an ancient Buddhist temple and archaeological site located near Ambalantota. The complex contains stupas, image houses, stone pillars, and monastic ruins reflecting Sri Lanka's rich Buddhist heritage.","Ramba Viharaya is believed to have flourished during the Anuradhapura and Polonnaruwa periods as an important Buddhist monastery. Archaeological excavations have uncovered numerous religious structures and inscriptions that indicate centuries of continuous monastic activity. Today, the temple remains an active place of worship and an important archaeological site.",Ancient Sri Lankan kings,Ancient period (Anuradhapura era),Historic Buddhist monastery complex connected with ancient monastic traditions.,"Ruins, stupas, monastery remains, archaeology.",8:00 AM – 5:00 PM,1–2 hours,Free / Donation,November–April; morning,"Yatala Vehera, Tissamaharama, Sandagiri Stupa, Tissa Lake, Yala","Chaarya Resort, Ekho Safari, Jetwing Yala, Cinnamon Wild Yala, local hotels","Tissamaharama restaurants, hotel restaurants, seafood restaurants, cafes, local eateries",
321,Yatala Vehera,Stupa / Religious Site,Southern Province – Hambantota District,"6.2833° N, 81.2833° E","Yatala Vehera is one of the oldest Buddhist stupas in southern Sri Lanka, situated near Tissamaharama. The temple complex is known for its ancient stupa, stone sculptures, and peaceful surroundings.","According to tradition, Yatala Vehera was built by King Mahanaga in the 3rd century BCE to commemorate the birth of his son, Prince Yatalatissa. Over the centuries, the monastery expanded into an important religious center in the ancient Kingdom of Ruhuna. Today, it remains a respected pilgrimage site and a significant archaeological monument.",King Mahanaga tradition,3rd century BC,Ancient Buddhist stupa believed to commemorate early Buddhist history.,"Stupa, elephant wall, museum, archaeological remains.",6:00 AM – 7:00 PM,1 hour,Free / Donation,November–April; morning,"Tissamaharama Lake, Sandagiri Stupa, Ramba Viharaya, Kataragama, Yala","Chaarya Resort, Ekho Safari, Jetwing Yala, Cinnamon Wild Yala, Mandara Rosen","Tissamaharama restaurants, hotel dining, local cafes, seafood restaurants, village restaurants",
322,Sandagiri Stupa,Stupa / Religious Site,Southern Province – Hambantota District,"6.2833° N, 81.2833° E","Sandagiri Stupa is an ancient Buddhist stupa located in Tissamaharama, representing one of the important religious monuments of the ancient Ruhuna Kingdom. It is admired for its historical significance and serene setting.",Sandagiri Stupa is believed to have been constructed during the Anuradhapura Period under the patronage of the rulers of the Ruhuna Kingdom. The stupa served as an important place of worship for Buddhist monks and pilgrims in southern Sri Lanka. Restoration efforts have preserved the monument as part of the region's rich archaeological heritage.,Ancient rulers of Ruhuna,Ancient period,Sacred Buddhist monument in the Tissamaharama religious area.,"White stupa, temple grounds, religious ceremonies.",6:00 AM – 8:00 PM,1 hour,Free / Donation,November–April; morning/evening,"Yatala Vehera, Tissamaharama Lake, Kirinda, Yala, Kataragama","Chaarya Resort, Ekho Safari, Jetwing Yala, Cinnamon Wild Yala, Mandara Rosen","Tissamaharama restaurants, hotel restaurants, local cafes, seafood restaurants, village eateries",
323,Tissamaharama Lake,Lake / Reservoir,Southern Province – Hambantota District,"6.2833° N, 81.2833° E","Tissamaharama Lake, also known as Tissa Wewa, is a large ancient reservoir located beside the sacred town of Tissamaharama. It is valued for its scenic beauty, irrigation functions, and abundant birdlife.","Tissamaharama Lake was constructed during the 3rd century BCE by King Mahanaga as part of the advanced irrigation system developed in the ancient Kingdom of Ruhuna. The reservoir supplied water for agriculture and supported the surrounding settlements for centuries. Today, it remains an important source of irrigation while attracting visitors with its picturesque landscapes and wildlife.",King Kavantissa,Ancient irrigation period,"Historic reservoir supporting agriculture, wildlife and Buddhist culture.","Lake views, birds, sunsets, boating, photography.",Open access,1–2 hours,Free,November–April; sunrise/sunset,"Yatala Vehera, Sandagiri Stupa, Tissamaharama Temple, Yala, Kirinda","Chaarya Resort, Ekho Safari, Jetwing Yala, Cinnamon Wild Yala, Mandara Rosen","Tissamaharama restaurants, hotel dining, local cafes, seafood restaurants, food stalls",
324,Kirinda Beach Viewpoint,Viewpoint / Beach Attraction,Southern Province – Hambantota District,"6.2167° N, 81.2833° E","Kirinda Beach Viewpoint is a scenic coastal lookout overlooking the Indian Ocean near the historic village of Kirinda. It offers panoramic views of the rugged coastline, beaches, and nearby Kirinda Temple.","The viewpoint has long served as a natural observation point for fishermen and travelers navigating the southern coast. Its proximity to Kirinda Raja Maha Viharaya and the historic harbor has made it a place of both cultural and scenic importance. Today, it is a popular destination for photography and enjoying coastal sunsets.",Natural coastal landmark,Natural formation,Scenic coastal viewpoint connected with Kirinda temple legends.,"Ocean views, rocks, lighthouse area, sunsets.",Daylight hours,1 hour,Free,November–April; sunset,"Kirinda Temple, Yala National Park, Tissamaharama, Bundala, Kataragama","Jetwing Yala, Cinnamon Wild Yala, Chaarya Resort, Ekho Safari, local hotels","Yala restaurants, Tissa restaurants, seafood restaurants, hotel restaurants, cafes",
325,Okanda Beach,Beach,Eastern Province – Ampara District,"6.6667° N, 81.7833° E","Okanda Beach is a remote and unspoiled beach located on Sri Lanka's southeastern coastline near Kumana National Park. It is known for its pristine shoreline, natural beauty, and peaceful atmosphere.","Okanda Beach has traditionally been associated with the annual Pada Yatra pilgrimage, during which thousands of Hindu and Buddhist devotees travel along the eastern coast to Kataragama. Its location near Okanda Devalaya and Kumana National Park has made it both a spiritually significant and environmentally important destination. Today, the beach remains a favorite spot for nature lovers and pilgrims seeking a tranquil coastal experience.",Natural coastal area,Natural formation,Quiet eastern coastal destination near wildlife and pilgrimage areas.,"Beach, fishing, sunsets, nature views.",Open access,1–3 hours,Free,April–September; evening,"Kumana, Panama, Arugam Bay, Okanda Devalaya, Crocodile Rock","Jetwing Surf, Blue Wave Hotel, Kottukal Beach House, Stardust Beach Hotel, local lodges","Gecko Restaurant, Hideaway Resort, Siam View, seafood restaurants, cafes",
326,Panama Village,Village / Cultural Attraction,Eastern Province – Ampara District,"6.8167° N, 81.8167° E","Panama Village is a traditional coastal village located in the Ampara District near Kumana National Park. It is known for its natural beauty, fishing lifestyle, paddy fields, and close connection with wildlife and coastal ecosystems.","Panama has a long history as a farming and fishing settlement, with communities depending on traditional agriculture and marine resources for generations. The village gained historical attention due to its location along ancient pilgrimage routes and its proximity to important religious and ecological sites. Today, Panama is recognized for its peaceful rural character and eco-tourism potential.",Traditional coastal settlement,Ancient fishing village,Cultural village representing eastern coastal lifestyle.,"Village life, lagoons, wildlife, beaches, photography.",Open access,2–3 hours,Free,April–September; morning/evening,"Panama Beach, Kumana, Arugam Bay, Okanda, Crocodile Rock","Jetwing Surf, Blue Wave Hotel, Kottukal Beach House, Stardust Beach Hotel, local guesthouses","Gecko Restaurant, Hideaway Resort, Siam View, local seafood restaurants, cafes",
327,Whisky Point Arugam Bay,Beach / Surf Point,Eastern Province – Ampara District,"6.8500° N, 81.8500° E","Whisky Point is a famous surfing location near Arugam Bay, known for its consistent waves, golden sandy beach, and relaxed coastal atmosphere. It is a popular destination among surfers and travelers seeking a quieter alternative to the main surf areas.","Whisky Point developed as part of the growth of Arugam Bay's international surfing culture. Its name is believed to have originated from local stories connected with early visitors and beach gatherings. Over recent decades, it has become one of Sri Lanka's recognized surf spots, attracting surfers from around the world.",Natural coastal formation,Natural formation,Popular surfing point on Sri Lanka’s east coast.,"Surfing, waves, beach views, sunrise.",Open access,Half day,Free,May–September; morning,"Arugam Bay, Elephant Rock, Panama, Kumana, Crocodile Rock","Jetwing Surf, Blue Wave Hotel, Kottukal Beach House, Stardust Beach Hotel, Arugam Bay resorts","Gecko Restaurant, Hideaway Resort, Siam View, local cafes, seafood restaurants",
328,Elephant Rock Arugam Bay,Rock / Viewpoint,Eastern Province – Ampara District,"6.8333° N, 81.8333° E","Elephant Rock is a scenic coastal viewpoint near Arugam Bay, named for its shape resembling an elephant. It offers panoramic views of the ocean, beaches, and surrounding wilderness and is popular for hiking and photography.","Elephant Rock has traditionally been part of the natural landscape used by local fishing communities. With the rise of tourism in Arugam Bay, the location became known as a viewpoint and surfing area. Its surrounding environment also supports wildlife, including elephants and various bird species, making it an important natural attraction.",Natural rock formation,Geological formation,Famous surf and viewpoint location combining wildlife and ocean scenery.,"Rock climb, surf views, sunsets, photography.",Daylight hours,2–3 hours,Free,May–September; sunrise/sunset,"Arugam Bay, Whisky Point, Crocodile Rock, Panama, Kumana","Jetwing Surf, Blue Wave Hotel, Kottukal Beach House, Stardust Beach Hotel, local resorts","Gecko Restaurant, Hideaway Resort, Siam View, seafood restaurants, cafes",
329,Muhudu Maha Viharaya,Temple / Archaeological Site,Eastern Province – Ampara District,"6.8500° N, 81.8333° E","Muhudu Maha Viharaya is an ancient Buddhist temple located near Pottuvil on the eastern coast of Sri Lanka. Situated close to the ocean, the temple is known for its ancient ruins, Buddha statues, and historical significance.","Muhudu Maha Viharaya is believed to have been established during the reign of King Kavantissa (205–161 BCE). According to tradition, it is connected with Queen Viharamahadevi, who was said to have landed on the eastern coast after being sent away by sea. Archaeological remains indicate that the site was once an important Buddhist monastery and maritime religious center.",Ancient Buddhist rulers,Around 2nd century BC,Ancient Buddhist temple located near the eastern coast.,"Ancient statues, ruins, stupa remains, ocean views.",7:00 AM – 6:00 PM,1 hour,Free / Donation,May–September; morning,"Arugam Bay, Pottuvil Lagoon, Panama, Okanda, Kumana","Jetwing Surf, Blue Wave Hotel, Kottukal Beach House, Stardust Beach Hotel, local lodges","Gecko Restaurant, Hideaway Resort, Siam View, seafood restaurants, cafes",
330,Pottuvil Lagoon,Lagoon / Wetland,Eastern Province – Ampara District,"6.8667° N, 81.8333° E","Pottuvil Lagoon is a beautiful coastal lagoon located near Arugam Bay, famous for its mangrove forests, wildlife, and peaceful boat excursions. It provides habitat for birds, reptiles, and aquatic species.","Pottuvil Lagoon has supported local fishing and farming communities for centuries due to its rich natural resources. The lagoon's connection with ancient coastal settlements and nearby archaeological sites reflects the long relationship between people and the eastern shoreline. Today, it is an important eco-tourism destination known for biodiversity and scenic beauty.",Natural lagoon system,Natural formation,"Important wetland ecosystem supporting birds, fishing and eco-tourism.","Lagoon safari, mangroves, crocodiles, birds, sunsets.",6:00 AM – 6:00 PM,2–3 hours,Boat fees apply,May–September; morning/evening,"Arugam Bay, Muhudu Maha Viharaya, Whisky Point, Elephant Rock, Panama","Jetwing Surf, Blue Wave Hotel, Kottukal Beach House, Stardust Beach Hotel, Arugam Bay resorts","Gecko Restaurant, Hideaway Resort, Siam View, seafood restaurants, local cafes",
331,Batticaloa Lagoon,Lagoon / Wetland,Eastern Province – Batticaloa District,"7.7167° N, 81.7000° E","Batticaloa Lagoon is a large coastal lagoon in eastern Sri Lanka, renowned for its scenic landscapes, mangrove ecosystems, fishing communities, and unique natural phenomena such as the ""singing fish.""","Batticaloa Lagoon has played an important role in the region's economy and culture for centuries, supporting fishing, trade, and agriculture. During colonial periods, the lagoon was strategically important due to its waterways and coastal access. Today, it remains a vital ecological area and a major attraction in eastern Sri Lanka.",Natural lagoon system,Natural formation,"Important coastal ecosystem supporting fishing, birds and local culture.","Lagoon boat rides, mangroves, birds, fishing villages, sunsets.",6:00 AM – 6:00 PM,2–3 hours,Boat fees apply,April–September; morning/evening,"Batticaloa Fort, Kallady Bridge, Lighthouse, Pasikuda Beach, Kalkudah Beach","The Heritage Inn, Riviera Resort, Hotel East Lagoon, Aki Villa, Amaya Beach","Riviera Restaurant, Seafood restaurants, local Batticaloa restaurants, hotel restaurants, cafes",
332,Lady Manning Bridge,Bridge,Eastern Province – Batticaloa District,"7.7167° N, 81.7000° E","Lady Manning Bridge is a historic bridge located in Batticaloa, crossing the Batticaloa Lagoon. It is recognized as one of the oldest and most important bridges in the eastern region.","The bridge was constructed during the British colonial period and named after Lady Manning, the wife of Governor Sir William Manning. It played a significant role in improving transportation between Batticaloa town and surrounding areas. Over time, it became a landmark symbolizing the region's colonial engineering heritage.",British colonial administration,1924 AD,Historic colonial-era bridge connecting Batticaloa communities.,"Old bridge structure, lagoon views, photography, sunsets.",Open access,30 minutes,Free,April–September; evening,"Batticaloa Lagoon, Fort, Kallady Bridge, Lighthouse, Dutch Bay","The Heritage Inn, Riviera Resort, Hotel East Lagoon, Aki Villa, Amaya Beach","Local restaurants, seafood restaurants, hotel dining, cafes, food stalls",
333,China Bay,Bay / Coastal Attraction,Eastern Province – Trincomalee District,"8.5500° N, 81.2167° E","China Bay is a scenic coastal area located near Trincomalee, famous for its natural harbor, naval significance, and beautiful surroundings. It is one of the world's finest deep-water ports.","China Bay has been strategically important for centuries due to its location within Trincomalee's natural harbor. The area was used by various colonial powers, including the Portuguese, Dutch, and British, for naval operations and trade. Today, it remains an important maritime and aviation location while also being valued for its natural beauty.",Natural harbour area,Colonial and modern maritime period,Strategic naval harbour area with scenic coastal landscapes.,"Harbour views, beaches, aviation area, coastal scenery.",Open access (some areas restricted),1–2 hours,Free,May–September; morning,"Fort Frederick, Koneswaram Temple, Marble Beach, Trincomalee Harbour, Dutch Bay","Trinco Blu by Cinnamon, Amaranthe Bay, Jungle Beach Resort, Anantamaa Hotel, Aqua Hotel","Seafood restaurants, Nilaveli restaurants, hotel restaurants, beach cafes, local eateries",
334,Lovers Leap Trincomalee,Cliff / Viewpoint,Eastern Province – Trincomalee District,"8.5667° N, 81.2333° E","Lovers Leap is a dramatic cliff located near Fort Frederick in Trincomalee, offering spectacular views of the Indian Ocean. It is one of the most famous viewpoints in the city.","Lovers Leap is associated with a local legend about the tragic story of a young woman who is said to have jumped from the cliff after losing her love. The location has also been historically important due to its proximity to the ancient Koneswaram Temple and colonial fortifications. Today, it remains a popular sightseeing attraction combining natural beauty and folklore.",Natural cliff formation,Natural formation,Famous scenic cliff associated with local legends and coastal heritage.,"Ocean views, cliff edge, Koneswaram surroundings, photography.",6:00 AM – 6:00 PM,1 hour,Included with temple visit,May–September; sunrise/sunset,"Koneswaram Temple, Fort Frederick, Dutch Bay, Marble Beach, Trincomalee Harbour","Trinco Blu by Cinnamon, Amaranthe Bay, Jungle Beach Resort, Anantamaa Hotel, Aqua Hotel","Seafood restaurants, Nilaveli cafes, hotel restaurants, local restaurants, beach dining",
335,Fort Hammenheil,Fort / Historical Site,Northern Province – Jaffna District,"9.6500° N, 79.9500° E","Fort Hammenheil is a small historic fort located on Hammenheil Island near Jaffna. Built with strong coral and stone walls, it reflects the military architecture of Sri Lanka's colonial period.","Fort Hammenheil was constructed by the Portuguese in the 17th century and later occupied by the Dutch and British. Due to its isolated island location, it was used as a military defense post and later as a prison facility. Today, the restored fort functions as a heritage site and provides visitors with insight into Sri Lanka's colonial maritime history.",Portuguese; expanded by Dutch,17th century,Colonial island fort representing European maritime history.,"Fort ruins, island views, historic buildings, sea surroundings.",Day visits by arrangement,2–3 hours,Varies by package,May–September; morning,"Jaffna Fort, Delft Island, Nagadeepa, Kayts Island, Casuarina Beach","Jetwing Jaffna, The Thinnai, North Gate Hotel, Tilko Jaffna City Hotel, Valampuri Hotel","Malayan Cafe, Mangoes, Cosy Restaurant, Jaffna restaurants, seafood restaurants",
336,Delft Wild Horses Area,Wildlife Area / Natural Attraction,Northern Province – Jaffna District,"9.5167° N, 79.6833° E","Delft Wild Horses Area is a unique natural attraction on Delft Island (Neduntheevu), famous for its population of free-roaming wild horses. The horses, along with the island's coral walls and open landscapes, create a distinctive environment unlike anywhere else in Sri Lanka.","The wild horses of Delft Island are believed to have descended from horses introduced by Portuguese and later Dutch colonial settlers during the 17th century. After colonial rule ended, many horses became free-ranging and adapted to the island's dry climate and grasslands. Today, they are considered an important part of Delft's cultural and natural heritage.",Introduced by Portuguese/Dutch,Colonial period,Unique heritage population of wild horses on Delft Island.,"Wild horses, coral walls, baobab tree, island landscapes.",7:00 AM – 5:00 PM,Full day,Ferry + transport fees,January–September; morning,"Delft Fort, Delft Island, Nagadeepa, Jaffna Fort, Kayts Island","Jetwing Jaffna, The Thinnai, North Gate Hotel, Tilko Jaffna City Hotel, Valampuri Hotel","Jaffna restaurants, island cafes, seafood stalls, local eateries, hotel restaurants",
337,Jaffna Lagoon,Lagoon / Wetland,Northern Province – Jaffna District,"9.6500° N, 80.0000° E","Jaffna Lagoon is a large shallow coastal lagoon surrounding parts of the Jaffna Peninsula. It is known for its mangroves, fishing communities, migratory birds, and important coastal ecosystems.","Jaffna Lagoon has supported human settlements for centuries through fishing, salt production, and maritime activities. Due to its strategic location near the Palk Strait, the lagoon area played a role in regional trade and colonial maritime activities. Today, it remains an important environmental and economic resource for northern Sri Lanka.",Natural lagoon system,Natural formation,Important northern wetland supporting fisheries and coastal biodiversity.,"Bird watching, sunsets, fishing villages, lagoon views.",Open access,1–2 hours,Free,January–September; evening,"Jaffna Fort, Library, Delft Island, Nallur Temple, Nagadeepa","Jetwing Jaffna, The Thinnai, North Gate Hotel, Tilko Jaffna City Hotel, Valampuri Hotel","Malayan Cafe, Mangoes, Cosy Restaurant, local seafood restaurants, cafes",
338,Sangiliyan Statue,Monument / Statue,Northern Province – Jaffna District,"9.6667° N, 80.0000° E","Sangiliyan Statue is a monument dedicated to King Cankili II (Sangiliyan), the last ruler of the Jaffna Kingdom. Located in Jaffna, it represents the historical identity and Tamil heritage of the northern region.",Sangiliyan ruled the Jaffna Kingdom during the early 17th century before Portuguese forces captured the kingdom in 1619. His resistance against Portuguese expansion made him an important historical figure. The statue was erected to commemorate his role in the history of Jaffna and remains a cultural landmark in the city.,Erected in memory of King Cankili II,Modern monument,Symbol of Tamil royal heritage and Jaffna history.,"Statue, photography, cultural landmark.",Open access,20–30 minutes,Free,January–September; evening,"Nallur Temple, Jaffna Library, Fort, Clock Tower, Market area","Jetwing Jaffna, The Thinnai, North Gate Hotel, Tilko Jaffna City Hotel, Valampuri Hotel","Malayan Cafe, Mangoes, Cosy Restaurant, Jaffna restaurants, cafes",
339,Kayts Causeway,Bridge / Causeway,Northern Province – Jaffna District,"9.6167° N, 79.9500° E","Kayts Causeway is a road connection linking Kayts Island with the Jaffna Peninsula. It provides access to the island while offering scenic views of lagoons, islands, and coastal landscapes.","The causeway was developed during the colonial period to improve transportation between the islands and mainland Jaffna. Due to Kayts' strategic location, the area was historically important for maritime trade and defense activities under Portuguese, Dutch, and British rule. Today, it remains an important transport route and scenic attraction.",British colonial road development,Colonial period,Historic roadway connecting islands and mainland Jaffna.,"Sea views, fishing areas, sunsets, photography.",Open access,30–60 minutes,Free,January–September; sunset,"Kayts Island, Nagadeepa, Casuarina Beach, Delft Island, Jaffna Fort","Jetwing Jaffna, The Thinnai, North Gate Hotel, Tilko Jaffna City Hotel, Valampuri Hotel","Jaffna restaurants, seafood restaurants, cafes, local eateries, hotel restaurants",
340,Vidataltivu Nature Reserve,Nature Reserve / Wetland,Northern Province – Mannar District,"8.8000° N, 79.9500° E","Vidataltivu Nature Reserve is a protected coastal wetland located in the Mannar District. It is known for mangrove habitats, seagrass beds, marine biodiversity, and important bird habitats.","Vidataltivu was declared a nature reserve to protect one of Sri Lanka's valuable coastal ecosystems. The area has historically supported fishing communities and traditional marine activities. Today, it plays an important role in conserving biodiversity, including migratory birds, marine species, and coastal habitats.",Department of Wildlife Conservation,Declared reserve 2016,Important marine and coastal wetland habitat.,"Mangroves, birds, lagoons, marine biodiversity.",6:00 AM – 6:00 PM,2–4 hours,Free / Guide fees,December–April; morning,"Mannar Island, Giant’s Tank, Madhu Church, Wilpattu, Arippu Fort","Hotel Agape Mannar, Palmyrah House, Pearl Rest, Mannar guesthouses, local hotels","Mannar seafood restaurants, local cafes, hotel restaurants, village eateries, food stalls",
341,Giant's Tank Bird Area,Bird Sanctuary / Wetland,Northern Province – Mannar District,"8.9167° N, 80.1000° E","Giant's Tank Bird Area is a major wetland habitat near Mannar, famous for attracting large numbers of migratory and resident birds. It is one of Sri Lanka's most important birdwatching locations.","The wetland developed around the ancient Giant's Tank (Yoda Wewa), an irrigation reservoir believed to have been expanded during the Anuradhapura Period. For centuries, the reservoir supported agriculture while creating a rich habitat for wildlife. Today, the area is internationally valued for bird conservation and wetland biodiversity.",Ancient irrigation reservoir,Ancient period,Important wetland supporting migratory bird populations.,"Bird watching, wetlands, wildlife photography.",6:00 AM – 6:00 PM,2–3 hours,Free,December–April; morning,"Giant’s Tank, Mannar Island, Wilpattu, Madhu Church, Arippu Fort","Hotel Agape, Palmyrah House, Pearl Rest, Mannar hotels, guesthouses","Mannar seafood restaurants, local cafes, hotel restaurants, village food outlets",
342,Mihindu Cave,Cave / Religious Site,North Central Province – Anuradhapura District,"8.3500° N, 80.5167° E","Mihindu Cave is a historic cave site associated with Buddhist traditions near Mihintale, the birthplace of Buddhism in Sri Lanka. It is connected with meditation practices and ancient monastic life.","Mihindu Cave is traditionally linked to Arahat Mahinda Thera, who introduced Buddhism to Sri Lanka during the reign of King Devanampiya Tissa (307–267 BCE). The cave was believed to have been used as a place of residence and meditation by Buddhist monks. It remains an important spiritual location within the Mihintale sacred complex.",Ancient Buddhist monks,Ancient Anuradhapura period,Cave associated with Arahant Mahinda and early Buddhism in Sri Lanka.,"Cave shrine, rock inscriptions, meditation area.",7:00 AM – 6:00 PM,1 hour,Heritage ticket / Donation,January–April; morning,"Mihintale, Anuradhapura, Kantaka Cetiya, Kaludiya Pokuna, Rajagiri Lena","Heritage Hotel Anuradhapura, Avasta Resort, Rajarata Hotel, Miridiya Lake Resort, Ulagalla Resort","Seedevi Restaurant, Casserole Restaurant, Mango Mango, local restaurants, hotel dining",
343,Kantaka Cetiya,Stupa / Archaeological Site,North Central Province – Anuradhapura District,"8.3500° N, 80.5167° E","Kantaka Cetiya is an ancient stupa located at Mihintale, one of Sri Lanka's most sacred Buddhist sites. It is admired for its early architectural features, stone carvings, and historical importance.","Kantaka Cetiya is believed to date back to the early Anuradhapura Period, possibly before the arrival of Buddhism or shortly afterward. The stupa was later associated with the Buddhist monastic community established at Mihintale. Its decorative stone carvings, including guardian figures and animal motifs, represent some of the earliest examples of Sri Lankan Buddhist art.",King Devanampiya Tissa tradition,3rd century BC,"Ancient Buddhist stupa at Mihintale, one of Sri Lanka’s earliest religious monuments.","Ancient stupa, stone carvings, elephant friezes, ruins.",7:00 AM – 6:00 PM,1 hour,Included in Mihintale ticket,January–April; morning,"Mihintale, Mihindu Cave, Kaludiya Pokuna, Anuradhapura ruins, Abhayagiri","Heritage Hotel Anuradhapura, Avasta Resort, Rajarata Hotel, Miridiya Lake Resort, Ulagalla Resort","Seedevi Restaurant, Casserole Restaurant, Mango Mango, cafes, hotel restaurants",
344,Nachchaduwa Reservoir,Reservoir / Ancient Irrigation Site,North Central Province – Anuradhapura District,"8.2500° N, 80.4333° E","Nachchaduwa Reservoir is an ancient irrigation tank located near Anuradhapura. It is valued for agriculture, water management, scenic beauty, and its role in supporting local wildlife.","Nachchaduwa Reservoir was constructed during the Anuradhapura Period as part of Sri Lanka's advanced ancient irrigation system. Built to collect and distribute water for farming, it reflects the engineering skills of ancient Sri Lankan civilizations. The reservoir continues to serve agricultural communities while maintaining its historical importance.",King Mahanama tradition,Ancient irrigation period,Historic tank supporting agriculture and local ecosystems.,"Reservoir views, birds, sunsets, village scenery.",Daylight hours,1–2 hours,Free,January–April; sunrise/sunset,"Anuradhapura Ancient City, Mihintale, Sri Maha Bodhi, Ruwanwelisaya, Wilpattu","Heritage Hotel Anuradhapura, Avasta Resort, Rajarata Hotel, Miridiya Lake Resort, Ulagalla Resort","Seedevi Restaurant, Casserole Restaurant, Mango Mango, local cafes, hotel restaurants",
345,Kala Wewa,Reservoir / Ancient Irrigation Site,North Central Province – Anuradhapura District,"8.0500° N, 80.5500° E","Kala Wewa is one of Sri Lanka's largest and most impressive ancient reservoirs, located near Anuradhapura. It is famous for its massive embankment, historic irrigation system, and the iconic Avukana Buddha Statue nearby.","Kala Wewa was built in the 5th century CE by King Dhatusena (455–473 CE) as part of his ambitious irrigation projects. The reservoir was connected to Anuradhapura through the ancient Jaya Ganga canal system, demonstrating remarkable hydraulic engineering. It continues to provide water for agriculture and remains one of the greatest achievements of Sri Lanka's ancient civilization.",King Dhatusena,5th century AD,One of Sri Lanka’s greatest ancient irrigation reservoirs.,"Giant reservoir, Avukana Buddha nearby, birds, scenic views.",6:00 AM – 6:00 PM,2–3 hours,Free,January–April; sunrise/sunset,"Avukana Buddha Statue, Aukana Kala Wewa, Anuradhapura, Yapahuwa, Wilpattu","Ulagalla Resort, Heritage Hotel Anuradhapura, Rajarata Hotel, Avasta Resort, local hotels","Anuradhapura restaurants, local cafes, hotel restaurants, village eateries, food stalls",
346,Tissa Wewa Anuradhapura,Reservoir / Ancient Irrigation Site,North Central Province – Anuradhapura District,"8.3333° N, 80.3833° E","Tissa Wewa is an ancient reservoir located near the sacred city of Anuradhapura. It is known for its scenic beauty, historic irrigation system, and importance in supporting the ancient capital's agriculture and water supply.","Tissa Wewa was constructed in the 3rd century BCE, traditionally attributed to King Devanampiya Tissa (307–267 BCE). The reservoir was built to provide water for the growing city of Anuradhapura and its surrounding agricultural lands. It represents the advanced hydraulic engineering skills of the ancient Sri Lankan civilization and continues to serve local communities today.",King Devanampiya Tissa,3rd century BC,Ancient irrigation reservoir supporting the sacred city of Anuradhapura.,"Lake views, birds, sunsets, ancient irrigation system.",Open access,1–2 hours,Free,January–April; sunrise/sunset,"Sri Maha Bodhi, Ruwanwelisaya, Isurumuniya, Mirisavetiya, Thuparamaya","Heritage Hotel Anuradhapura, Avasta Resort, Rajarata Hotel, Miridiya Lake Resort, Ulagalla Resort","Seedevi Restaurant, Casserole Restaurant, Mango Mango, local restaurants, hotel restaurants",
347,Nuwara Wewa,Reservoir / Ancient Irrigation Site,North Central Province – Anuradhapura District,"8.3667° N, 80.4000° E","Nuwara Wewa is one of the largest ancient reservoirs in Anuradhapura, located close to the ancient city. It is valued for irrigation, scenic landscapes, and its connection to Sri Lanka's hydraulic heritage.","Nuwara Wewa was constructed during the Anuradhapura Period, believed to have been built around the 1st century BCE. The reservoir played an important role in supplying water to the expanding kingdom and supporting agriculture. Over many centuries, it has been restored and maintained, continuing the tradition of Sri Lanka's ancient water management systems.",King Valagamba,1st century BC,Historic reservoir representing ancient Sri Lankan hydraulic engineering.,"Reservoir, bird watching, boat rides, sunsets.",6:00 AM – 6:00 PM,1–2 hours,Free / Boat fees apply,January–April; evening,"Anuradhapura Ancient City, Abhayagiri, Jetavanaramaya, Mihintale, Sri Maha Bodhi","Heritage Hotel Anuradhapura, Avasta Resort, Rajarata Hotel, Miridiya Lake Resort, Ulagalla Resort","Seedevi Restaurant, Casserole Restaurant, Mango Mango, hotel dining, local cafes",
348,Sasseruwa Buddha Statue,Religious Site / Statue,North Central Province – Anuradhapura District,"8.0833° N, 80.5167° E","Sasseruwa Buddha Statue is a magnificent rock-carved standing Buddha statue located near the ancient Ritigala region. It is admired for its impressive size, artistic details, and peaceful forest surroundings.","The Sasseruwa Buddha Statue is believed to have been created during the reign of King Valagamba (89–77 BCE) or during the early Anuradhapura Period. Local tradition connects it with the king's efforts to build Buddhist monuments after regaining his kingdom. Although unfinished in some areas, the statue represents the exceptional skills of ancient Sri Lankan sculptors.",King Dhatusena tradition,5th century AD,Ancient Buddhist rock statue associated with Sri Lankan Buddhist heritage.,"Rock-cut Buddha statue, cave temple, forest surroundings.",7:00 AM – 6:00 PM,1–2 hours,Free / Donation,January–April; morning,"Kala Wewa, Avukana Buddha, Aukana area, Yapahuwa, Anuradhapura","Ulagalla Resort, Heritage Hotel Anuradhapura, Rajarata Hotel, Avasta Resort, local guesthouses","Anuradhapura restaurants, local cafes, hotel restaurants, village eateries, food stalls",
349,Isinbassagala Rock Temple,Temple / Religious Site,North Central Province – Anuradhapura District,"8.3833° N, 80.4500° E","Isinbassagala Rock Temple is an ancient Buddhist temple located near Medawachchiya, built on a rocky hill with panoramic views of the surrounding landscape. It contains a stupa, Buddha statues, and ancient religious features.","According to tradition, Isinbassagala is associated with the arrival of Arahat Mahinda Thera, who introduced Buddhism to Sri Lanka during the reign of King Devanampiya Tissa. The temple has been an important place of Buddhist worship for centuries and contains archaeological evidence connected with early Buddhist traditions. Today, it remains a significant religious and historical site.",Ancient Buddhist tradition,Ancient period,Historic rock temple linked with early Buddhist worship.,"Rock shrine, Buddha statues, inscriptions, viewpoints.",7:00 AM – 6:00 PM,1 hour,Free / Donation,January–April; morning,"Mihintale, Anuradhapura, Ritigala, Kala Wewa, Aukana","Heritage Hotel Anuradhapura, Avasta Resort, Rajarata Hotel, Miridiya Lake Resort, Ulagalla Resort","Seedevi Restaurant, Casserole Restaurant, Mango Mango, local restaurants, hotel dining",
350,Padeniya Raja Maha Viharaya,Temple / Religious Site,North Western Province – Kurunegala District,"7.7500° N, 80.2500° E","Padeniya Raja Maha Viharaya is an ancient Buddhist temple in the Kurunegala District, famous for its beautifully carved wooden pillars, traditional architecture, and historical significance.","Padeniya Temple dates back to the Kandyan Period, although local traditions connect the site with earlier Buddhist settlements. The temple became especially known for its exceptional wood carvings created by skilled craftsmen. These artistic features provide valuable insight into the architectural and cultural achievements of Sri Lanka's medieval period.",Ancient Kandyan rulers,Ancient period; renovated later,Historic Buddhist temple famous for wooden architecture.,"Wooden carvings, ancient statues, temple paintings.",6:00 AM – 6:00 PM,1 hour,Free / Donation,January–April; morning,"Yapahuwa, Athugala, Kurunegala Lake, Dambadeniya, Ridigama","The Kandyan Manor, Kandyan Reach Hotel, Heritance Kandalama, local Kurunegala hotels, guesthouses","Kurunegala restaurants, local cafes, hotel restaurants, village eateries, food stalls",
351,Athugala Buddha Statue,Religious Site / Statue,North Western Province – Kurunegala District,"7.4867° N, 80.3647° E",Athugala Buddha Statue is a large white Buddha statue located on Athugala Rock overlooking Kurunegala city. It is one of the most recognizable landmarks in the region and offers panoramic views of the surrounding area.,"The Athugala Buddha Statue was constructed in the late 20th century as a symbol of Buddhist devotion and spiritual protection for the city. The statue stands on the historic Athugala Rock, which has long been associated with local legends and the ancient Kingdom of Kurunegala. Today, it is a popular religious and sightseeing destination.",Modern Buddhist construction,1990s AD,Major Buddhist landmark overlooking Kurunegala city.,"Giant Buddha statue, hilltop views, sunset scenery.",6:00 AM – 8:00 PM,1 hour,Free / Donation,January–April; sunset,"Kurunegala Lake, Ethagala Rock, Padeniya Temple, Yapahuwa, Dambadeniya","The Kandyan Manor, Kandyan Reach Hotel, local Kurunegala hotels, guesthouses, Kandy hotels","Kurunegala restaurants, local cafes, hotel restaurants, food courts, bakeries",
352,Maho Ancient Railway Area,Railway Heritage Site,North Western Province – Kurunegala District,"7.8167° N, 80.2667° E","Maho Ancient Railway Area is a historic railway location in the North Western Province, known for its connection to Sri Lanka's colonial railway development. It serves as an important railway junction linking northern and central regions.","The Maho railway area developed during the British colonial period when railways were expanded to connect agricultural regions and transport goods across the island. The junction became strategically important for travel between Colombo, the north, and the eastern regions. Today, it remains an important part of Sri Lanka's railway network while preserving its historical character.",British colonial railway administration,19th century,Historic railway location connecting cultural triangle routes.,"Colonial railway buildings, trains, photography.",Railway operating hours,30–60 minutes,Free,January–April; morning,"Yapahuwa, Sasseruwa, Anuradhapura, Kurunegala, Kala Wewa","Local Kurunegala hotels, Anuradhapura hotels, guesthouses, Ulagalla Resort, Heritage Hotel","Local restaurants, cafes, hotel restaurants, village eateries, food stalls",
353,Mini World's End Riverston,Viewpoint / Nature Site,Central Province – Matale District,"7.5333° N, 80.7500° E","Mini World's End is a dramatic cliff viewpoint located in the Riverston area of the Knuckles Mountain Range. It offers breathtaking views of valleys, mountains, forests, and mist-covered landscapes.","Mini World's End is part of the environmentally significant Knuckles Mountain Range, which has been protected for its unique biodiversity and natural beauty. The area has long been important to local communities for agriculture and traditional livelihoods. Today, it is a popular destination for hikers, nature lovers, and adventure travelers exploring Sri Lanka's central highlands.",Natural mountain viewpoint,Natural formation,Scenic mountain viewpoint in the Knuckles mountain region.,"Cliffs, valleys, hiking trails, misty landscapes.",7:00 AM – 5:00 PM,2–3 hours,Approx. USD 5–10,January–April; morning,"Riverston Peak, Pitawala Pathana, Knuckles Range, Sera Ella, Bambarakiri Ella","Riverston Holiday Home, The Grand Mountain, Elkaduwa hotels, Kandy hotels, eco lodges","Riverston restaurants, Matale restaurants, local cafes, hotel restaurants, village eateries",
354,Hunnasgiriya Mountain,Mountain,Central Province – Kandy District,"7.3167° N, 80.7667° E","Hunnasgiriya Mountain is a scenic peak located in the Knuckles Mountain Range, known for its distinctive shape, lush forests, and panoramic views of the surrounding highlands.","Hunnasgiriya has historically been part of the natural landscape of the central highlands, supporting rich biodiversity and traditional mountain communities. The mountain gained popularity with the development of tourism in the Knuckles region. Today, it is recognized as an important destination for trekking, photography, and nature exploration.",Natural mountain formation,Geological formation,Scenic peak forming part of the Knuckles mountain landscape.,"Hiking, mountain views, forests, photography.",Daylight hours,3–5 hours,Free / Guide fees,January–April; morning,"Knuckles Range, Riverston, Meemure, Sembuwatta Lake, Corbett’s Gap","The Grand Mountain, Riverston lodges, Amaya Hills, Kandy hotels, eco lodges","Matale restaurants, Kandy restaurants, cafes, hotel dining, local eateries",
355,Corbett's Gap,Mountain Pass / Viewpoint,Central Province – Matale District,"7.5333° N, 80.8000° E","Corbett's Gap is a famous mountain pass and viewpoint in the Knuckles Mountain Range, offering spectacular views of valleys, peaks, and mist-covered landscapes. It is named after British surveyor and explorer Colonel Corbett.","Corbett's Gap was identified during British colonial surveys of Sri Lanka's central mountains and became known for its strategic location and dramatic scenery. The area forms part of the Knuckles Conservation Forest, which protects one of Sri Lanka's most valuable ecosystems. Today, it is a popular stop for travelers exploring the mountain trails and natural beauty of the region.",Named after British surveyor Corbett,Colonial period,Famous mountain pass viewpoint in Knuckles region.,"Panoramic views, valleys, clouds, trekking routes.",Daylight hours,1–2 hours,Free,January–April; morning,"Knuckles Range, Meemure, Riverston, Hunnasgiriya, Sera Ella","Riverston lodges, eco resorts, Kandy hotels, Matale hotels, guesthouses","Matale restaurants, Kandy cafes, local eateries, hotel restaurants, village food stalls",
356,Meemure Lake Area,Lake / Nature Site,Central Province – Kandy District,"7.5000° N, 80.8333° E","Meemure Lake Area is a scenic natural destination located near the remote village of Meemure in the Knuckles Mountain Range. Surrounded by mountains, forests, and traditional villages, it is known for its pristine landscapes and peaceful environment.","Meemure has preserved traditional lifestyles and agricultural practices for generations due to its isolated location among the mountains. The surrounding lake areas, streams, and forests have supported local communities through farming and natural resources. Today, Meemure is recognized as an important eco-tourism destination showcasing Sri Lanka's rural heritage and natural beauty.",Natural village landscape,Ancient traditional settlement,Scenic village ecosystem surrounded by Knuckles mountains.,"Lake, village culture, hiking, forests, photography.",Daylight hours,Full day,Free,January–April; morning,"Meemure Village, Knuckles Range, Corbett’s Gap, Hunnasgiriya, Sembuwatta","Meemure eco lodges, Riverston lodges, Kandy hotels, Matale hotels, homestays","Village restaurants, eco lodge dining, local cafes, Matale restaurants, food stalls",
357,Huluganga Falls,Waterfall,Central Province – Kandy District,"7.3500° N, 80.7500° E","Huluganga Falls is a beautiful waterfall located near Kandy, formed by the Hulu Ganga River flowing through the central highlands. It is known for its scenic surroundings, flowing water, and lush greenery.","Huluganga Falls has long been part of the traditional landscapes of the central highlands, where rivers and forests supported local settlements and agriculture. The waterfall gained popularity as a natural attraction with the growth of domestic tourism in the region. Today, it remains a popular location for visitors seeking nature experiences near Kandy.",Natural waterfall,Natural formation,Scenic waterfall attraction in the hill country.,"Waterfall, river scenery, photography, nature walks.",Daylight hours,1–2 hours,Free,January–April; morning,"Sembuwatta Lake, Knuckles, Matale, Riverston, Hunnasgiriya","Amaya Hills, Riverston lodges, Kandy hotels, Matale hotels, eco resorts","Matale restaurants, Kandy restaurants, local cafes, hotel restaurants, village eateries",
358,Sembuwatta Forest Area,Forest / Nature Site,Central Province – Matale District,"7.5167° N, 80.6667° E","Sembuwatta Forest Area is a scenic highland region near Elkaduwa, Matale, known for its pine forests, mountain views, and the famous Sembuwatta Lake. It offers a peaceful environment surrounded by nature.","The area was historically covered with natural forests before plantation development during the colonial period transformed parts of the landscape. Pine forests were introduced as part of forestry activities, creating the distinctive scenery seen today. The region has since become a popular eco-tourism destination combining forest landscapes and recreational activities.",Natural forest ecosystem,Natural formation,Highland forest area surrounding the famous Sembuwatta Lake.,"Forest walks, lake, mountain views, nature photography.",8:00 AM – 5:00 PM,2–3 hours,Approx. USD 3–5,January–April; morning,"Sembuwatta Lake, Knuckles, Hunnasgiriya, Riverston, Matale","Amaya Hills, Riverston lodges, Kandy hotels, Matale hotels, eco resorts","Matale restaurants, Kandy cafes, hotel restaurants, local eateries, food stalls",
359,Kiri Vehera Polonnaruwa,Stupa / Religious Site,North Central Province – Polonnaruwa District,"7.9500° N, 81.0000° E",Kiri Vehera is a large ancient Buddhist stupa located within the sacred city of Polonnaruwa. It is one of the best-preserved stupas from the Polonnaruwa Kingdom and remains an important religious monument.,Kiri Vehera was constructed during the reign of King Parakramabahu I (1153–1186 CE) as part of the Alahana Pirivena monastic complex. The stupa was built to honor Buddhist teachings and served monks who studied and lived within the monastery. Its well-preserved white structure reflects the architectural achievements of medieval Sri Lanka.,King Parakramabahu I period,12th century AD,Ancient white stupa representing Polonnaruwa Buddhist heritage.,"Stupa, ruins, archaeological surroundings.",7:00 AM – 6:00 PM,30–60 minutes,Heritage ticket,January–April; morning,"Gal Vihara, Rankoth Vehera, Hatadage, Vatadage, Parakrama Samudra","Hotel Sudu Araliya, Giritale Hotel, Deer Park Hotel, Cinnamon Lodge, Aliya Resort","Priyamali Gedara, Jaga Food, Lake View Restaurant, hotel restaurants, local cafes",
360,Statue of King Parakramabahu,Monument / Statue,North Central Province – Polonnaruwa District,"7.9333° N, 80.9833° E",The Statue of King Parakramabahu is a famous stone sculpture located near the ancient city of Polonnaruwa. The figure stands approximately 3.5 meters tall and is admired for its detailed craftsmanship and historical importance.,"The statue is traditionally identified as King Parakramabahu I, one of Sri Lanka's greatest rulers, who developed Polonnaruwa into a powerful kingdom. Some historians suggest it may represent a sage or religious figure instead. Carved during the Polonnaruwa Period, the statue remains one of the finest examples of ancient Sri Lankan stone sculpture.",King Parakramabahu I memorial statue,12th century AD,Monument representing one of Sri Lanka’s greatest medieval rulers.,"Stone statue, Parakrama Samudra views, archaeology.",7:00 AM – 6:00 PM,30 minutes,Heritage ticket,January–April; evening,"Parakrama Samudra, Potgul Vihara, Royal Palace, Gal Vihara, Polonnaruwa ruins","Hotel Sudu Araliya, Giritale Hotel, Deer Park Hotel, Cinnamon Lodge, Aliya Resort","Priyamali Gedara, Jaga Food, Lake View Restaurant, local restaurants, hotel dining",
361,Angammedilla National Park,National Park,North Central Province – Polonnaruwa District,"7.9000° N, 81.1500° E","Angammedilla National Park is a protected wildlife area located near Polonnaruwa, known for its forests, wetlands, elephants, and diverse wildlife. It also protects important water resources connected to ancient irrigation systems.","Angammedilla was declared a national park in 2006 to conserve the catchment area of the Parakrama Samudraya reservoir and protect the surrounding ecosystem. The park contains ancient irrigation channels and archaeological remains reflecting the region's long relationship between nature and human settlement. Today, it supports biodiversity conservation and wildlife tourism.",Department of Wildlife Conservation,Established 2006,Protected wildlife area preserving forests and ancient irrigation landscapes.,"Wildlife safaris, elephants, birds, forests, rivers.",6:00 AM – 6:00 PM,3–5 hours,Approx. USD 20–30 + jeep fees,May–September; morning/evening safari,"Polonnaruwa Ancient City, Minneriya, Parakrama Samudra, Somawathiya, Maduru Oya","Hotel Sudu Araliya, Giritale Hotel, Deer Park Hotel, Cinnamon Lodge, Aliya Resort","Priyamali Gedara, Jaga Food, Lake View Restaurant, hotel restaurants, local cafes",
362,Minneriya Tank,Reservoir / Wildlife Area,North Central Province – Polonnaruwa District,"8.0333° N, 80.9000° E","Minneriya Tank is an ancient reservoir located near Minneriya National Park, famous for its historical importance, scenic beauty, and the world-renowned gathering of wild elephants.","Minneriya Tank was built in the 3rd century CE by King Mahasen (277–304 CE) as part of his extensive irrigation projects. The reservoir transformed dry-zone agriculture and supported settlements for centuries. Today, the surrounding national park is famous for the ""Minneriya Elephant Gathering,"" where large herds gather around the reservoir during the dry season.",King Mahasen,3rd century AD,Ancient irrigation reservoir famous for supporting agriculture and wildlife.,"Reservoir views, elephants, birds, sunsets, photography.",6:00 AM – 6:00 PM,1–2 hours,Free,June–September; sunset,"Minneriya National Park, Kaudulla, Habarana, Sigiriya, Polonnaruwa","Cinnamon Lodge Habarana, Aliya Resort, Jetwing Lake, Heritance Kandalama, Deer Park Hotel","Athula Restaurant, Mango Mango, Sandra Restaurant, hotel restaurants, local cafes",
363,Giritale Tank,Reservoir / Lake,North Central Province – Polonnaruwa District,"8.0500° N, 80.9500° E","Giritale Tank is an ancient reservoir located near Polonnaruwa, surrounded by forests and wildlife habitats. It is admired for its engineering design, peaceful scenery, and importance in Sri Lanka's irrigation heritage.",Giritale Tank was constructed during the reign of King Agbo II (604–614 CE) during the Anuradhapura Period. The reservoir was later maintained and expanded by rulers of the Polonnaruwa Kingdom. It played a crucial role in supplying water for agriculture and remains an excellent example of Sri Lanka's ancient hydraulic engineering.,King Agbo II tradition,Ancient irrigation period,Historic reservoir supporting the ancient Polonnaruwa kingdom.,"Lake scenery, birds, sunsets, wildlife views.",Open access,1–2 hours,Free,January–April; sunrise/sunset,"Polonnaruwa, Minneriya, Gal Vihara, Parakrama Samudra, Medirigiriya","Giritale Hotel, Hotel Sudu Araliya, Deer Park Hotel, Cinnamon Lodge, Aliya Resort","Jaga Food, Priyamali Gedara, Lake View Restaurant, hotel restaurants, cafes",
364,Maduru Oya Reservoir,Reservoir / Lake,Eastern Province – Batticaloa District,"7.7000° N, 81.2000° E","Maduru Oya Reservoir is a large artificial reservoir located within the Mahaweli Development region. It supports agriculture, hydroelectric development, and wildlife habitats in the surrounding dry zone.","Maduru Oya Reservoir was created during the Mahaweli Development Programme in the 1980s with the construction of the Maduru Oya Dam. The project helped expand irrigation and agricultural development in eastern Sri Lanka. The surrounding area was later protected as Maduru Oya National Park, preserving important wildlife habitats including elephant populations.",Mahaweli Development Authority,Completed 1983 AD,Important irrigation and hydroelectric project supporting rural communities.,"Reservoir views, wildlife, fishing, bird watching.",6:00 AM – 6:00 PM,2–3 hours,Free,May–September; morning/evening,"Maduru Oya National Park, Dambana, Gal Oya, Wasgamuwa, Polonnaruwa","Local eco lodges, Gal Oya Lodge, Giritale Hotel, Deer Park Hotel, Polonnaruwa hotels","Local restaurants, hotel restaurants, village eateries, cafes, food stalls",
365,Kokkadicholai Temple,Temple / Religious Site,Eastern Province – Batticaloa District,"7.5333° N, 81.7833° E","Kokkadicholai Temple is a historic Hindu temple located near Batticaloa, dedicated to Lord Shiva. It is an important religious center for the Tamil Hindu community in eastern Sri Lanka.","Kokkadicholai Temple has ancient roots connected with Hindu worship traditions in the Batticaloa region. The temple has served local communities for generations and reflects the long-standing cultural and religious heritage of eastern Sri Lanka. Despite periods of conflict affecting the region, it continues to function as an important place of worship and cultural identity.",Ancient Hindu tradition,Ancient period,Important Hindu temple representing Batticaloa’s cultural heritage.,"Temple architecture, religious festivals, rituals.",6:00 AM – 8:00 PM,1 hour,Free / Donation,April–September; morning,"Batticaloa Lagoon, Fort, Kallady Bridge, Pasikuda, Kalkudah","The Heritage Inn, Riviera Resort, Hotel East Lagoon, Amaya Beach, Aki Villa","Seafood restaurants, Riviera Restaurant, local Batticaloa restaurants, cafes, hotel restaurants",
366,Uppuveli Beach,Beach,Eastern Province – Trincomalee District,"8.6100° N, 81.2150° E","Uppuveli Beach is a beautiful coastal destination near Trincomalee, known for its soft white sands, clear turquoise waters, coral reefs, and peaceful atmosphere. It is one of the most popular beaches on Sri Lanka's eastern coast.","Uppuveli has traditionally been a fishing area supporting coastal communities around Trincomalee. Its natural harbor and strategic location made the surrounding region important throughout history, including during colonial periods. With the growth of tourism after the end of conflict in the region, Uppuveli developed into a major beach destination while maintaining its natural charm.",Natural coastal area,Natural formation,Popular east coast beach known for clear waters and marine activities.,"Swimming, snorkeling, diving, sunsets, beach relaxation.",Open access,Half day–full day,Free,May–September; morning/evening,"Fort Frederick, Koneswaram Temple, Nilaveli Beach, Marble Beach, Pigeon Island","Trinco Blu by Cinnamon, Amaranthe Bay, Jungle Beach Resort, Anantamaa Hotel, Aqua Hotel","Fernando’s Bar, seafood restaurants, beach cafes, hotel restaurants, local eateries",
367,Mannar Fort,Fort / Historical Site,Northern Province – Mannar District,"8.9833° N, 79.9167° E","Mannar Fort is a historic coastal fortress located on Mannar Island, overlooking the Gulf of Mannar. Built with strong stone walls, it represents the island's importance in colonial maritime history.","Mannar Fort was originally built by the Portuguese in 1560 to control the pearl fisheries and maritime routes around the Gulf of Mannar. The Dutch captured and rebuilt the fort in 1658, and it was later used by the British. Although partially ruined today, it remains a significant monument reflecting Sri Lanka's colonial past.",Portuguese; expanded by Dutch,1560 AD,Colonial fort representing maritime history of Mannar.,"Fort walls, ocean views, ruins, photography.",Daylight hours,1 hour,Free,December–April; evening,"Mannar Island, Baobab Tree, Doric House, Giant’s Tank, Adam’s Bridge","Hotel Agape, Palmyrah House, Pearl Rest, Mannar hotels, guesthouses","Mannar seafood restaurants, Palmyrah Restaurant, local cafes, hotel restaurants, village eateries",
368,Mannar Bird Sanctuary,Bird Sanctuary / Wetland,Northern Province – Mannar District,"8.9833° N, 79.9167° E","Mannar Bird Sanctuary is a major birdwatching destination located around the wetlands and coastal areas of Mannar Island. It is famous for large populations of migratory birds, flamingos, and other waterbirds.","Mannar has historically been an important stop along the Central Asian Flyway, attracting migratory birds traveling between continents. The island's lagoons, salt marshes, and wetlands provide ideal habitats for birds throughout the year. Conservation efforts have helped protect these ecosystems, making Mannar one of Sri Lanka's premier birding locations.",Department of Wildlife Conservation,Modern protected wetland area,Important migratory bird habitat in northern Sri Lanka.,"Flamingos, lagoons, birds, wetlands, photography.",6:00 AM – 6:00 PM,2–4 hours,Free / Guide fees,December–April; morning,"Giant’s Tank, Vidataltivu, Mannar Fort, Baobab Tree, Adam’s Bridge","Hotel Agape, Palmyrah House, Pearl Rest, Mannar hotels, guesthouses","Mannar seafood restaurants, local cafes, hotel restaurants, village eateries, food stalls",
369,Kalpitiya Lagoon,Lagoon / Wetland,North Western Province – Puttalam District,"8.2333° N, 79.7667° E","Kalpitiya Lagoon is a large coastal lagoon located on Sri Lanka's northwestern coast, known for dolphin watching, kite surfing, mangroves, and rich marine biodiversity.","Kalpitiya Lagoon has supported fishing communities for centuries and played a role in coastal trade due to its strategic location. During the colonial period, the area was important for maritime activities involving the Portuguese, Dutch, and British. Today, the lagoon is a leading destination for marine tourism and water sports.",Natural lagoon system,Natural formation,Major marine eco-tourism destination famous for dolphins and water sports.,"Dolphin watching, kite surfing, mangroves, lagoon safaris.",6:00 AM – 6:00 PM,3–5 hours,Boat/activity fees apply,November–March; morning,"Kalpitiya Beach, Dutch Fort, Wilpattu, Bar Reef, St. Anne’s Shrine","Dolphin Beach Resort, Bar Reef Resort, Palagama Beach, Kitesurfing hotels, local guesthouses","Tuna & Crab, Kalpitiya restaurants, seafood restaurants, beach cafes, hotel dining",
370,Attanagalla Raja Maha Viharaya,Temple / Religious Site,Western Province – Gampaha District,"7.0833° N, 80.0000° E","Attanagalla Raja Maha Viharaya is an ancient Buddhist temple located in the Gampaha District. It is famous for its historic shrine, sacred Bodhi tree, and association with Sri Lankan royal traditions.","According to historical chronicles, Attanagalla Temple was established during the reign of King Sirisangabo (251–253 CE), who is remembered for his devotion and sacrifice. The temple became an important Buddhist center supported by successive kings. Today, it remains a significant pilgrimage site and a place of religious and cultural importance.",King Sri Sangabo tradition,Ancient period,Historic Buddhist temple associated with royal legends and pilgrimage.,"Temple caves, Buddha statues, murals, Bodhi tree.",6:00 AM – 8:00 PM,1–2 hours,Free / Donation,January–April; morning,"Henarathgoda Botanical Garden, Kelaniya Temple, Colombo, Beddagana, Diyatha Uyana","Local Gampaha hotels, Colombo hotels, The Covanro, Airport hotels, guesthouses","Local restaurants, Gampaha cafes, Colombo restaurants, hotel restaurants, food courts",
371,Henarathgoda Botanical Garden,Botanical Garden,Western Province – Gampaha District,"7.0900° N, 80.0100° E","Henarathgoda Botanical Garden, also known as Gampaha Botanical Garden, is one of Sri Lanka's oldest botanical gardens. It is known for its diverse plant collections, historic trees, and peaceful landscaped environment.","Henarathgoda Botanical Garden was established in 1876 during the British colonial period to study and cultivate tropical plants. It became famous as the first place in Sri Lanka where rubber was successfully introduced from South America in 1877. Today, the garden preserves many rare plant species and serves as an educational and recreational site.",British colonial government,Established 1876 AD,Historic botanical garden preserving tropical plant collections.,"Giant bamboo, orchids, trees, walking paths, lake.",8:00 AM – 6:00 PM,2–3 hours,Approx. USD 5–10,December–April; morning,"Attanagalla Temple, Colombo, Kelaniya Temple, Beddagana Wetland Park, Negombo","The Covanro, Airport hotels, Colombo hotels, local Gampaha hotels, guesthouses","Local Gampaha restaurants, Colombo restaurants, cafes, hotel restaurants, food outlets",
372,Peak Wilderness Sanctuary,Wildlife Sanctuary / Nature Reserve,Sabaragamuwa Province – Ratnapura District,"6.8000° N, 80.5000° E","Peak Wilderness Sanctuary is a protected mountainous forest region surrounding Adam's Peak (Sri Pada). It is known for its rich biodiversity, cloud forests, waterfalls, and importance as a watershed area.","Peak Wilderness Sanctuary was declared a protected area to conserve the unique ecosystems surrounding Sri Lanka's sacred mountain. The region has been important for centuries due to the pilgrimage to Adam's Peak and the protection of forests that supply water to major rivers. Today, it is recognized as a UNESCO World Heritage biodiversity area within the Central Highlands of Sri Lanka.",Department of Wildlife Conservation,Declared wildlife sanctuary in 1940,Sacred mountain wilderness protecting Sri Pada (Adam’s Peak) and rich biodiversity.,"Adam’s Peak pilgrimage trails, rainforests, endemic wildlife, waterfalls, viewpoints.",24 hours (trekking routes vary),5–8 hours / Full day,Free / Permit fees may apply,December–April; midnight–morning for Adam’s Peak sunrise,"Adam’s Peak, Maussakelle Reservoir, Laxapana Falls, Maskeliya, Belilena Cave","Ceylon Tea Trails, Grand Adams Peak, Governor’s Mansion, Mandira Strathdon, local guesthouses","Hatton restaurants, Tea Centre, Adams Peak cafes, hotel restaurants, local eateries",
373,Kirigalpoththa Mountain,Mountain,Central Province – Nuwara Eliya District,"6.8000° N, 80.7500° E","Kirigalpoththa Mountain is the second-highest mountain in Sri Lanka, rising approximately 2,388 meters above sea level within Horton Plains National Park. It is known for its challenging hiking trail and spectacular highland scenery.","Kirigalpoththa has long been part of Sri Lanka's central highland landscape and is located within an important ecological zone containing endemic flora and fauna. The mountain gained popularity among hikers due to its natural beauty and remote trails. Today, it is considered one of the country's most rewarding trekking destinations.",Natural mountain formation,Geological formation,One of Sri Lanka’s highest peaks and a popular hiking destination in Horton Plains.,"Mountain trekking, grasslands, panoramic views, wildlife.",6:00 AM–6:00 PM,5–7 hours,Horton Plains ticket applies (approx. USD 25–30),January–April; early morning,"Horton Plains, World’s End, Baker’s Falls, Ohiya, Nuwara Eliya","Jetwing St Andrew’s, Grand Hotel Nuwara Eliya, Araliya Green City, Heritance Tea Factory, Galway Heights","Grand Hotel restaurants, Cafe Chill, Coffee Bar, local restaurants, hotel dining",
374,Mackwoods Tea Centre,Tea Plantation / Visitor Centre,Central Province – Nuwara Eliya District,"6.9833° N, 80.7667° E","Mackwoods Tea Centre is a famous tea attraction located near Nuwara Eliya, offering visitors views of tea plantations, tea production facilities, and the opportunity to learn about Sri Lanka's tea industry.","The tea center was established by the Mackwoods company, one of Sri Lanka's historic tea producers with roots dating back to the colonial plantation era. The region became internationally known for Ceylon Tea production after the development of tea plantations in the 19th century. Today, the center introduces visitors to the history and processing of Sri Lankan tea.",Mackwoods Ltd.,Established during British tea era (19th century),Represents Sri Lanka’s famous Ceylon tea heritage and plantation culture.,"Tea factory tour, tea tasting, plantation views, waterfalls nearby.",8:00 AM–5:00 PM,1–2 hours,Free (tea tasting); factory tours may vary,January–April; morning,"Ramboda Falls, Pedro Tea Estate, Nuwara Eliya, Lover’s Leap Falls, Lake Gregory","Jetwing St Andrew’s, Grand Hotel, Araliya Green City, Heritance Tea Factory, Galway Heights","Tea Centre café, Grand Hotel restaurants, Cafe Chill, local cafes, hotel restaurants",
375,Bluefield Tea Gardens,Tea Plantation,Central Province – Nuwara Eliya District,"7.0833° N, 80.6667° E","Bluefield Tea Gardens is a popular tea estate and visitor center located in the Nuwara Eliya region. It is known for its scenic tea fields, factory tours, and traditional tea production experiences.","Bluefield Tea Gardens developed during the expansion of Sri Lanka's tea industry under British colonial rule in the 19th century. The estate continues the traditions of Ceylon Tea cultivation, processing, and export. Today, it attracts visitors interested in learning about tea-making methods while enjoying the landscapes of the central highlands.",Bluefield Tea Company,British colonial tea plantation era,Important tea estate showcasing traditional Ceylon tea production.,"Tea factory tour, tea tasting, plantation walks, mountain views.",8:00 AM–5:00 PM,1–2 hours,Free / Donation,January–April; morning,"Ramboda Falls, Ramboda Tunnel, Nuwara Eliya, Kotmale Reservoir, Mackwoods Tea Centre","Ramboda Falls Hotel, Grand Hotel Nuwara Eliya, Jetwing St Andrew’s, Araliya Green City, Heritance Tea Factory","Bluefield café, Ramboda restaurants, Nuwara Eliya cafes, hotel restaurants, local eateries",
376,Ramboda Tunnel,Railway Heritage Site,Central Province – Nuwara Eliya District,"7.1333° N, 80.7000° E","Ramboda Tunnel is a historic railway tunnel located along Sri Lanka's Main Railway Line near Nuwara Eliya. Surrounded by misty mountains and tea plantations, it is one of the notable engineering features of the hill country railway.","Ramboda Tunnel was constructed during the British colonial period as part of the expansion of the railway network into Sri Lanka's central highlands. Built to overcome the challenging mountainous terrain, it helped connect tea-growing regions with Colombo for transportation and export. Today, it remains an important part of Sri Lanka's scenic railway journey.",British colonial railway engineers,Opened 1920s,Historic railway tunnel representing Sri Lanka’s colonial railway heritage.,"Railway photography, engineering structure, mountain scenery.",Railway operating area,20–30 minutes,Free,January–April; morning,"Ramboda Falls, Bluefield Tea Gardens, Mackwoods Tea Centre, Kotmale Reservoir, Nuwara Eliya","Ramboda Falls Hotel, Grand Hotel, Jetwing St Andrew’s, Araliya Green City, Heritance Tea Factory","Ramboda restaurants, tea cafes, Nuwara Eliya restaurants, hotel dining, local eateries",
377,Adisham Bungalow,Historical Building / Heritage Site,Uva Province – Badulla District,"6.7667° N, 81.0500° E","Adisham Bungalow is a beautiful stone mansion located near Haputale, surrounded by forests and gardens. Built in an English Tudor style, it is known for its architecture, peaceful atmosphere, and religious heritage.","Adisham Bungalow was built in 1931 by Sir Thomas Lister Villiers, a British tea planter and former civil servant. After changing ownership, the property was purchased by Benedictine monks in 1961 and converted into a monastery. Today, it is maintained as a religious retreat and heritage attraction open to visitors.",Sir Thomas Lister Villiers,Built in 1931 AD,Historic Benedictine monastery and colonial mansion showcasing British architecture.,"Tudor-style building, gardens, library, fruit orchards.",9:00 AM–4:30 PM,1–2 hours,Approx. USD 5,January–April; morning,"Haputale, Lipton’s Seat, Diyaluma Falls, Horton Plains, Ella","Melheim Resort, Jetwing Kaduruketha, Grand Ella Motel, Ella hotels, Haputale guesthouses","Ella restaurants, Cafe Chill, local cafes, hotel restaurants, Haputale eateries",
378,Namunukula Mountain,Mountain,Uva Province – Badulla District,"6.9000° N, 81.1167° E","Namunukula Mountain is a famous mountain range in Sri Lanka's Uva Province, with its highest peak reaching approximately 2,036 meters. It is known for its panoramic views, cloud forests, and scenic hiking trails.","Namunukula has been an important natural landmark for communities in the Uva region for centuries. Its name means ""nine peaks,"" referring to the mountain range's distinctive formation. The area played a role in traditional livelihoods and later became popular among explorers and nature enthusiasts due to its unique landscapes and biodiversity.",Natural mountain formation,Geological formation,Sacred and scenic mountain range important in Uva’s natural heritage.,"Hiking, viewpoints, forests, sunrise scenery.",Daylight hours,4–6 hours,Free / Guide recommended,January–April; morning,"Badulla, Dunhinda Falls, Ella, Demodara, Bogoda Bridge","98 Acres Resort, Jetwing Kaduruketha, Ella hotels, Badulla hotels, guesthouses","Ella restaurants, Badulla restaurants, cafes, hotel restaurants, local eateries",
379,Seethawaka Wet Zone Botanical Gardens,Botanical Garden,Western Province – Colombo District,"6.9500° N, 80.1667° E","Seethawaka Wet Zone Botanical Gardens is a modern botanical garden located in Avissawella, dedicated to conserving wet-zone plant species and providing a scenic recreational environment. It is known for its streams, forests, and diverse plant collections.","The garden was established in 2014 on land previously used for plantation purposes as part of Sri Lanka's efforts to expand botanical conservation. It focuses on protecting wet-zone flora, including endemic and threatened plant species. Today, it serves as an educational center and popular nature destination near Colombo.",Government of Sri Lanka,Opened 2014 AD,Botanical garden conserving wet-zone plants and promoting environmental education.,"Flower gardens, walking trails, viewpoints, lake, photography.",7:30 AM–5:00 PM,2–4 hours,Approx. USD 5–10,December–April; morning,"Seethawaka Kingdom, Avissawella, Bopath Ella, Makandawa Forest, Kitulgala","Seethawaka Regency, Avissawella hotels, Colombo hotels, local guesthouses, eco lodges","Avissawella restaurants, Colombo restaurants, cafes, hotel dining, local eateries",
380,Kitulgala Rainforest,Rainforest / Nature Reserve,Sabaragamuwa Province – Kegalle District,"6.9833° N, 80.4167° E","Kitulgala Rainforest is a lush tropical rainforest region located along the Kelani River, famous for biodiversity, adventure tourism, and its connection to prehistoric and ecological studies.","Kitulgala's forests have long been important as part of Sri Lanka's wet-zone ecosystem, supporting rich plant and animal diversity. The area gained international attention when the 1957 Oscar-winning film The Bridge on the River Kwai was filmed nearby. Today, Kitulgala is a major eco-tourism destination known for rainforest trekking, birdwatching, and outdoor activities.",Department of Forest Conservation,Protected rainforest ecosystem,Important biodiversity area famous for endemic species and adventure tourism.,"Jungle trekking, birds, waterfalls, rafting, caves.",7:00 AM–5:00 PM,3–5 hours,Approx. USD 5–10,January–April; morning,"Belilena Cave, Kelani River, White Water Rafting, Makandawa Forest, Bopath Ella","Rafters Retreat, Palmstone Retreat, Kitulgala Plantation Hotel, Borderlands, eco lodges","Kitulgala restaurants, rafting camps, hotel restaurants, cafes, village eateries",
381,Ratnapura Gem Mines Area,Mining Heritage Site / Cultural Attraction,Sabaragamuwa Province – Ratnapura District,"6.6833° N, 80.4000° E","Ratnapura Gem Mines Area is one of Sri Lanka's most famous gemstone-producing regions, known worldwide for sapphires, rubies, and other precious stones. The city is often called the ""City of Gems.""","Gem mining in Ratnapura dates back over 2,000 years, with references to Sri Lankan gemstones appearing in ancient trade records. The region became internationally famous for its high-quality blue sapphires and other valuable stones exported across the world. Traditional mining methods continue alongside modern techniques, making Ratnapura a significant center of Sri Lanka's gem industry.",Traditional gem mining communities,"Ancient industry; documented for over 2,000 years",Famous gemstone region known as the “City of Gems” in Sri Lanka.,"Gem mines, sapphire demonstrations, gem museums, markets.",8:00 AM–5:00 PM,2–4 hours,Mine tours vary (approx. USD 5–20),January–April; morning,"Gem Museum, Sinharaja Forest, Bopath Ella, Maha Saman Devalaya, Udawalawe","Ratnaloka Tour Inns, Sapphire Holiday Resort, Centauria Hill Resort, Hotel Gem Land, local hotels","Ratnapura restaurants, gem city cafes, hotel restaurants, local eateries, bakeries",